episode,scenario_idx,scenario_sos,scenario_cost,action_mode,reward,steps,done,terminated,truncated,dead_end,makespan,done_ops,epsilon,loss,replay_size
0,0,14,7433,op,-11.205332671913007,115,True,False,False,True,895.0,115,0.999,,115
1,0,14,7433,op,-11.20944012477994,117,True,False,False,True,896.0,117,0.998001,,232
2,0,14,7433,op,-11.211667566125591,119,True,False,False,True,873.0,119,0.997002999,,351
3,0,14,7433,op,8.547683414071798,120,True,True,False,False,866.0,120,0.996005996001,,471
4,0,14,7433,op,8.543453129939735,120,True,True,False,False,879.0,120,0.995009990004999,,591
5,0,14,7433,op,-11.19788404678305,110,True,False,False,True,892.0,110,0.994014980014994,,701
6,0,14,7433,op,8.542568231001496,120,True,True,False,False,881.0,120,0.993020965034979,,821
7,0,14,7433,op,-11.201079149047533,112,True,False,False,True,893.0,112,0.9920279440699441,,933
8,0,14,7433,op,8.543785176239908,120,True,True,False,False,876.0,120,0.9910359161258742,0.07295447587966919,1053
9,0,14,7433,op,-11.191383268187444,106,True,False,False,True,894.0,106,0.9900448802097482,0.07464834302663803,1159
10,0,14,7433,op,-11.189688948914409,105,True,False,False,True,893.0,105,0.9890548353295385,0.07337425649166107,1264
11,0,14,7433,op,-11.191493856223921,106,True,False,False,True,898.0,106,0.988065780494209,0.22330428659915924,1370
12,0,14,7433,op,-11.209301890432835,117,True,False,False,True,900.0,117,0.9870777147137147,0.00474096555262804,1487
13,0,14,7433,op,8.567754779942334,120,True,True,False,False,800.0,120,0.986090636999001,0.2853507101535797,1607
14,0,14,7433,op,-11.21241404445221,119,True,False,False,True,897.0,119,0.9851045463620021,0.011938100680708885,1726
15,0,14,7433,op,-11.201383262189726,112,True,False,False,True,894.0,112,0.98411944181564,0.16028539836406708,1838
16,0,14,7433,op,-11.202939344321688,113,True,False,False,True,890.0,113,0.9831353223738244,0.1359725296497345,1951
17,0,14,7433,op,-11.202607581143578,113,True,False,False,True,887.0,113,0.9821521870514506,0.1381550133228302,2064
18,0,14,7433,op,8.549978115595877,120,True,True,False,False,856.0,120,0.9811700348643991,0.06792139261960983,2184
19,0,14,7433,op,8.537121861241758,120,True,True,False,False,900.0,120,0.9801888648295347,0.025589443743228912,2304
20,0,14,7433,op,-11.204606012627483,114,True,False,False,True,890.0,114,0.9792086759647052,0.12896767258644104,2418
21,0,14,7433,op,-11.186272678027551,103,True,False,False,True,900.0,103,0.9782294672887405,0.08539112657308578,2521
22,0,14,7433,op,-11.204301890172065,114,True,False,False,True,887.0,114,0.9772512378214517,0.12720492482185364,2635
23,0,14,7433,op,8.536900871433318,120,True,True,False,False,898.0,120,0.9762739865836303,0.1488378494977951,2755
24,0,14,7433,op,-11.19985483661294,111,True,False,False,True,899.0,111,0.9752977125970467,0.03448481112718582,2866
25,0,14,7433,op,-11.190885617832343,106,True,False,False,True,876.0,106,0.9743224148844496,0.14287331700325012,2972
26,0,14,7433,op,-11.173215815176567,95,True,False,False,True,900.0,95,0.9733480924695651,0.16130733489990234,3067
27,0,14,7433,op,8.557774867862463,120,True,True,False,False,833.0,120,0.9723747443770956,0.040314216166734695,3187
28,0,14,7433,op,-11.204384828172625,114,True,False,False,True,891.0,114,0.9714023696327185,0.06017602980136871,3301
29,0,14,7433,op,-11.205609142469863,115,True,False,False,True,879.0,115,0.9704309672630859,0.085691437125206,3416
30,0,14,7433,op,-11.199827184714376,111,True,False,False,True,898.0,111,0.9694605362958227,0.057905375957489014,3527
31,0,14,7433,op,-11.206189734550813,115,True,False,False,True,887.0,115,0.9684910757595269,0.09528695046901703,3642
32,0,14,7433,op,-11.19599620612959,109,True,False,False,True,892.0,109,0.9675225846837673,0.14144223928451538,3751
33,0,14,7433,op,-11.202690521938106,113,True,False,False,True,881.0,113,0.9665550620990835,0.14867648482322693,3864
34,0,14,7433,op,-11.181355618561307,100,True,False,False,True,894.0,100,0.9655885070369844,0.1560414731502533,3964
35,0,14,7433,op,8.543453127145767,120,True,True,False,False,879.0,120,0.9646229185299474,0.15217289328575134,4084
36,0,14,7433,op,-11.213022284706433,119,True,False,False,True,893.0,119,0.9636582956114175,0.09852373600006104,4203
37,0,14,7433,op,-11.212579926972587,119,True,False,False,True,891.0,119,0.9626946373158061,0.19475150108337402,4322
38,0,14,7433,op,-11.211639921677609,119,True,False,False,True,883.0,119,0.9617319426784903,0.15537860989570618,4441
39,0,14,7433,op,8.557967634871602,120,True,True,False,False,831.0,120,0.9607702107358118,0.17418824136257172,4561
40,0,14,7433,op,-11.205913260268668,115,True,False,False,True,885.0,115,0.959809440525076,0.12422052770853043,4676
41,0,14,7433,op,-11.20755228040119,116,True,False,False,True,898.0,116,0.9588496310845509,0.29421600699424744,4792
42,0,14,7433,op,-11.194827185384929,108,True,False,False,True,898.0,108,0.9578907814534664,0.15426917374134064,4900
43,0,14,7433,op,8.549978021532297,120,True,True,False,False,857.0,120,0.9569328906720129,0.01412929780781269,5020
44,0,14,7433,op,-11.196106794166068,109,True,False,False,True,900.0,109,0.9559759577813409,0.019072985276579857,5129
45,0,14,7433,op,-11.182828754310806,101,True,False,False,True,887.0,101,0.9550199818235596,0.016783956438302994,5230
46,0,14,7433,op,-11.211438556263845,118,True,False,False,True,896.0,118,0.9540649618417361,0.014779744669795036,5348
47,0,14,7433,op,8.537813510745764,120,True,True,False,False,895.0,120,0.9531108968798944,0.15307362377643585,5468
48,0,14,7433,op,-11.197856406060358,110,True,False,False,True,888.0,110,0.9521577859830145,0.03445231169462204,5578
49,0,14,7433,op,-11.204357185587288,114,True,False,False,True,894.0,114,0.9512056281970315,0.01100274920463562,5692
50,0,14,7433,op,-11.196438558275501,109,True,False,False,True,896.0,109,0.9502544225688344,0.3390619456768036,5801
51,0,14,7433,op,-11.201217381531993,112,True,False,False,True,888.0,112,0.9493041681462656,0.3189343810081482,5913
52,0,14,7433,op,8.550503411330283,120,True,True,False,False,856.0,120,0.9483548639781193,0.18375584483146667,6033
53,0,14,7433,op,8.561423795297742,120,True,True,False,False,818.0,120,0.9474065091141411,0.11941005289554596,6153
54,0,14,7433,op,-11.200775026592115,112,True,False,False,True,892.0,112,0.946459102605027,0.19499093294143677,6265
55,0,14,7433,op,-11.202911693354448,113,True,False,False,True,891.0,113,0.9455126435024219,0.13725391030311584,6378
56,0,14,7433,op,-11.209716596268118,117,True,False,False,True,894.0,117,0.9445671308589195,0.17143754661083221,6495
57,0,14,7433,op,-11.190940910453598,106,True,False,False,True,889.0,106,0.9436225637280606,0.03316003084182739,6601
58,0,14,7433,op,-11.207635221195718,116,True,False,False,True,879.0,116,0.9426789411643326,0.0238273236900568,6717
59,0,14,7433,op,-11.210940910565357,118,True,False,False,True,890.0,118,0.9417362622231683,0.014191919937729836,6835
60,0,14,7433,op,-11.194854835420847,108,True,False,False,True,899.0,108,0.9407945259609451,0.1655435562133789,6943
61,0,14,7433,op,-11.211778157887359,119,True,False,False,True,886.0,119,0.9398537314349842,0.027288183569908142,7062
62,0,14,7433,op,-11.199467773362993,111,True,False,False,True,899.0,111,0.9389138777035492,0.022280097007751465,7173
63,0,14,7433,op,-11.194412476755678,108,True,False,False,True,900.0,108,0.9379749638258457,0.1847541630268097,7281
64,0,14,7433,op,-11.199329537153243,111,True,False,False,True,900.0,111,0.9370369888620198,0.04067828506231308,7392
65,0,14,7433,op,-11.210609143661957,118,True,False,False,True,868.0,118,0.9360999518731578,0.19915525615215302,7510
66,0,14,7433,op,-11.21110679122309,118,True,False,False,True,899.0,118,0.9351638519212846,0.1473592072725296,7628
67,0,14,7433,op,-11.206134440998236,115,True,False,False,True,885.0,115,0.9342286880693633,0.02435111813247204,7743
68,0,14,7433,op,-11.20763522212704,116,True,False,False,True,880.0,116,0.933294459381294,0.018458392471075058,7859
69,0,14,7433,op,8.575883002951741,120,True,True,False,False,770.0,120,0.9323611649219127,0.16953043639659882,7979
70,0,14,7433,op,-11.208527770452202,117,True,False,False,True,877.0,117,0.9314288037569908,0.34159159660339355,8096
71,0,14,7433,op,8.545692253857851,120,True,True,False,False,872.0,120,0.9304973749532338,0.030079610645771027,8216
72,0,14,7433,op,-11.211217384847503,118,True,False,False,True,895.0,118,0.9295668775782806,0.17175285518169403,8334
73,0,14,7433,op,-11.211245030226808,118,True,False,False,True,891.0,118,0.9286373107007023,0.0178762786090374,8452
74,0,14,7433,op,-11.209716595336795,117,True,False,False,True,894.0,117,0.9277086733900016,0.16570572555065155,8569
75,0,14,7433,op,-11.196051497819523,109,True,False,False,True,894.0,109,0.9267809647166116,0.3007577359676361,8678
76,0,14,7433,op,-11.206079149308303,115,True,False,False,True,895.0,115,0.925854183751895,0.17157554626464844,8793
77,0,14,7433,op,-11.204744245111943,114,True,False,False,True,898.0,114,0.9249283295681431,0.47609466314315796,8907
78,0,14,7433,op,-11.196493855553369,109,True,False,False,True,898.0,109,0.9240034012385749,0.18785925209522247,9016
79,0,14,7433,op,-11.210443260210257,118,True,False,False,True,886.0,118,0.9230793978373364,0.18295808136463165,9134
80,0,14,7433,op,-11.212884046634038,119,True,False,False,True,900.0,119,0.9221563184394991,0.3817577064037323,9253
81,0,14,7433,op,-11.204882481321693,114,True,False,False,True,900.0,114,0.9212341621210596,0.19771882891654968,9367
82,0,14,7433,op,-11.181106797109047,100,True,False,False,True,885.0,100,0.9203129279589385,0.023167988285422325,9467
83,0,14,7433,op,-11.196272675755123,109,True,False,False,True,895.0,109,0.9193926150309796,0.3577389717102051,9576
84,0,14,7433,op,8.54419997986406,120,True,True,False,False,875.0,120,0.9184732224159486,0.038224417716264725,9696
85,0,14,7433,op,-11.206245025309423,115,True,False,False,True,889.0,115,0.9175547491935327,0.19010110199451447,9811
86,0,14,7433,op,8.559516528621316,120,True,True,False,False,824.0,120,0.9166371944443392,0.18646281957626343,9931
87,0,14,7433,op,-11.17132797172914,94,True,False,False,True,892.0,94,0.9157205572498949,0.1815151870250702,10025
88,0,14,7433,op,-11.196438560138146,109,True,False,False,True,897.0,109,0.914804836692645,0.18360646069049835,10134
89,0,14,7433,op,-11.207496984985967,116,True,False,False,True,894.0,116,0.9138900318559524,0.20430991053581238,10250
90,0,14,7433,op,8.590287590399384,120,True,True,False,False,725.0,120,0.9129761418240965,0.17908771336078644,10370
91,0,14,7433,op,-11.188188170579572,104,True,False,False,True,899.0,104,0.9120631656822724,0.21889138221740723,10474
92,0,14,7433,op,-11.193188167115052,107,True,False,False,True,899.0,107,0.9111511025165902,0.15193314850330353,10581
93,0,14,7433,op,-11.194495418481528,108,True,False,False,True,892.0,108,0.9102399514140735,0.17432689666748047,10689
94,0,14,7433,op,-11.205830322268108,115,True,False,False,True,879.0,115,0.9093297114626595,0.03822433203458786,10804
95,0,14,7433,op,8.557856949977577,120,True,True,False,False,832.0,120,0.9084203817511969,0.015802744776010513,10924
96,0,14,7433,op,-11.192911700283487,107,True,False,False,True,899.0,107,0.9075119613694457,0.3401668071746826,11031
97,0,14,7433,op,8.538476274348795,120,True,True,False,False,893.0,120,0.9066044494080763,0.03452908992767334,11151
98,0,14,7433,op,8.551305366680026,120,True,True,False,False,854.0,120,0.9056978449586682,0.20190869271755219,11271
99,0,14,7433,op,-11.194744244590401,108,True,False,False,True,895.0,108,0.9047921471137096,0.17997746169567108,11379
100,0,14,7433,op,-11.189744247123599,105,True,False,False,True,895.0,105,0.9038873549665959,0.178079754114151,11484
101,0,14,7433,op,-11.18321581662943,101,True,False,False,True,900.0,101,0.9029834676116293,0.04286365211009979,11585
102,0,14,7433,op,-11.207662871231635,116,True,False,False,True,880.0,116,0.9020804841440176,0.047172605991363525,11701
103,0,14,7433,op,-11.198132874754569,110,True,False,False,True,897.0,110,0.9011784036598737,0.04277649521827698,11811
104,0,14,7433,op,-11.188105226991077,104,True,False,False,True,896.0,104,0.9002772252562138,0.16887451708316803,11915
105,0,14,7433,op,8.545885875821114,120,True,True,False,False,871.0,120,0.8993769480309576,0.1650540679693222,12035
106,0,14,7433,op,-11.209688952751458,117,True,False,False,True,893.0,117,0.8984775710829266,0.16571800410747528,12152
107,0,14,7433,op,-11.179716601222754,99,True,False,False,True,895.0,99,0.8975790935118436,0.05650567635893822,12251
108,0,14,7433,op,-11.209412479400635,117,True,False,False,True,896.0,117,0.8966815144183318,0.29695039987564087,12368
109,0,14,7433,op,-11.184412484616042,102,True,False,False,True,894.0,102,0.8957848329039134,0.18130916357040405,12470
110,0,14,7433,op,-11.208361883275211,117,True,False,False,True,881.0,117,0.8948890480710096,0.023514550179243088,12587
111,0,14,7433,op,-11.21227580824246,119,True,False,False,True,894.0,119,0.8939941590229386,0.11740920692682266,12706
112,0,14,7433,op,-11.201189734290043,112,True,False,False,True,887.0,112,0.8931001648639156,0.45604407787323,12818
113,0,14,7433,op,-11.19791169775029,110,True,False,False,True,899.0,110,0.8922070646990518,0.1835983693599701,12928
114,0,14,7433,op,-11.187745811914404,104,True,False,False,True,897.0,104,0.8913148576343527,0.16575901210308075,13032
115,0,14,7433,op,-11.207939343651136,116,True,False,False,True,890.0,116,0.8904235427767183,0.03429459035396576,13148
116,0,14,7433,op,-11.212856401254733,119,True,False,False,True,900.0,119,0.8895331192339416,0.024569178000092506,13267
117,0,14,7433,op,-11.204191298410297,114,True,False,False,True,892.0,114,0.8886435861147077,0.2965161204338074,13381
118,0,14,7433,op,-11.21152149985234,118,True,False,False,True,899.0,118,0.887754942528593,0.14761032164096832,13499
119,0,14,7433,op,-11.1881052279224,104,True,False,False,True,896.0,104,0.8868671875860644,0.027794381603598595,13603
120,0,14,7433,op,8.539803436025977,120,True,True,False,False,892.0,120,0.8859803203984784,0.14118632674217224,13723
121,0,14,7433,op,8.543840375728905,120,True,True,False,False,877.0,120,0.88509434007808,0.028221875429153442,13843
122,0,14,7433,op,-11.194771894626319,108,True,False,False,True,896.0,108,0.8842092457380019,0.17088474333286285,13951
123,0,14,7433,op,-11.206245025309423,115,True,False,False,True,890.0,115,0.8833250364922639,0.29710620641708374,14066
124,0,14,7433,op,-11.206272676276663,115,True,False,False,True,890.0,115,0.8824417114557717,0.02528439834713936,14181
125,0,14,7433,op,-11.209688955545426,117,True,False,False,True,896.0,117,0.8815592697443159,0.04921665042638779,14298
126,0,14,7433,op,-11.17632797198991,97,True,False,False,True,892.0,97,0.8806777104745716,0.41838040947914124,14395
127,0,14,7433,op,-11.207524635953208,116,True,False,False,True,882.0,116,0.8797970327640969,0.014545494690537453,14511
128,0,14,7433,op,-11.184412480890751,102,True,False,False,True,884.0,102,0.8789172357313328,0.02565712109208107,14613
129,0,14,7433,op,-11.206493853280941,115,True,False,False,True,898.0,115,0.8780383184956015,0.14778393507003784,14728
130,0,14,7433,op,-11.189412480220199,105,True,False,False,True,900.0,105,0.8771602801771059,0.04934224486351013,14833
131,0,14,7433,op,-11.192828754832346,107,True,False,False,True,887.0,107,0.8762831198969288,0.16894303262233734,14940
132,0,14,7433,op,-11.191106792042653,106,True,False,False,True,887.0,106,0.8754068367770318,0.12604695558547974,15046
133,0,14,7433,op,8.546162446029484,120,True,True,False,False,870.0,120,0.8745314299402548,0.13086706399917603,15166
134,0,14,7433,op,-11.187994637091954,104,True,False,False,True,896.0,104,0.8736568985103146,0.01672055572271347,15270
135,0,14,7433,op,-11.194578363001346,108,True,False,False,True,892.0,108,0.8727832416118043,0.12031902372837067,15378
136,0,14,7433,op,-11.201245026911298,112,True,False,False,True,900.0,112,0.8719104583701925,0.17417782545089722,15490
137,0,14,7433,op,-11.208188166034718,116,True,False,False,True,899.0,116,0.8710385479118223,0.16296285390853882,15606
138,0,14,7433,op,-11.204633658006788,114,True,False,False,True,891.0,114,0.8701675093639105,0.2582816779613495,15720
139,0,14,7433,op,-11.212801103976865,119,True,False,False,True,885.0,119,0.8692973418545467,0.08890710771083832,15839
140,0,14,7433,op,-11.207690518473585,116,True,False,False,True,884.0,116,0.8684280445126921,0.016379106789827347,15955
141,0,14,7433,op,-11.21260757887115,119,True,False,False,True,888.0,119,0.8675596164681794,0.1151442676782608,16074
142,0,14,7433,op,-11.179523067735136,99,True,False,False,True,900.0,99,0.8666920568517111,0.08613249659538269,16173
143,0,14,7433,op,-11.21080267156164,118,True,False,False,True,873.0,118,0.8658253647948594,0.04178468510508537,16291
144,0,14,7433,op,-11.20277345807602,113,True,False,False,True,892.0,113,0.8649595394300645,0.060742564499378204,16404
145,0,14,7433,op,-11.185968559297423,103,True,False,False,True,899.0,103,0.8640945798906344,0.19366846978664398,16507
146,0,14,7433,op,-11.210968552219372,118,True,False,False,True,879.0,118,0.8632304853107438,0.16693350672721863,16625
147,0,14,7433,op,-11.188215814096232,104,True,False,False,True,900.0,104,0.862367254825433,0.09435980021953583,16729
148,0,14,7433,op,8.602341792546213,120,True,True,False,False,684.0,120,0.8615048875706075,0.018018918111920357,16849
149,0,14,7433,op,-11.209779731060069,118,True,False,False,True,867.0,118,0.8606433826830369,0.36883652210235596,16967
150,0,14,7433,op,8.544033816084266,120,True,True,False,False,878.0,120,0.8597827393003539,0.036253463476896286,17087
151,0,14,7433,op,-11.1924969860663,107,True,False,False,True,898.0,107,0.8589229565610536,0.16162900626659393,17194
152,0,14,7433,op,-11.19427424147725,108,True,False,False,True,898.0,108,0.8580640336044925,0.024535322561860085,17302
153,0,14,7433,op,-11.211134437533717,118,True,False,False,True,885.0,118,0.857205969570888,0.09587384760379791,17420
154,0,14,7433,op,-11.20982718616724,117,True,False,False,True,898.0,117,0.8563487636013172,0.21009452641010284,17537
155,0,14,7433,op,-11.198022286718091,110,True,False,False,True,893.0,110,0.8554924148377159,0.21070444583892822,17647
156,0,14,7433,op,-11.200940909112493,112,True,False,False,True,898.0,112,0.8546369224228781,0.12321996688842773,17759
157,0,14,7433,op,-11.204357181861997,114,True,False,False,True,893.0,114,0.8537822855004553,0.08465556055307388,17873
158,0,14,7433,op,-11.209384832158685,117,True,False,False,True,884.0,117,0.8529285032149548,0.02630956843495369,17990
159,0,14,7433,op,8.5475721526891,120,True,True,False,False,863.0,120,0.8520755747117399,0.39114344120025635,18110
160,0,14,7433,op,-11.206272678139308,115,True,False,False,True,890.0,115,0.8512234991370281,0.1353205293416977,18225
161,0,14,7433,op,-11.199661301262676,111,True,False,False,True,892.0,111,0.8503722756378911,0.09327767044305801,18336
162,0,14,7433,op,-11.20410835389048,114,True,False,False,True,893.0,114,0.8495219033622532,0.09521783888339996,18450
163,0,14,7433,op,-11.169688953459262,93,True,False,False,True,898.0,93,0.8486723814588909,0.07405164837837219,18543
164,0,14,7433,op,-11.21244169169416,119,True,False,False,True,897.0,119,0.847823709077432,0.034664757549762726,18662
165,0,14,7433,op,8.544033817015588,120,True,True,False,False,878.0,120,0.8469758853683546,0.08570744097232819,18782
166,0,14,7433,op,8.552244978025556,120,True,True,False,False,848.0,120,0.8461289094829862,0.16954681277275085,18902
167,0,14,7433,op,8.541158896870911,120,True,True,False,False,884.0,120,0.8452827805735033,0.03827885538339615,19022
168,0,14,7433,op,-11.18316052214553,101,True,False,False,True,900.0,101,0.8444374977929298,0.04850973188877106,19123
169,0,14,7433,op,-11.186549149515729,103,True,False,False,True,900.0,103,0.8435930602951368,0.03490394353866577,19226
170,0,14,7433,op,8.560843016952276,120,True,True,False,False,820.0,120,0.8427494672348417,0.07220511883497238,19346
171,0,14,7433,op,-11.203160521325966,113,True,False,False,True,898.0,113,0.8419067177676068,0.08870626986026764,19459
172,0,14,7433,op,-11.184440125338734,102,True,False,False,True,899.0,102,0.8410648110498392,0.04871729761362076,19561
173,0,14,7433,op,-11.213132871811588,119,True,False,False,True,897.0,119,0.8402237462387894,0.10956232994794846,19680
174,0,14,7433,op,-11.212828752150138,119,True,False,False,True,886.0,119,0.8393835224925505,0.031385742127895355,19799
175,0,14,7433,op,-11.194578360207379,108,True,False,False,True,889.0,108,0.838544138970058,0.04934297874569893,19907
176,0,14,7433,op,-11.210111494238179,118,True,False,False,True,878.0,118,0.8377055948310879,0.04884137213230133,20025
177,0,14,7433,op,-11.210996206911902,118,True,False,False,True,900.0,118,0.8368678892362568,0.06445340812206268,20143
178,0,14,7433,op,-11.209523068368435,117,True,False,False,True,887.0,117,0.8360310213470206,0.02542044036090374,20260
179,0,14,7433,op,8.558188810013235,120,True,True,False,False,831.0,120,0.8351949903256736,0.030584421008825302,20380
180,0,14,7433,op,-11.206521504248181,115,True,False,False,True,899.0,115,0.8343597953353479,0.11631368845701218,20495
181,0,14,7433,op,-11.190940914178888,106,True,False,False,True,890.0,106,0.8335254355400126,0.057697683572769165,20601
182,0,14,7433,op,-11.207884048235913,116,True,False,False,True,893.0,116,0.8326919101044725,0.08545124530792236,20717
183,0,14,7433,op,-11.199827187508344,111,True,False,False,True,899.0,111,0.831859218194368,0.037908896803855896,20828
184,0,14,7433,op,-11.193132874493797,107,True,False,False,True,897.0,107,0.8310273589761736,0.08135192096233368,20935
185,0,14,7433,op,-11.21313287274291,119,True,False,False,True,897.0,119,0.8301963316171974,0.04096350818872452,21054
186,0,14,7433,op,-11.19088561317573,106,True,False,False,True,898.0,106,0.8293661352855802,0.028557471930980682,21160
187,0,14,7433,op,-11.212358748105665,119,True,False,False,True,889.0,119,0.8285367691502946,0.17050644755363464,21279
188,0,14,7433,op,-11.194799540936947,108,True,False,False,True,900.0,108,0.8277082323811443,0.03123915195465088,21387
189,0,14,7433,op,-11.189688952639699,105,True,False,False,True,893.0,105,0.8268805241487632,0.04290672019124031,21492
190,0,14,7433,op,-11.193132873562474,107,True,False,False,True,897.0,107,0.8260536436246144,0.036767713725566864,21599
191,0,14,7433,op,-11.207469339606662,116,True,False,False,True,890.0,116,0.8252275899809898,0.17094631493091583,21715
192,0,14,7433,op,8.568667421117425,120,True,True,False,False,797.0,120,0.8244023623910088,0.027660109102725983,21835
193,0,14,7433,op,-11.199163655564188,111,True,False,False,True,899.0,111,0.8235779600286178,0.04600680619478226,21946
194,0,14,7433,op,-11.201383264052371,112,True,False,False,True,896.0,112,0.8227543820685892,0.1713598668575287,22058
195,0,14,7433,op,8.550392818637192,120,True,True,False,False,856.0,120,0.8219316276865206,0.155594140291214,22178
196,0,14,7433,op,-11.199191300943493,111,True,False,False,True,896.0,111,0.8211096960588341,0.17172232270240784,22289
197,0,14,7433,op,-11.167607576524217,92,True,False,False,True,898.0,92,0.8202885863627752,0.034826990216970444,22381
198,0,14,7433,op,-11.161493857453268,88,True,False,False,True,898.0,88,0.8194682977764125,0.02357684262096882,22469
199,0,14,7433,op,-11.211805807923277,119,True,False,False,True,880.0,119,0.818648829478636,0.029628882184624672,22588
200,0,14,7433,op,-11.212856399392088,119,True,False,False,True,887.0,119,0.8178301806491574,0.022359933704137802,22707
201,0,14,7433,op,-11.171466209801535,94,True,False,False,True,897.0,94,0.8170123504685082,0.037427157163619995,22801
202,0,14,7433,op,-11.198188163650533,110,True,False,False,True,900.0,110,0.8161953381180397,0.16532345116138458,22911
203,0,14,7433,op,-11.209246593154967,117,True,False,False,True,878.0,117,0.8153791427799216,0.029445204883813858,23028
204,0,14,7433,op,-11.179744247533382,99,True,False,False,True,895.0,99,0.8145637636371417,0.020486295223236084,23127
205,0,14,7433,op,8.559405941516161,120,True,True,False,False,824.0,120,0.8137491998735046,0.03413565456867218,23247
206,0,14,7433,op,-11.201245030636588,112,True,False,False,True,898.0,112,0.812935450673631,0.019227005541324615,23359
207,0,14,7433,op,-11.176106794985632,97,True,False,False,True,898.0,97,0.8121225152229574,0.15776915848255157,23456
208,0,14,7433,op,-11.207579926711817,116,True,False,False,True,878.0,116,0.8113103927077344,0.018566887825727463,23572
209,0,14,7433,op,8.537121864035726,120,True,True,False,False,900.0,120,0.8104990823150267,0.02607126161456108,23692
210,0,14,7433,op,-11.201410910362998,112,True,False,False,True,895.0,112,0.8096885832327116,0.018278099596500397,23804
211,0,14,7433,op,-11.189688952639699,105,True,False,False,True,900.0,105,0.8088788946494789,0.03325793892145157,23909
212,0,14,7433,op,-11.182718166274329,101,True,False,False,True,888.0,101,0.8080700157548294,0.1671411246061325,24010
213,0,14,7433,op,-11.204053065925837,114,True,False,False,True,899.0,114,0.8072619457390746,0.1530587077140808,24124
214,0,14,7433,op,-11.166245035330455,91,True,False,False,True,889.0,91,0.8064546837933355,0.024414435029029846,24215
215,0,14,7433,op,-11.210553852903347,118,True,False,False,True,864.0,118,0.8056482291095421,0.027033254504203796,24333
216,0,14,7433,op,-11.20960600450635,117,True,False,False,True,890.0,117,0.8048425808804326,0.020572200417518616,24450
217,0,14,7433,op,-11.19607914413015,109,True,False,False,True,895.0,109,0.8040377382995522,0.01960490085184574,24559
218,0,14,7433,op,-11.192220511784155,107,True,False,False,True,900.0,107,0.8032337005612527,0.15323513746261597,24666
219,0,14,7433,op,-11.191272676425676,106,True,False,False,True,890.0,106,0.8024304668606914,0.015784550458192825,24772
220,0,14,7433,op,8.536624307744205,120,True,True,False,False,899.0,120,0.8016280363938307,0.3204857110977173,24892
221,0,14,7433,op,-11.192801110384364,107,True,False,False,True,892.0,107,0.8008264083574369,0.02398652210831642,24999
222,0,14,7433,op,-11.210609138074021,118,True,False,False,True,875.0,118,0.8000255819490795,0.02111980691552162,25117
223,0,14,7433,op,-11.208748945593834,117,True,False,False,True,887.0,117,0.7992255563671304,0.018294844776391983,25234
224,0,14,7433,op,-11.199799543060362,111,True,False,False,True,897.0,111,0.7984263308107633,0.013147033751010895,25345
225,0,14,7433,op,-11.201023852700988,112,True,False,False,True,897.0,112,0.7976279044799526,0.17183855175971985,25457
226,0,14,7433,op,-11.187828757365544,104,True,False,False,True,890.0,104,0.7968302765754727,0.01809866353869438,25561
227,0,14,7433,op,-11.189799536950886,105,True,False,False,True,899.0,105,0.7960334462988972,0.020950032398104668,25666
228,0,14,7433,op,8.538448629900813,120,True,True,False,False,893.0,120,0.7952374128525983,0.016224365681409836,25786
229,0,14,7433,op,-11.181106796177724,100,True,False,False,True,891.0,100,0.7944421754397457,0.016959762200713158,25886
230,0,14,7433,op,-11.203105224048098,113,True,False,False,True,899.0,113,0.7936477332643059,0.029792403802275658,25999
231,0,14,7433,op,-11.21135561640064,118,True,False,False,True,897.0,118,0.7928540855310416,0.1655791997909546,26117
232,0,14,7433,op,-11.201410911294321,112,True,False,False,True,897.0,112,0.7920612314455105,0.02922767400741577,26229
233,0,14,7433,op,-11.201023852700988,112,True,False,False,True,883.0,112,0.7912691702140651,0.01621057838201523,26341
234,0,14,7433,op,-11.191493852498631,106,True,False,False,True,898.0,106,0.790477901043851,0.015735618770122528,26447
235,0,14,7433,op,-11.193105227251847,107,True,False,False,True,896.0,107,0.7896874231428072,0.016048310324549675,26554
236,0,14,7433,op,-11.197801107851168,110,True,False,False,True,898.0,110,0.7888977357196644,0.1743285059928894,26664
237,0,14,7433,op,-11.201521499330799,112,True,False,False,True,899.0,112,0.7881088379839447,0.01661137491464615,26776
238,0,14,7433,op,-11.206805810456475,116,True,False,False,True,889.0,116,0.7873207291459607,0.01595289632678032,26892
239,0,14,7433,op,-11.202635223728915,113,True,False,False,True,879.0,113,0.7865334084168147,0.020711414515972137,27005
240,0,14,7433,op,-11.205719732368985,115,True,False,False,True,895.0,115,0.7857468750083979,0.01598137617111206,27120
241,0,14,7433,op,-11.211466207231085,118,True,False,False,True,897.0,118,0.7849611281333895,0.1702783703804016,27238
242,0,14,7433,op,-11.194550716690719,108,True,False,False,True,888.0,108,0.784176167005256,0.015243148431181908,27346
243,0,14,7433,op,-11.19988248758018,111,True,False,False,True,900.0,111,0.7833919908382508,0.02463405951857567,27457
244,0,14,7433,op,-11.204799540527166,114,True,False,False,True,897.0,114,0.7826085988474126,0.012577730230987072,27571
245,0,14,7433,op,-11.186327968786161,103,True,False,False,True,900.0,103,0.7818259902485653,0.019314834848046303,27674
246,0,14,7433,op,-11.207801106510063,116,True,False,False,True,885.0,116,0.7810441642583167,0.02751324139535427,27790
247,0,14,7433,op,-11.18482718858868,102,True,False,False,True,898.0,102,0.7802631200940584,0.16117767989635468,27892
248,0,14,7433,op,-11.209218951500953,117,True,False,False,True,899.0,117,0.7794828569739644,0.1692046970129013,28009
249,0,14,7433,op,-11.188132874233027,104,True,False,False,True,897.0,104,0.7787033741169904,0.01736046001315117,28113
250,0,14,7433,op,-11.19785640326639,110,True,False,False,True,888.0,110,0.7779246707428734,0.15795135498046875,28223
251,0,14,7433,op,-11.212303456415732,119,True,False,False,True,890.0,119,0.7771467460721305,0.022205224260687828,28342
252,0,14,7433,op,-11.20727581170698,116,True,False,False,True,892.0,116,0.7763695993260584,0.01965704932808876,28458
253,0,14,7433,op,-11.212082278480132,119,True,False,False,True,885.0,119,0.7755932297267324,0.019041787832975388,28577
254,0,14,7433,op,8.53856007847935,120,True,True,False,False,894.0,120,0.7748176364970056,0.016720307990908623,28697
255,0,14,7433,op,-11.192939338212211,107,True,False,False,True,890.0,107,0.7740428188605086,0.025894612073898315,28804
256,0,14,7433,op,-11.184467775374651,102,True,False,False,True,895.0,102,0.7732687760416481,0.309400349855423,28906
257,0,14,7433,op,8.539775791577995,120,True,True,False,False,892.0,120,0.7724955072656065,0.017452280968427658,29026
258,0,14,7433,op,-11.192801106659074,107,True,False,False,True,885.0,107,0.7717230117583408,0.02887236326932907,29133
259,0,14,7433,op,-11.197966992234191,110,True,False,False,True,895.0,110,0.7709512887465825,0.02095298282802105,29243
260,0,14,7433,op,-11.192994641078014,107,True,False,False,True,899.0,107,0.7701803374578359,0.011131077073514462,29350
261,0,14,7433,op,-11.191410914498071,106,True,False,False,True,895.0,106,0.7694101571203781,0.018566414713859558,29456
262,0,14,7433,op,-11.174523070268332,96,True,False,False,True,897.0,96,0.7686407469632577,0.023797865957021713,29552
263,0,14,7433,op,-11.199882481060921,111,True,False,False,True,900.0,111,0.7678721062162944,0.022035256028175354,29663
264,0,14,7433,op,-11.181466207529107,100,True,False,False,True,897.0,100,0.7671042341100781,0.01980026811361313,29763
265,0,14,7433,op,-11.210553848246734,118,True,False,False,True,900.0,118,0.766337129875968,0.02417193539440632,29881
266,0,14,7433,op,-11.209882477857173,117,True,False,False,True,900.0,117,0.7655707927460921,0.019863802939653397,29998
267,0,14,7433,op,-11.197801106919846,110,True,False,False,True,898.0,110,0.764805221953346,0.019849710166454315,30108
268,0,14,7433,op,-11.190747374172012,106,True,False,False,True,897.0,106,0.7640404167313927,0.027733204886317253,30214
269,0,14,7433,op,-11.194108360819518,108,True,False,False,True,884.0,108,0.7632763763146613,0.017441410571336746,30322
270,0,14,7433,op,-11.195940906057755,109,True,False,False,True,900.0,109,0.7625130999383466,0.016000783070921898,30431
271,0,14,7433,op,-11.198188168307146,110,True,False,False,True,899.0,110,0.7617505868384082,0.020996123552322388,30541
272,0,14,7433,op,-11.210857967908185,118,True,False,False,True,894.0,118,0.7609888362515699,0.02207343839108944,30659
273,0,14,7433,op,-11.20271815986683,113,True,False,False,True,887.0,113,0.7602278474153183,0.015370591543614864,30772
274,0,14,7433,op,-11.192801105727751,107,True,False,False,True,899.0,107,0.759467619567903,0.01823487877845764,30879
275,0,14,7433,op,8.556060271337628,120,True,True,False,False,838.0,120,0.7587081519483351,0.016109922900795937,30999
276,0,14,7433,op,-11.189744245260954,105,True,False,False,True,899.0,105,0.7579494437963867,0.012436009012162685,31104
277,0,14,7433,op,-11.202884047975143,113,True,False,False,True,888.0,113,0.7571914943525904,0.026128683239221573,31217
278,0,14,7433,op,-11.191134440215926,106,True,False,False,True,897.0,106,0.7564343028582378,0.015713216736912727,31323
279,0,14,7433,op,-11.20321581394722,113,True,False,False,True,900.0,113,0.7556778685553796,0.015987055376172066,31436
280,0,14,7433,op,-11.196549154693882,109,True,False,False,True,900.0,109,0.7549221906868242,0.021229084581136703,31545
281,0,14,7433,op,-11.191410911704104,106,True,False,False,True,900.0,106,0.7541672684961374,0.013634607195854187,31651
282,0,14,7433,op,-11.197552280810973,110,True,False,False,True,887.0,110,0.7534131012276413,0.16842812299728394,31761
283,0,14,7433,op,-11.17602385977904,97,True,False,False,True,881.0,97,0.7526596881264136,0.02086760476231575,31858
284,0,14,7433,op,-11.211079142118495,118,True,False,False,True,890.0,118,0.7519070284382872,0.013811320997774601,31976
285,0,14,7433,op,-11.189440122805536,105,True,False,False,True,891.0,105,0.7511551214098489,0.015350988134741783,32081
286,0,14,7433,op,8.542706375941634,120,True,True,False,False,882.0,120,0.750403966288439,0.031057897955179214,32201
287,0,14,7433,op,-11.196300322997073,109,True,False,False,True,891.0,109,0.7496535623221505,0.01411399245262146,32310
288,0,14,7433,op,-11.203105225910743,113,True,False,False,True,896.0,113,0.7489039087598284,0.030000757426023483,32423
289,0,14,7433,op,-11.20752463688453,116,True,False,False,True,898.0,116,0.7481550048510686,0.01898092031478882,32539
290,0,14,7433,op,-11.20468894969672,114,True,False,False,True,893.0,114,0.7474068498462175,0.016742181032896042,32653
291,0,14,7433,op,-11.182662873653074,101,True,False,False,True,895.0,101,0.7466594429963713,0.015442095696926117,32754
292,0,14,7433,op,-11.19318816990902,107,True,False,False,True,899.0,107,0.745912783553375,0.022299572825431824,32861
293,0,14,7433,op,-11.206355616139868,115,True,False,False,True,893.0,115,0.7451668707698216,0.16841420531272888,32976
294,0,14,7433,op,-11.19580267543594,109,True,False,False,True,899.0,109,0.7444217038990517,0.16930007934570312,33085
295,0,14,7433,op,-11.192635224138696,107,True,False,False,True,899.0,107,0.7436772821951526,0.01967369206249714,33192
296,0,14,7433,op,-11.176493856372932,97,True,False,False,True,898.0,97,0.7429336049129575,0.021436447277665138,33289
297,0,14,7433,op,-11.204827188700438,114,True,False,False,True,898.0,114,0.7421906713080445,0.040502600371837616,33403
298,0,14,7433,op,-11.1941360052675,108,True,False,False,True,891.0,108,0.7414484806367364,0.018111415207386017,33511
299,0,14,7433,op,-11.211474037294586,119,True,False,False,True,877.0,119,0.7407070321560997,0.02260579541325569,33630
300,0,14,7433,op,-11.201217385257284,112,True,False,False,True,898.0,112,0.7399663251239436,0.024887584149837494,33742
301,0,14,7433,op,-11.212939342980583,119,True,False,False,True,890.0,119,0.7392263587988196,0.1668611466884613,33861
302,0,14,7433,op,-11.190747377897303,106,True,False,False,True,900.0,106,0.7384871324400207,0.02226296253502369,33967
303,0,14,7433,op,-11.187994638023277,104,True,False,False,True,892.0,104,0.7377486453075807,0.1743670254945755,34071
304,0,14,7433,op,-11.19299463921537,107,True,False,False,True,898.0,107,0.737010896662273,0.016079265624284744,34178
305,0,14,7433,op,8.547489975579083,120,True,True,False,False,865.0,120,0.7362738857656108,0.01958751305937767,34298
306,0,14,7433,op,-11.184495427273214,102,True,False,False,True,898.0,102,0.7355376118798452,0.0540425144135952,34400
307,0,14,7433,op,-11.196106793234746,109,True,False,False,True,895.0,109,0.7348020742679654,0.022982651367783546,34509
308,0,14,7433,op,-11.184771895967424,102,True,False,False,True,900.0,102,0.7340672721936974,0.0324566587805748,34611
309,0,14,7433,op,-11.205581495227912,115,True,False,False,True,898.0,115,0.7333332049215037,0.017360705882310867,34726
310,0,14,7433,op,-11.20277345807602,113,True,False,False,True,898.0,113,0.7325998717165821,0.1701628565788269,34839
311,0,14,7433,op,-11.203077575874826,113,True,False,False,True,895.0,113,0.7318672718448656,0.025541294366121292,34952
312,0,14,7433,op,-11.199744247645139,111,True,False,False,True,895.0,111,0.7311354045730207,0.17257662117481232,35063
313,0,14,7433,op,-11.205940910304586,115,True,False,False,True,899.0,115,0.7304042691684477,0.029469920322299004,35178
314,0,14,7433,op,-11.199550715088844,111,True,False,False,True,888.0,111,0.7296738648992792,0.022773467004299164,35289
315,0,14,7433,op,-11.188215817821522,104,True,False,False,True,900.0,104,0.7289441910343799,0.014876112341880798,35393
316,0,14,7433,op,-11.199827188439667,111,True,False,False,True,898.0,111,0.7282152468433455,0.015882253646850586,35504
317,0,14,7433,op,-11.203160520394643,113,True,False,False,True,898.0,113,0.7274870315965022,0.029649393633008003,35617
318,0,14,7433,op,-11.198160521065196,110,True,False,False,True,898.0,110,0.7267595445649057,0.013795369304716587,35727
319,0,14,7433,op,-11.198132871029278,110,True,False,False,True,897.0,110,0.7260327850203407,0.03480466082692146,35837
320,0,14,7433,op,-11.20238639668872,113,True,False,False,True,890.0,113,0.7253067522353204,0.01845596544444561,35950
321,0,14,7433,op,-11.203160516669353,113,True,False,False,True,898.0,113,0.724581445483085,0.013995260931551456,36063
322,0,14,7433,op,-11.187966992643972,104,True,False,False,True,891.0,104,0.723856864037602,0.02005777135491371,36167
323,0,14,7433,op,-11.203555415570737,114,True,False,False,True,888.0,114,0.7231330071735643,0.0224214605987072,36281
324,0,14,7433,op,-11.195996204266946,109,True,False,False,True,893.0,109,0.7224098741663908,0.02533905766904354,36390
325,0,14,7433,op,-11.191300326461594,106,True,False,False,True,891.0,106,0.7216874642922244,0.025137709453701973,36496
326,0,14,7433,op,-11.189274243079126,105,True,False,False,True,893.0,105,0.7209657768279322,0.014584665186703205,36601
327,0,14,7433,op,-11.207248161671062,116,True,False,False,True,891.0,116,0.7202448110511043,0.018794994801282883,36717
328,0,14,7433,op,-11.187828757365544,104,True,False,False,True,893.0,104,0.7195245662400531,0.02442891150712967,36821
329,0,14,7433,op,-11.196162085856,109,True,False,False,True,887.0,109,0.7188050416738131,0.03678368777036667,36930
330,0,14,7433,op,-11.201383265915016,112,True,False,False,True,894.0,112,0.7180862366321393,0.019039660692214966,37042
331,0,14,7433,op,-11.207496984054645,116,True,False,False,True,894.0,116,0.7173681503955072,0.02160002291202545,37158
332,0,14,7433,op,-11.207966988099118,116,True,False,False,True,893.0,116,0.7166507822451117,0.024029800668358803,37274
333,0,14,7433,op,-11.199854835681617,111,True,False,False,True,900.0,111,0.7159341314628666,0.02782147005200386,37385
334,0,14,7433,op,-11.212441693556805,119,True,False,False,True,872.0,119,0.7152181973314037,0.16747482120990753,37504
335,0,14,7433,op,-11.210747378940384,118,True,False,False,True,891.0,118,0.7145029791340722,0.028440145775675774,37622
336,0,14,7433,op,-11.202911695217093,113,True,False,False,True,893.0,113,0.7137884761549381,0.022172149270772934,37735
337,0,14,7433,op,-11.20794717464596,117,True,False,False,True,863.0,117,0.7130746876787832,0.020690251141786575,37852
338,0,14,7433,op,-11.187690518361826,104,True,False,False,True,898.0,104,0.7123616129911045,0.024621233344078064,37956
339,0,14,7433,op,-11.202994639736911,113,True,False,False,True,892.0,113,0.7116492513781133,0.01562817208468914,38069
340,0,14,7433,op,-11.201438559467594,112,True,False,False,True,896.0,112,0.7109376021267352,0.0173754021525383,38181
341,0,14,7433,op,-11.207635220264395,116,True,False,False,True,879.0,116,0.7102266645246085,0.03053983300924301,38297
342,0,14,7433,op,8.562889285385609,120,True,True,False,False,816.0,120,0.7095164378600839,0.027984455227851868,38417
343,0,14,7433,op,-11.198188167375823,110,True,False,False,True,899.0,110,0.7088069214222238,0.16295258700847626,38527
344,0,14,7433,op,-11.201134440737466,112,True,False,False,True,897.0,112,0.7080981145008015,0.024866780266165733,38639
345,0,14,7433,op,8.564492616802454,120,True,True,False,False,808.0,120,0.7073900163863007,0.024618664756417274,38759
346,0,14,7433,op,-11.200885614628593,112,True,False,False,True,886.0,112,0.7066826263699144,0.018852997571229935,38871
347,0,14,7433,op,8.562751235440373,120,True,True,False,False,814.0,120,0.7059759437435444,0.03379640728235245,38991
348,0,14,7433,op,-11.20755228040119,116,True,False,False,True,899.0,116,0.7052699677998009,0.030501611530780792,39107
349,0,14,7433,op,-11.210968555944662,118,True,False,False,True,879.0,118,0.704564697832001,0.016783496364951134,39225
350,0,14,7433,op,-11.20594090844194,115,True,False,False,True,900.0,115,0.7038601331341691,0.014941951259970665,39340
351,0,14,7433,op,-11.198132872891923,110,True,False,False,True,899.0,110,0.7031562730010349,0.022029070183634758,39450
352,0,14,7433,op,-11.202939339665075,113,True,False,False,True,890.0,113,0.7024531167280339,0.021274490281939507,39563
353,0,14,7433,op,-11.20233110220482,113,True,False,False,True,881.0,113,0.7017506636113059,0.029624175280332565,39676
354,0,14,7433,op,-11.20102385363231,112,True,False,False,True,892.0,112,0.7010489129476946,0.02081328071653843,39788
355,0,14,7433,op,-11.200940909112493,112,True,False,False,True,898.0,112,0.7003478640347469,0.17408864200115204,39900
356,0,14,7433,op,-11.202828755353888,113,True,False,False,True,897.0,113,0.6996475161707122,0.029113613069057465,40013
357,0,14,7433,op,-11.202911698942383,113,True,False,False,True,889.0,113,0.6989478686545415,0.02185661718249321,40126
358,0,14,7433,op,-11.195747374432782,109,True,False,False,True,891.0,109,0.698248920785887,0.02840043231844902,40235
359,0,14,7433,op,-11.202939342459043,113,True,False,False,True,890.0,113,0.6975506718651011,0.028775442391633987,40348
360,0,14,7433,op,-11.194827187247574,108,True,False,False,True,900.0,108,0.6968531211932361,0.1695731282234192,40456
361,0,14,7433,op,-11.20621738086144,115,True,False,False,True,888.0,115,0.6961562680720428,0.024578757584095,40571
362,0,14,7433,op,8.56609576009214,120,True,True,False,False,802.0,120,0.6954601118039707,0.0202176496386528,40691
363,0,14,7433,op,8.55708349775523,120,True,True,False,False,835.0,120,0.6947646516921667,0.1632712334394455,40811
364,0,14,7433,op,-11.210498549106221,118,True,False,False,True,899.0,118,0.6940698870404746,0.022158455103635788,40929
365,0,14,7433,op,-11.18146620846043,100,True,False,False,True,897.0,100,0.6933758171534341,0.17211417853832245,41029
366,0,14,7433,op,-11.20777345833679,116,True,False,False,True,884.0,116,0.6926824413362807,0.014103960245847702,41145
367,0,14,7433,op,-11.194716592691838,108,True,False,False,True,897.0,108,0.6919897588949444,0.1799134612083435,41253
368,0,14,7433,op,-11.20596855568389,115,True,False,False,True,897.0,115,0.6912977691360495,0.023419778794050217,41368
369,0,14,7433,op,-11.204606009833515,114,True,False,False,True,895.0,114,0.6906064713669134,0.028306037187576294,41482
370,0,14,7433,op,-11.201300324189166,112,True,False,False,True,891.0,112,0.6899158648955466,0.02193315327167511,41594
371,0,14,7433,op,-11.187939342608054,104,True,False,False,True,890.0,104,0.689225949030651,0.02851526252925396,41698
372,0,14,7433,op,8.591642005369067,120,True,True,False,False,718.0,120,0.6885367230816204,0.022409653291106224,41818
373,0,14,7433,op,-11.202994636942943,113,True,False,False,True,892.0,113,0.6878481863585387,0.17382751405239105,41931
374,0,14,7433,op,-11.197635226262113,110,True,False,False,True,895.0,110,0.6871603381721801,0.032690297812223434,42041
375,0,14,7433,op,-11.202801102524003,113,True,False,False,True,898.0,113,0.686473177834008,0.17060674726963043,42154
376,0,14,7433,op,-11.181106793383757,100,True,False,False,True,887.0,100,0.685786704656174,0.17066651582717896,42254
377,0,14,7433,op,8.572565262205899,120,True,True,False,False,781.0,120,0.6851009179515178,0.009673516266047955,42374
378,0,14,7433,op,-11.194771892763674,108,True,False,False,True,896.0,108,0.6844158170335664,0.04083508998155594,42482
379,0,14,7433,op,8.537011275999248,120,True,True,False,False,900.0,120,0.6837314012165328,0.024506080895662308,42602
380,0,14,7433,op,8.544144590385258,120,True,True,False,False,876.0,120,0.6830476698153162,0.015603959560394287,42722
381,0,14,7433,op,-11.204523067176343,114,True,False,False,True,889.0,114,0.6823646221455009,0.013933052308857441,42836
382,0,14,7433,op,-11.207966986236473,116,True,False,False,True,891.0,116,0.6816822575233553,0.16374720633029938,42952
383,0,14,7433,op,8.563193498179317,120,True,True,False,False,815.0,120,0.6810005752658319,0.021669790148735046,43072
384,0,14,7433,op,8.580915152095258,120,True,True,False,False,756.0,120,0.680319574690566,0.016454139724373817,43192
385,0,14,7433,op,8.554152150638402,120,True,True,False,False,843.0,120,0.6796392551158754,0.01004321314394474,43312
386,0,14,7433,op,-11.199467773362993,111,True,False,False,True,895.0,111,0.6789596158607596,0.025169607251882553,43423
387,0,14,7433,op,8.539858818985522,120,True,True,False,False,891.0,120,0.6782806562448989,0.015102675184607506,43543
388,0,14,7433,op,8.542070580646396,120,True,True,False,False,881.0,120,0.677602375588654,0.02157808281481266,43663
389,0,14,7433,op,-11.208914829976857,117,True,False,False,True,885.0,117,0.6769247732130653,0.173072949051857,43780
390,0,14,7433,op,-11.204412476345897,114,True,False,False,True,883.0,114,0.6762478484398523,0.024368323385715485,43894
391,0,14,7433,op,-11.212690517803033,119,True,False,False,True,881.0,119,0.6755716005914124,0.021879473701119423,44013
392,0,14,7433,op,-11.208444825932384,117,True,False,False,True,887.0,117,0.674896028990821,0.16046757996082306,44130
393,0,14,7433,op,-11.19110679111133,106,True,False,False,True,884.0,106,0.6742211329618302,0.021738793700933456,44236
394,0,14,7433,op,-11.200857968317965,112,True,False,False,True,895.0,112,0.6735469118288684,0.014728184789419174,44348
395,0,14,7433,op,-11.199716598540544,111,True,False,False,True,899.0,111,0.6728733649170395,0.02554631233215332,44459
396,0,14,7433,op,-11.211189732017617,118,True,False,False,True,887.0,118,0.6722004915521225,0.027447160333395004,44577
397,0,14,7433,op,-11.211584629987676,119,True,False,False,True,878.0,119,0.6715282910605703,0.021416034549474716,44696
398,0,14,7433,op,-11.1943018887192,108,True,False,False,True,899.0,108,0.6708567627695098,0.026862550526857376,44804
399,0,14,7433,op,-11.203215814878543,113,True,False,False,True,900.0,113,0.6701859060067403,0.028101658448576927,44917
400,0,14,7433,op,-11.207662870300313,116,True,False,False,True,896.0,116,0.6695157201007336,0.025782059878110886,45033
401,0,14,7433,op,-11.201410912225644,112,True,False,False,True,895.0,112,0.6688462043806328,0.025186384096741676,45145
402,0,14,7433,op,-11.212524631557365,119,True,False,False,True,881.0,119,0.6681773581762521,0.01066894643008709,45264
403,0,14,7433,op,8.55180252995342,120,True,True,False,False,849.0,120,0.6675091808180759,0.012914267368614674,45384
404,0,14,7433,op,8.585559656843543,120,True,True,False,False,738.0,120,0.6668416716372578,0.011000585742294788,45504
405,0,14,7433,op,-11.212635224250455,119,True,False,False,True,897.0,119,0.6661748299656206,0.16364260017871857,45623
406,0,14,7433,op,8.549037734046578,120,True,True,False,False,860.0,120,0.6655086551356549,0.026376895606517792,45743
407,0,14,7433,op,-11.20471659693867,114,True,False,False,True,894.0,114,0.6648431464805192,0.020921697840094566,45857
408,0,14,7433,op,-11.199827187508344,111,True,False,False,True,898.0,111,0.6641783033340387,0.0142993638291955,45968
409,0,14,7433,op,8.561478997580707,120,True,True,False,False,819.0,120,0.6635141250307047,0.02012583613395691,46088
410,0,14,7433,op,-11.210415612968307,118,True,False,False,True,883.0,118,0.662850610905674,0.17502863705158234,46206
411,0,14,7433,op,-11.210056196960311,118,True,False,False,True,886.0,118,0.6621877602947683,0.15440580248832703,46324
412,0,14,7433,op,8.556336842477322,120,True,True,False,False,837.0,120,0.6615255725344735,0.02371734008193016,46444
413,0,14,7433,op,8.537204802036285,120,True,True,False,False,900.0,120,0.660864046961939,0.012863654643297195,46564
414,0,14,7433,op,-11.212054632169504,119,True,False,False,True,887.0,119,0.660203182914977,0.026716511696577072,46683
415,0,14,7433,op,-11.209191301465035,117,True,False,False,True,875.0,117,0.6595429797320621,0.029163464903831482,46800
416,0,14,7433,op,-11.21074737707774,118,True,False,False,True,889.0,118,0.6588834367523301,0.023074578493833542,46918
417,0,14,7433,op,-11.20313287222137,113,True,False,False,True,897.0,113,0.6582245533155777,0.026814913377165794,47031
418,0,14,7433,op,-11.206888748457034,116,True,False,False,True,888.0,116,0.6575663287622622,0.010583166964352131,47147
419,0,14,7433,op,8.541020379401743,120,True,True,False,False,887.0,120,0.6569087624334999,0.01401040330529213,47267
420,0,14,7433,op,-11.199301891773938,111,True,False,False,True,884.0,111,0.6562518536710664,0.011209243908524513,47378
421,0,14,7433,op,-11.198132872891923,110,True,False,False,True,900.0,110,0.6555956018173954,0.011742701753973961,47488
422,0,14,7433,op,-11.20113443887482,112,True,False,False,True,885.0,112,0.654940006215578,0.023336729034781456,47600
423,0,14,7433,op,-11.20577502499024,115,True,False,False,True,890.0,115,0.6542850662093624,0.01531585119664669,47715
424,0,14,7433,op,-11.209246592223645,117,True,False,False,True,877.0,117,0.6536307811431531,0.01090327836573124,47832
425,0,14,7433,op,-11.210747379871707,118,True,False,False,True,891.0,118,0.65297715036201,0.18211083114147186,47950
426,0,14,7433,op,-11.201327972362439,112,True,False,False,True,898.0,112,0.6523241732116479,0.010800286196172237,48062
427,0,14,7433,op,-11.20966129899025,117,True,False,False,True,892.0,117,0.6516718490384363,0.012412846088409424,48179
428,0,14,7433,op,-11.210996203186612,118,True,False,False,True,880.0,118,0.6510201771893979,0.006736022420227528,48297
429,0,14,7433,op,-11.210692085387807,118,True,False,False,True,899.0,118,0.6503691570122084,0.021214138716459274,48415
430,0,14,7433,op,-11.211549146162968,118,True,False,False,True,900.0,118,0.6497187878551962,0.01624368131160736,48533
431,0,14,7433,op,-11.19791169775029,110,True,False,False,True,889.0,110,0.649069069067341,0.009701371192932129,48643
432,0,14,7433,op,-11.191410910772781,106,True,False,False,True,895.0,106,0.6484199999982736,0.017371416091918945,48749
433,0,14,7433,op,-11.174633660167455,96,True,False,False,True,891.0,96,0.6477715799982753,0.17153485119342804,48845
434,0,14,7433,op,8.570188484154642,120,True,True,False,False,792.0,120,0.647123808418277,0.022979728877544403,48965
435,0,14,7433,op,-11.20302228325357,113,True,False,False,True,896.0,113,0.6464766846098587,0.017793957144021988,49078
436,0,14,7433,op,-11.201493856745461,112,True,False,False,True,900.0,112,0.6458302079252489,0.021104462444782257,49190
437,0,14,7433,op,-11.209744243510068,117,True,False,False,True,895.0,117,0.6451843777173236,0.03628101572394371,49307
438,0,14,7433,op,-11.205802675026158,115,True,False,False,True,880.0,115,0.6445391933396063,0.027167923748493195,49422
439,0,14,7433,op,-11.199440127983689,111,True,False,False,True,894.0,111,0.6438946541462667,0.016086595132946968,49533
440,0,14,7433,op,-11.204080715030432,114,True,False,False,True,892.0,114,0.6432507594921204,0.00926026701927185,49647
441,0,14,7433,op,-11.21263522238781,119,True,False,False,True,900.0,119,0.6426075087326283,0.03814740478992462,49766
442,0,14,7433,op,-11.209550715610385,117,True,False,False,True,888.0,117,0.6419649012238956,0.012591741047799587,49883
443,0,14,7433,op,-11.201300320463876,112,True,False,False,True,900.0,112,0.6413229363226717,0.004499783739447594,49995
444,0,14,7433,op,-11.19988248385489,111,True,False,False,True,900.0,111,0.640681613386349,0.010649245232343674,50106
445,0,14,7433,op,-11.205968557546536,115,True,False,False,True,879.0,115,0.6400409317729626,0.012310745194554329,50221
446,0,14,7433,op,-11.207939342719813,116,True,False,False,True,897.0,116,0.6394008908411897,0.024125460535287857,50337
447,0,14,7433,op,-11.191466210844617,106,True,False,False,True,897.0,106,0.6387614899503485,0.008590342476963997,50443
448,0,14,7433,op,-11.211916393165787,119,True,False,False,True,879.0,119,0.6381227284603982,0.008184966631233692,50562
449,0,14,7433,op,-11.187773461018999,104,True,False,False,True,896.0,104,0.6374846057319378,0.014464879408478737,50666
450,0,14,7433,op,8.54323195386678,120,True,True,False,False,879.0,120,0.6368471211262058,0.01784985139966011,50786
451,0,14,7433,op,8.560152323916554,120,True,True,False,False,825.0,120,0.6362102740050796,0.15687355399131775,50906
452,0,14,7433,op,-11.20291169428577,113,True,False,False,True,899.0,113,0.6355740637310745,0.013002137653529644,51019
453,0,14,7433,op,8.591780915856361,120,True,True,False,False,721.0,120,0.6349384896673435,0.010748670436441898,51139
454,0,14,7433,op,-11.207248163533707,116,True,False,False,True,885.0,116,0.6343035511776761,0.009384529665112495,51255
455,0,14,7433,op,-11.205802673163513,115,True,False,False,True,876.0,115,0.6336692476264985,0.01012227963656187,51370
456,0,14,7433,op,-11.192773460348446,107,True,False,False,True,884.0,107,0.6330355783788719,0.010712385177612305,51477
457,0,14,7433,op,8.554649797268212,120,True,True,False,False,843.0,120,0.632402542800493,0.1605442613363266,51597
458,0,14,7433,op,-11.196383270310859,109,True,False,False,True,894.0,109,0.6317701402576925,0.020618418231606483,51706
459,0,14,7433,op,-11.20924659408629,117,True,False,False,True,883.0,117,0.6311383701174348,0.15339581668376923,51823
460,0,14,7433,op,-11.197947174124419,111,True,False,False,True,865.0,111,0.6305072317473174,0.00553135946393013,51934
461,0,14,7433,op,-11.184578359685839,102,True,False,False,True,889.0,102,0.6298767245155701,0.008576368913054466,52036
462,0,14,7433,op,-11.210332671242456,118,True,False,False,True,892.0,118,0.6292468477910546,0.009952407330274582,52154
463,0,14,7433,op,-11.19318816990902,107,True,False,False,True,900.0,107,0.6286176009432635,0.006976952776312828,52261
464,0,14,7433,op,-11.208105223377546,116,True,False,False,True,896.0,116,0.6279889833423202,0.008483357727527618,52377
465,0,14,7433,op,-11.20766286936899,116,True,False,False,True,900.0,116,0.6273609943589779,0.007985591888427734,52493
466,0,14,7433,op,-11.206549150558809,115,True,False,False,True,900.0,115,0.6267336333646188,0.0048626805655658245,52608
467,0,14,7433,op,-11.206438556934396,115,True,False,False,True,896.0,115,0.6261068997312542,0.00373749528080225,52723
468,0,14,7433,op,-11.212275811036427,119,True,False,False,True,895.0,119,0.6254807928315229,0.013558885082602501,52842
469,0,14,7433,op,-11.199854833818971,111,True,False,False,True,899.0,111,0.6248553120386914,0.01169089786708355,52953
470,0,14,7433,op,-11.196466207380096,109,True,False,False,True,897.0,109,0.6242304567266527,0.00595847936347127,53062
471,0,14,7433,op,8.565653892233968,120,True,True,False,False,807.0,120,0.623606226269926,0.006860464345663786,53182
472,0,14,7433,op,-11.201051501805583,112,True,False,False,True,899.0,112,0.6229826200436561,0.013046220876276493,53294
473,0,14,7433,op,8.581717201508582,120,True,True,False,False,753.0,120,0.6223596374236124,0.01290601771324873,53414
474,0,14,7433,op,-11.204606008902193,114,True,False,False,True,893.0,114,0.6217372777861888,0.0073186857625842094,53528
475,0,14,7433,op,8.584454162046313,120,True,True,False,False,744.0,120,0.6211155405084027,0.0066517493687570095,53648
476,0,14,7433,op,-11.20577502126495,115,True,False,False,True,872.0,115,0.6204944249678943,0.014472704380750656,53763
477,0,14,7433,op,-11.200609142209093,112,True,False,False,True,892.0,112,0.6198739305429264,0.15133588016033173,53875
478,0,14,7433,op,8.566538209095597,120,True,True,False,False,801.0,120,0.6192540566123834,0.007583565078675747,53995
479,0,14,7433,op,-11.17141091345499,94,True,False,False,True,900.0,94,0.6186348025557711,0.00962742418050766,54089
480,0,14,7433,op,8.55525822751224,120,True,True,False,False,841.0,120,0.6180161677532153,0.15706293284893036,54209
481,0,14,7433,op,8.573920352384448,120,True,True,False,False,777.0,120,0.6173981515854621,0.004610841162502766,54329
482,0,14,7433,op,8.565073207952082,120,True,True,False,False,808.0,120,0.6167807534338766,0.009296177886426449,54449
483,0,14,7433,op,-11.20899776890874,117,True,False,False,True,871.0,117,0.6161639726804428,0.012120612896978855,54566
484,0,14,7433,op,8.548871664330363,120,True,True,False,False,862.0,120,0.6155478087077623,0.006569358985871077,54686
485,0,14,7433,op,-11.211355614537995,118,True,False,False,True,893.0,118,0.6149322608990545,0.005604777485132217,54804
486,0,14,7433,op,-11.196217379408578,109,True,False,False,True,896.0,109,0.6143173286381555,0.15591764450073242,54913
487,0,14,7433,op,-11.213105226432283,119,True,False,False,True,898.0,119,0.6137030113095173,0.005312600173056126,55032
488,0,14,7433,op,-11.209495422057808,117,True,False,False,True,896.0,117,0.6130893082982078,0.0036211989354342222,55149
489,0,14,7433,op,-11.211778156956036,119,True,False,False,True,883.0,119,0.6124762189899097,0.004007532261312008,55268
490,0,14,7433,op,-11.196438560138146,109,True,False,False,True,898.0,109,0.6118637427709198,0.004216363653540611,55377
491,0,14,7433,op,-11.201493854882816,112,True,False,False,True,898.0,112,0.6112518790281489,0.007979292422533035,55489
492,0,14,7433,op,-11.210609138074021,118,True,False,False,True,900.0,118,0.6106406271491208,0.008314977400004864,55607
493,0,14,7433,op,-11.21293934204926,119,True,False,False,True,898.0,119,0.6100299865219717,0.004121161997318268,55726
494,0,14,7433,op,8.55113862734288,120,True,True,False,False,853.0,120,0.6094199565354498,0.004812621045857668,55846
495,0,14,7433,op,-11.201023852700988,112,True,False,False,True,890.0,112,0.6088105365789144,0.15109038352966309,55958
496,0,14,7433,op,8.537509298883379,120,True,True,False,False,896.0,120,0.6082017260423355,0.004291160497814417,56078
497,0,14,7433,op,-11.207939342719813,116,True,False,False,True,899.0,116,0.6075935243162931,0.002545592375099659,56194
498,0,14,7433,op,-11.209136003255844,117,True,False,False,True,900.0,117,0.6069859307919768,0.005474574863910675,56311
499,0,14,7433,op,8.559986439533532,120,True,True,False,False,825.0,120,0.6063789448611848,0.004444899968802929,56431
500,0,14,7433,op,8.537481367588043,120,True,True,False,False,899.0,120,0.6057725659163237,0.0034948941320180893,56551
501,0,14,7433,op,-11.207607576747735,116,True,False,False,True,883.0,116,0.6051667933504074,0.003483767155557871,56667
502,0,14,7433,op,8.538586866110563,120,True,True,False,False,893.0,120,0.6045616265570569,0.004471662919968367,56787
503,0,14,7433,op,-11.202718161729475,113,True,False,False,True,882.0,113,0.6039570649304998,0.002080373466014862,56900
504,0,14,7433,op,8.572509973309934,120,True,True,False,False,781.0,120,0.6033531078655693,0.14855962991714478,57020
505,0,14,7433,op,-11.21138326364259,118,True,False,False,True,894.0,118,0.6027497547577038,0.005197387188673019,57138
506,0,14,7433,op,-11.211245026501517,118,True,False,False,True,889.0,118,0.602147005002946,0.14493030309677124,57256
507,0,14,7433,op,8.559626929461956,120,True,True,False,False,826.0,120,0.6015448579979431,0.003537565004080534,57376
508,0,14,7433,op,-11.209108359739185,117,True,False,False,True,892.0,117,0.6009433131399452,0.003075051587074995,57493
509,0,14,7433,op,-11.211750511576732,119,True,False,False,True,886.0,119,0.6003423698268052,0.007353515364229679,57612
510,0,14,7433,op,-11.210609142730634,118,True,False,False,True,878.0,118,0.5997420274569785,0.002194782951846719,57730
511,0,14,7433,op,-11.206245026240746,115,True,False,False,True,889.0,115,0.5991422854295215,0.0028769602067768574,57845
512,0,14,7433,op,8.546743222512305,120,True,True,False,False,868.0,120,0.598543143144092,0.0031032790429890156,57965
513,0,14,7433,op,-11.209301887638867,117,True,False,False,True,890.0,117,0.5979446000009478,0.002945957239717245,58082
514,0,14,7433,op,8.566013584844768,120,True,True,False,False,804.0,120,0.5973466554009469,0.0038994750939309597,58202
515,0,14,7433,op,-11.212801103976865,119,True,False,False,True,895.0,119,0.596749308745546,0.0018126140348613262,58321
516,0,14,7433,op,8.539720775559545,120,True,True,False,False,889.0,120,0.5961525594368005,0.0023831978905946016,58441
517,0,14,7433,op,-11.199716597609221,111,True,False,False,True,894.0,111,0.5955564068773637,0.003897415939718485,58552
518,0,14,7433,op,-11.212911693875988,119,True,False,False,True,889.0,119,0.5949608504704863,0.0029770664405077696,58671
519,0,14,7433,op,-11.201521499330799,112,True,False,False,True,899.0,112,0.5943658896200158,0.0022666300646960735,58783
520,0,14,7433,op,-11.202994637874266,113,True,False,False,True,898.0,113,0.5937715237303958,0.0023183394223451614,58896
521,0,14,7433,op,-11.209108358807862,117,True,False,False,True,892.0,117,0.5931777522066654,0.0034504972863942385,59013
522,0,14,7433,op,-11.209218945913017,117,True,False,False,True,882.0,117,0.5925845744544587,0.0031340387649834156,59130
523,0,14,7433,op,-11.203132869427403,113,True,False,False,True,897.0,113,0.5919919898800042,0.14452144503593445,59243
524,0,14,7433,op,-11.201383262189726,112,True,False,False,True,898.0,112,0.5913999978901242,0.004333078395575285,59355
525,0,14,7433,op,8.539748237468302,120,True,True,False,False,891.0,120,0.590808597892234,0.002113846130669117,59475
526,0,14,7433,op,-11.210581495488684,118,True,False,False,True,894.0,118,0.5902177892943418,0.0019053693395107985,59593
527,0,14,7433,op,-11.211079145843785,118,True,False,False,True,888.0,118,0.5896275715050474,0.002069756854325533,59711
528,0,14,7433,op,-11.206521497728923,115,True,False,False,True,899.0,115,0.5890379439335424,0.14602068066596985,59826
529,0,14,7433,op,8.553544769994915,120,True,True,False,False,844.0,120,0.5884489059896089,0.14930082857608795,59946
530,0,14,7433,op,-11.204440130107105,114,True,False,False,True,886.0,114,0.5878604570836192,0.15191256999969482,60060
531,0,14,7433,op,8.558216457255185,120,True,True,False,False,831.0,120,0.5872725966265356,0.0019563212990760803,60180
532,0,14,7433,op,8.542070584371686,120,True,True,False,False,881.0,120,0.5866853240299091,0.14374063909053802,60300
533,0,14,7433,op,8.568639868870378,120,True,True,False,False,796.0,120,0.5860986387058792,0.1433860808610916,60420
534,0,14,7433,op,-11.20252463289847,113,True,False,False,True,897.0,113,0.5855125400671733,0.0031819732394069433,60533
535,0,14,7433,op,-11.203049932358166,113,True,False,False,True,894.0,113,0.5849270275271061,0.002231827937066555,60646
536,0,14,7433,op,-11.210553849178057,118,True,False,False,True,892.0,118,0.584342100499579,0.0021702307276427746,60764
537,0,14,7433,op,-11.204854834079743,114,True,False,False,True,899.0,114,0.5837577583990794,0.0027404404245316982,60878
538,0,14,7433,op,8.554677445441484,120,True,True,False,False,843.0,120,0.5831740006406804,0.0021177164744585752,60998
539,0,14,7433,op,-11.210470907452207,118,True,False,False,True,878.0,118,0.5825908266400397,0.0019242905545979738,61116
540,0,14,7433,op,-11.184523068927229,102,True,False,False,True,900.0,102,0.5820082358133997,0.002126163337379694,61218
541,0,14,7433,op,-11.176521499889592,97,True,False,False,True,900.0,97,0.5814262275775862,0.14661051332950592,61315
542,0,14,7433,op,-11.210857968839507,118,True,False,False,True,875.0,118,0.5808448013500086,0.0015192467253655195,61433
543,0,14,7433,op,-11.198160521065196,110,True,False,False,True,898.0,110,0.5802639565486586,0.0018124773632735014,61543
544,0,14,7433,op,-11.211355613606672,118,True,False,False,True,893.0,118,0.57968369259211,0.0016353726387023926,61661
545,0,14,7433,op,8.566428295336664,120,True,True,False,False,804.0,120,0.5791040088995179,0.13787278532981873,61781
546,0,14,7433,op,-11.207662872162958,116,True,False,False,True,885.0,116,0.5785249048906184,0.13834065198898315,61897
547,0,14,7433,op,-11.211162084775667,118,True,False,False,True,886.0,118,0.5779463799857277,0.0019209148595109582,62015
548,0,14,7433,op,-11.199550714157521,111,True,False,False,True,888.0,111,0.577368433605742,0.001350683276541531,62126
549,0,14,7433,op,-11.207828753752013,116,True,False,False,True,887.0,116,0.5767910651721362,0.0018507333006709814,62242
550,0,14,7433,op,8.550613996572793,120,True,True,False,False,856.0,120,0.576214274106964,0.001449183444492519,62362
551,0,14,7433,op,-11.20985483340919,117,True,False,False,True,899.0,117,0.5756380598328571,0.14378677308559418,62479
552,0,14,7433,op,-11.207994637203713,116,True,False,False,True,898.0,116,0.5750624217730242,0.0016666650772094727,62595
553,0,14,7433,op,-11.208472466655076,117,True,False,False,True,883.0,117,0.5744873593512512,0.0014683881308883429,62712
554,0,14,7433,op,8.55362752545625,120,True,True,False,False,846.0,120,0.5739128719918999,0.0036597149446606636,62832
555,0,14,7433,op,-11.186134439955156,103,True,False,False,True,897.0,103,0.573338959119908,0.0012946974020451307,62935
556,0,14,7433,op,-11.211556979020436,119,True,False,False,True,879.0,119,0.572765620160788,0.0018823147984221578,63054
557,0,14,7433,op,-11.199550711363553,111,True,False,False,True,892.0,111,0.5721928545406272,0.002031482756137848,63165
558,0,14,7433,op,-11.204384830966593,114,True,False,False,True,882.0,114,0.5716206616860866,0.0015501067973673344,63279
559,0,14,7433,op,-11.205913256543377,115,True,False,False,True,877.0,115,0.5710490410244006,0.0010666785528883338,63394
560,0,14,7433,op,-11.207358750638862,116,True,False,False,True,889.0,116,0.5704779919833761,0.002765815006569028,63510
561,0,14,7433,op,-11.211300327504675,118,True,False,False,True,891.0,118,0.5699075139913927,0.14310818910598755,63628
562,0,14,7433,op,-11.201051499011616,112,True,False,False,True,882.0,112,0.5693376064774013,0.0023130523040890694,63740
563,0,14,7433,op,8.542623525485396,120,True,True,False,False,881.0,120,0.5687682688709239,0.13732662796974182,63860
564,0,14,7433,op,-11.210553845452766,118,True,False,False,True,890.0,118,0.5681995006020529,0.001012646360322833,63978
565,0,14,7433,op,-11.21266286590447,119,True,False,False,True,883.0,119,0.5676313011014509,0.0014656682033091784,64097
566,0,14,7433,op,8.53742607217282,120,True,True,False,False,899.0,120,0.5670636698003494,0.001989708747714758,64217
567,0,14,7433,op,-11.198022287649414,110,True,False,False,True,898.0,110,0.5664966061305491,0.002407439285889268,64327
568,0,14,7433,op,-11.203306589461864,114,True,False,False,True,879.0,114,0.5659301095244186,0.001591328764334321,64441
569,0,14,7433,op,-11.189827189780772,105,True,False,False,True,898.0,105,0.5653641794148941,0.0019294797675684094,64546
570,0,14,7433,op,-11.201327975156406,112,True,False,False,True,892.0,112,0.5647988152354793,0.001373455161228776,64658
571,0,14,7433,op,-11.194854833558201,108,True,False,False,True,899.0,108,0.5642340164202437,0.002396971918642521,64766
572,0,14,7433,op,-11.197552280810973,110,True,False,False,True,897.0,110,0.5636697824038235,0.002127744723111391,64876
573,0,14,7433,op,8.56869525462389,120,True,True,False,False,795.0,120,0.5631061126214196,0.001958661014214158,64996
574,0,14,7433,op,-11.204301887378097,114,True,False,False,True,887.0,114,0.5625430065087982,0.13942140340805054,65110
575,0,14,7433,op,-11.196134442339341,109,True,False,False,True,898.0,109,0.5619804635022894,0.0015891949879005551,65219
576,0,14,7433,op,-11.206300321655968,115,True,False,False,True,899.0,115,0.561418483038787,0.0011993434745818377,65334
577,0,14,7433,op,-11.210664434420567,118,True,False,False,True,893.0,118,0.5608570645557482,0.0016722669824957848,65452
578,0,14,7433,op,-11.201355615879098,112,True,False,False,True,893.0,112,0.5602962074911925,0.0010171928443014622,65564
579,0,14,7433,op,-11.205360319154957,115,True,False,False,True,883.0,115,0.5597359112837013,0.00163324736058712,65679
580,0,14,7433,op,-11.202303456825515,113,True,False,False,True,886.0,113,0.5591761753724176,0.0012486155610531569,65792
581,0,14,7433,op,-11.20474424418062,114,True,False,False,True,895.0,114,0.5586169991970452,0.0010327666532248259,65906
582,0,14,7433,op,-11.196549148174624,109,True,False,False,True,900.0,109,0.5580583821978482,0.002563027897849679,66015
583,0,14,7433,op,8.563110554590821,120,True,True,False,False,815.0,120,0.5575003238156504,0.0012318482622504234,66135
584,0,14,7433,op,-11.207773457405468,116,True,False,False,True,884.0,116,0.5569428234918348,0.0019200524548068643,66251
585,0,14,7433,op,-11.208132869688173,116,True,False,False,True,897.0,116,0.5563858806683429,0.0013184815179556608,66367
586,0,14,7433,op,8.547821839340031,120,True,True,False,False,864.0,120,0.5558294947876746,0.0010019384790211916,66487
587,0,14,7433,op,-11.202856401664516,113,True,False,False,True,892.0,113,0.5552736652928869,0.0015728871803730726,66600
588,0,14,7433,op,-11.198105225649973,110,True,False,False,True,896.0,110,0.5547183916275941,0.0010626768926158547,66710
589,0,14,7433,op,-11.207552278538545,116,True,False,False,True,889.0,116,0.5541636732359665,0.0014541125856339931,66826
590,0,14,7433,op,-11.21102384949724,118,True,False,False,True,896.0,118,0.5536095095627305,0.0013941016513854265,66944
591,0,14,7433,op,-11.200968557285766,112,True,False,False,True,900.0,112,0.5530559000531677,0.15005825459957123,67056
592,0,14,7433,op,-11.201355615879098,112,True,False,False,True,898.0,112,0.5525028441531146,0.001265859929844737,67168
593,0,14,7433,op,-11.20468895342201,114,True,False,False,True,897.0,114,0.5519503413089615,0.0012101770844310522,67282
594,0,14,7433,op,8.538836551830173,120,True,True,False,False,894.0,120,0.5513983909676525,0.001253877766430378,67402
595,0,14,7433,op,-11.188049930644532,104,True,False,False,True,896.0,104,0.5508469925766849,0.0020335575100034475,67506
596,0,14,7433,op,-11.20627267534534,115,True,False,False,True,891.0,115,0.5502961455841082,0.0017528769094496965,67621
597,0,14,7433,op,-11.21058149735133,118,True,False,False,True,886.0,118,0.5497458494385241,0.0015465202741324902,67739
598,0,14,7433,op,-11.194523071311414,108,True,False,False,True,887.0,108,0.5491961035890855,0.0015394608490169048,67847
599,0,14,7433,op,-11.197911696818968,110,True,False,False,True,889.0,110,0.5486469074854965,0.002497549168765545,67957
600,0,14,7433,op,8.558493305929005,120,True,True,False,False,827.0,120,0.548098260578011,0.0014153413940221071,68077
601,0,14,7433,op,8.542070579715073,120,True,True,False,False,881.0,120,0.547550162317433,0.0009676202898845077,68197
602,0,14,7433,op,-11.201134442600111,112,True,False,False,True,885.0,112,0.5470026121551156,0.0015372761990875006,68309
603,0,14,7433,op,-11.191383269118766,106,True,False,False,True,894.0,106,0.5464556095429605,0.001347065786831081,68415
604,0,14,7433,op,-11.206466205107668,115,True,False,False,True,897.0,115,0.5459091539334175,0.14409580826759338,68530
605,0,14,7433,op,-11.204108360409737,114,True,False,False,True,896.0,114,0.5453632447794842,0.001163053559139371,68644
606,0,14,7433,op,-11.189495422877371,105,True,False,False,True,900.0,105,0.5448178815347047,0.13989952206611633,68749
607,0,14,7433,op,-11.206023852961758,115,True,False,False,True,889.0,115,0.54427306365317,0.002289993455633521,68864
608,0,14,7433,op,-11.194495423138141,108,True,False,False,True,886.0,108,0.5437287905895168,0.0021146750077605247,68972
609,0,14,7433,op,-11.199495420604944,111,True,False,False,True,887.0,111,0.5431850617989273,0.0009251788724213839,69083
610,0,14,7433,op,-11.184578363411129,102,True,False,False,True,889.0,102,0.5426418767371284,0.001373947481624782,69185
611,0,14,7433,op,-11.205636789711813,115,True,False,False,True,893.0,115,0.5420992348603912,0.2875080406665802,69300
612,0,14,7433,op,-11.202801107180616,113,True,False,False,True,890.0,113,0.5415571356255309,0.0019822323229163885,69413
613,0,14,7433,op,-11.209191301465035,117,True,False,False,True,886.0,117,0.5410155784899053,0.0016621421091258526,69530
614,0,14,7433,op,-11.20413600485772,114,True,False,False,True,875.0,114,0.5404745629114154,0.0025689387694001198,69644
615,0,14,7433,op,8.557691926136613,120,True,True,False,False,833.0,120,0.539934088348504,0.0018371075857430696,69764
616,0,14,7433,op,8.584868967533112,120,True,True,False,False,743.0,120,0.5393941542601555,0.0012576712761074305,69884
617,0,14,7433,op,-11.191355618151526,106,True,False,False,True,893.0,106,0.5388547601058953,0.0014153734082356095,69990
618,0,14,7433,op,-11.207884049167236,116,True,False,False,True,888.0,116,0.5383159053457894,0.001561768469400704,70106
619,0,14,7433,op,-11.189495420083404,105,True,False,False,True,886.0,105,0.5377775894404436,0.001694069942459464,70211
620,0,14,7433,op,-11.201051499011616,112,True,False,False,True,886.0,112,0.5372398118510032,0.0013473264407366514,70323
621,0,14,7433,op,8.584343758411705,120,True,True,False,False,742.0,120,0.5367025720391522,0.0015045342734083533,70443
622,0,14,7433,op,-11.204973253111044,115,True,False,False,True,880.0,115,0.536165869467113,0.003797567915171385,70558
623,0,14,7433,op,-11.207441689570745,116,True,False,False,True,899.0,116,0.5356297035976458,0.0015972061082720757,70674
624,0,14,7433,op,-11.212469340798755,119,True,False,False,True,899.0,119,0.5350940738940482,0.0010852651903405786,70793
625,0,14,7433,op,-11.180913263621429,100,True,False,False,True,886.0,100,0.5345589798201541,0.13922302424907684,70893
626,0,14,7433,op,-11.187884048124154,104,True,False,False,True,900.0,104,0.534024420840334,0.13970142602920532,70997
627,0,14,7433,op,-11.201327971431116,112,True,False,False,True,892.0,112,0.5334903964194936,0.0018115458078682423,71109
628,0,14,7433,op,-11.176355620163182,97,True,False,False,True,896.0,97,0.5329569060230741,0.14468619227409363,71206
629,0,14,7433,op,-11.179799540154637,99,True,False,False,True,897.0,99,0.532423949117051,0.0030819070525467396,71305
630,0,14,7433,op,-11.204108360409737,114,True,False,False,True,893.0,114,0.531891525167934,0.00293622980825603,71419
631,0,14,7433,op,-11.20919129960239,117,True,False,False,True,882.0,117,0.5313596336427661,0.0017410756554454565,71536
632,0,14,7433,op,-11.209329534880817,117,True,False,False,True,880.0,117,0.5308282740091232,0.001426657079719007,71653
633,0,14,7433,op,-11.197745811504623,110,True,False,False,True,883.0,110,0.5302974457351142,0.002794976346194744,71763
634,0,14,7433,op,8.561921442858875,120,True,True,False,False,818.0,120,0.5297671482893791,0.14193227887153625,71883
635,0,14,7433,op,-11.20927424132824,117,True,False,False,True,899.0,117,0.5292373811410898,0.002211532322689891,72000
636,0,14,7433,op,-11.20927424132824,117,True,False,False,True,887.0,117,0.5287081437599487,0.0022437716834247112,72117
637,0,14,7433,op,8.567312613129616,120,True,True,False,False,798.0,120,0.5281794356161887,0.004296537954360247,72237
638,0,14,7433,op,8.551940484903753,120,True,True,False,False,852.0,120,0.5276512561805725,0.002368676010519266,72357
639,0,14,7433,op,-11.21230345548441,119,True,False,False,True,893.0,119,0.5271236049243919,0.0017488342709839344,72476
640,0,14,7433,op,-11.210775027113657,118,True,False,False,True,895.0,118,0.5265964813194676,0.0027438513934612274,72594
641,0,14,7433,op,8.550835366360843,120,True,True,False,False,854.0,120,0.5260698848381481,0.0013349533546715975,72714
642,0,14,7433,op,-11.212607574214537,119,True,False,False,True,899.0,119,0.5255438149533099,0.0015933222603052855,72833
643,0,14,7433,op,-11.201521500262121,112,True,False,False,True,899.0,112,0.5250182711383566,0.0015249303542077541,72945
644,0,14,7433,op,8.565073208883405,120,True,True,False,False,808.0,120,0.5244932528672183,0.0019096324685961008,73065
645,0,14,7433,op,-11.207974820956588,117,True,False,False,True,868.0,117,0.5239687596143511,0.0025261440314352512,73182
646,0,14,7433,op,-11.206695214038094,116,True,False,False,True,865.0,116,0.5234447908547367,0.002256631152704358,73298
647,0,14,7433,op,-11.202884046112498,113,True,False,False,True,888.0,113,0.522921346063882,0.0018492963863536716,73411
648,0,14,7433,op,-11.202856401664516,113,True,False,False,True,900.0,113,0.522398424717818,0.0024317128118127584,73524
649,0,14,7433,op,-11.19766287257274,110,True,False,False,True,897.0,110,0.5218760262931003,0.14307129383087158,73634
650,0,14,7433,op,-11.179854834638537,99,True,False,False,True,899.0,99,0.5213541502668072,0.0015831124037504196,73733
651,0,14,7433,op,-11.196272679480414,109,True,False,False,True,891.0,109,0.5208327961165404,0.002575542777776718,73842
652,0,14,7433,op,-11.17985483556986,99,True,False,False,True,899.0,99,0.5203119633204238,0.2865375876426697,73941
653,0,14,7433,op,-11.20479953866452,114,True,False,False,True,897.0,114,0.5197916513571034,0.13580527901649475,74055
654,0,14,7433,op,-11.198105226581296,110,True,False,False,True,896.0,110,0.5192718597057463,0.1464996039867401,74165
655,0,14,7433,op,-11.186466208721201,103,True,False,False,True,897.0,103,0.5187525878460405,0.001965476665645838,74268
656,0,14,7433,op,-11.21083032625417,118,True,False,False,True,900.0,118,0.5182338352581944,0.0016186877619475126,74386
657,0,14,7433,op,-11.206410911555091,115,True,False,False,True,895.0,115,0.5177156014229363,0.0029226155020296574,74501
658,0,14,7433,op,-11.191549148845176,106,True,False,False,True,900.0,106,0.5171978858215134,0.28038251399993896,74607
659,0,14,7433,op,8.549729193560779,120,True,True,False,False,857.0,120,0.5166806879356919,0.002451365115121007,74727
660,0,14,7433,op,-11.197745812435945,110,True,False,False,True,896.0,110,0.5161640072477562,0.0013750791549682617,74837
661,0,14,7433,op,-11.191466207119326,106,True,False,False,True,897.0,106,0.5156478432405085,0.0021675201132893562,74943
662,0,14,7433,op,8.539416376501322,120,True,True,False,False,892.0,120,0.515132195397268,0.13233128190040588,75063
663,0,14,7433,op,-11.205747378679613,115,True,False,False,True,900.0,115,0.5146170632018707,0.0028875009156763554,75178
664,0,14,7433,op,-11.212220515621205,119,True,False,False,True,884.0,119,0.5141024461386688,0.002120546530932188,75297
665,0,14,7433,op,-11.194357186928391,108,True,False,False,True,900.0,108,0.5135883436925301,0.0014551242347806692,75405
666,0,14,7433,op,-11.198022281130156,110,True,False,False,True,894.0,110,0.5130747553488376,0.00202958844602108,75515
667,0,14,7433,op,-11.206778159489234,116,True,False,False,True,879.0,116,0.5125616805934888,0.14359843730926514,75631
668,0,14,7433,op,-11.201410914088289,112,True,False,False,True,900.0,112,0.5120491189128954,0.0028570275753736496,75743
669,0,14,7433,op,8.559792813844979,120,True,True,False,False,826.0,120,0.5115370697939825,0.13828052580356598,75863
670,0,14,7433,op,-11.192607575034101,107,True,False,False,True,878.0,107,0.5110255327241885,0.0013725960161536932,75970
671,0,14,7433,op,-11.201245028773943,112,True,False,False,True,896.0,112,0.5105145071914643,0.002293093129992485,76082
672,0,14,7433,op,-11.202994636942943,113,True,False,False,True,897.0,113,0.5100039926842729,0.0015430431813001633,76195
673,0,14,7433,op,-11.207607576747735,116,True,False,False,True,898.0,116,0.5094939886915886,0.0023462048266083,76311
674,0,14,7433,op,8.537315485998988,120,True,True,False,False,899.0,120,0.508984494702897,0.001319059869274497,76431
675,0,14,7433,op,-11.20410835761577,114,True,False,False,True,894.0,114,0.508475510208194,0.0014986578607931733,76545
676,0,14,7433,op,-11.200664438555638,112,True,False,False,True,899.0,112,0.5079670346979859,0.2873323857784271,76657
677,0,14,7433,op,8.546466561965644,120,True,True,False,False,870.0,120,0.5074590676632879,0.0037845554761588573,76777
678,0,14,7433,op,-11.195940909783046,109,True,False,False,True,899.0,109,0.5069516085956246,0.13657504320144653,76886
679,0,14,7433,op,-11.199467776156961,111,True,False,False,True,891.0,111,0.506444656987029,0.002780510578304529,76997
680,0,14,7433,op,-11.20968894995749,117,True,False,False,True,893.0,117,0.505938212330042,0.14823131263256073,77114
681,0,14,7433,op,-11.202635220934948,113,True,False,False,True,900.0,113,0.505432274117712,0.0036231137346476316,77227
682,0,14,7433,op,-11.195581495637695,109,True,False,False,True,884.0,109,0.5049268418435943,0.001774683827534318,77336
683,0,14,7433,op,-11.199246595427393,111,True,False,False,True,897.0,111,0.5044219150017507,0.0018426410388201475,77447
684,0,14,7433,op,-11.197441693705818,110,True,False,False,True,898.0,110,0.5039174930867489,0.0016953593585640192,77557
685,0,14,7433,op,-11.209301889501512,117,True,False,False,True,884.0,117,0.5034135755936622,0.14426617324352264,77674
686,0,14,7433,op,-11.211363452983399,119,True,False,False,True,868.0,119,0.5029101620180685,0.004354080185294151,77793
687,0,14,7433,op,-11.192773456623156,107,True,False,False,True,887.0,107,0.5024072518560504,0.0011388983111828566,77900
688,0,14,7433,op,-11.206466205107668,115,True,False,False,True,897.0,115,0.5019048446041944,0.0015503125032410026,78015
689,0,14,7433,op,-11.207911693615218,116,True,False,False,True,889.0,116,0.5014029397595902,0.0016275637317448854,78131
690,0,14,7433,op,-11.199523068778216,111,True,False,False,True,893.0,111,0.5009015368198305,0.004587110597640276,78242
691,0,14,7433,op,-11.206272674414018,115,True,False,False,True,897.0,115,0.5004006352830107,0.0015719467774033546,78357
692,0,14,7433,op,8.541158901527524,120,True,True,False,False,884.0,120,0.4999002346477277,0.0016109396237879992,78477
693,0,14,7433,op,8.564990264363587,120,True,True,False,False,808.0,120,0.49940033441307996,0.0012864444870501757,78597
694,0,14,7433,op,8.53994204569608,120,True,True,False,False,888.0,120,0.49890093407866687,0.002870931290090084,78717
695,0,14,7433,op,-11.209136003255844,117,True,False,False,True,873.0,117,0.4984020331445882,0.0014403106179088354,78834
696,0,14,7433,op,-11.189882484264672,105,True,False,False,True,900.0,105,0.4979036311114436,0.002046633278951049,78939
697,0,14,7433,op,-11.206438559728364,115,True,False,False,True,896.0,115,0.4974057274803321,0.0031259162351489067,79054
698,0,14,7433,op,-11.202690514487525,113,True,False,False,True,890.0,113,0.49690832175285177,0.0036351443268358707,79167
699,0,14,7433,op,-11.192911691901584,107,True,False,False,True,900.0,107,0.4964114134310989,0.0017701745964586735,79274
700,0,14,7433,op,-11.186438562410574,103,True,False,False,True,896.0,103,0.4959150020176678,0.001480405917391181,79377
701,0,14,7433,op,8.551333012990654,120,True,True,False,False,854.0,120,0.49541908701565013,0.0024419843684881926,79497
702,0,14,7433,op,-11.179440125077964,99,True,False,False,True,884.0,99,0.49492366792863446,0.004781556315720081,79596
703,0,14,7433,op,-11.191549147913854,106,True,False,False,True,900.0,106,0.4944287442607058,0.0016307176556438208,79702
704,0,14,7433,op,-11.201521501193444,112,True,False,False,True,899.0,112,0.4939343155164451,0.0022873596753925085,79814
705,0,14,7433,op,-11.203215811153253,113,True,False,False,True,900.0,113,0.4934403812009287,0.0025078440085053444,79927
706,0,14,7433,op,8.53828333131969,120,True,True,False,False,897.0,120,0.4929469408197278,0.002376172924414277,80047
707,0,14,7433,op,-11.20733110246559,116,True,False,False,True,879.0,116,0.49245399387890804,0.0031850053928792477,80163
708,0,14,7433,op,8.54619009140879,120,True,True,False,False,870.0,120,0.4919615398850291,0.0017841868102550507,80283
709,0,14,7433,op,-11.205692085127035,115,True,False,False,True,874.0,115,0.4914695783451441,0.001673052553087473,80398
710,0,14,7433,op,-11.212054629375537,119,True,False,False,True,887.0,119,0.4909781087667989,0.002060636878013611,80517
711,0,14,7433,op,8.545636960305274,120,True,True,False,False,872.0,120,0.4904871306580321,0.1452622264623642,80637
712,0,14,7433,op,8.562031938694417,120,True,True,False,False,819.0,120,0.4899966435273741,0.0015075431438162923,80757
713,0,14,7433,op,-11.211217381122212,118,True,False,False,True,888.0,118,0.4895066468838467,0.14503684639930725,80875
714,0,14,7433,op,8.539637836627662,120,True,True,False,False,889.0,120,0.48901714023696286,0.0028822990134358406,80995
715,0,14,7433,op,-11.20932953953743,117,True,False,False,True,896.0,117,0.4885281230967259,0.0018414824735373259,81112
716,0,14,7433,op,-11.201549146572749,112,True,False,False,True,900.0,112,0.48803959497362914,0.0022074845619499683,81224
717,0,14,7433,op,-11.194606007449329,108,True,False,False,True,890.0,108,0.4875515553786555,0.0017499607056379318,81332
718,0,14,7433,op,-11.174827188067137,96,True,False,False,True,898.0,96,0.48706400382327686,0.14400659501552582,81428
719,0,14,7433,op,-11.206106794687608,115,True,False,False,True,886.0,115,0.4865769398194536,0.0022252113558351994,81543
720,0,14,7433,op,8.552383211441338,120,True,True,False,False,848.0,120,0.48609036287963414,0.14057491719722748,81663
721,0,14,7433,op,-11.196327971170346,109,True,False,False,True,893.0,109,0.48560427251675453,0.0018571678083389997,81772
722,0,14,7433,op,-11.20946777202189,117,True,False,False,True,885.0,117,0.48511866824423777,0.001937862834893167,81889
723,0,14,7433,op,-11.203160522257289,113,True,False,False,True,898.0,113,0.4846335495759935,0.002807214856147766,82002
724,0,14,7433,op,8.53883645683527,120,True,True,False,False,895.0,120,0.4841489160264175,0.0013429748360067606,82122
725,0,14,7433,op,-11.212054632169504,119,True,False,False,True,889.0,119,0.4836647671103911,0.002657392993569374,82241
726,0,14,7433,op,-11.20307757773747,113,True,False,False,True,895.0,113,0.4831811023432807,0.0018081150483340025,82354
727,0,14,7433,op,-11.20722051349779,116,True,False,False,True,900.0,116,0.4826979212409374,0.002256437437608838,82470
728,0,14,7433,op,-11.205553846123317,115,True,False,False,True,896.0,115,0.48221522331969646,0.0014416528865695,82585
729,0,14,7433,op,-11.208132870619496,116,True,False,False,True,900.0,116,0.48173300809637676,0.0021688411943614483,82701
730,0,14,7433,op,-11.201410915019611,112,True,False,False,True,895.0,112,0.48125127508828036,0.0015801670961081982,82813
731,0,14,7433,op,-11.207026985598107,116,True,False,False,True,883.0,116,0.48077002381319206,0.0017888641450554132,82929
732,0,14,7433,op,8.551746954210103,120,True,True,False,False,852.0,120,0.48028925378937887,0.00418815016746521,83049
733,0,14,7433,op,-11.206245025309423,115,True,False,False,True,892.0,115,0.47980896453558947,0.002509976038709283,83164
734,0,14,7433,op,-11.209799543581903,117,True,False,False,True,897.0,117,0.4793291555710539,0.003167366376146674,83281
735,0,14,7433,op,-11.202607575555643,113,True,False,False,True,882.0,113,0.47884982641548285,0.0018545836210250854,83394
736,0,14,7433,op,-11.198077579339346,110,True,False,False,True,895.0,110,0.47837097658906735,0.1452341079711914,83504
737,0,14,7433,op,-11.196300322997073,109,True,False,False,True,896.0,109,0.47789260561247826,0.002161569893360138,83613
738,0,14,7433,op,-11.192745813106496,107,True,False,False,True,884.0,107,0.4774147130068658,0.13094443082809448,83720
739,0,14,7433,op,-11.20479953866452,114,True,False,False,True,899.0,114,0.4769372982938589,0.005059156101197004,83834
740,0,14,7433,op,-11.21141874094804,119,True,False,False,True,873.0,119,0.47646036099556505,0.144560769200325,83953
741,0,14,7433,op,-11.202801107180616,113,True,False,False,True,900.0,113,0.47598390063456947,0.0021764209959656,84066
742,0,14,7433,op,8.560290656983852,120,True,True,False,False,824.0,120,0.4755079167339349,0.0018988946685567498,84186
743,0,14,7433,op,-11.211888745923837,119,True,False,False,True,888.0,119,0.47503240881720094,0.0019271296914666891,84305
744,0,14,7433,op,-11.211438559057813,118,True,False,False,True,896.0,118,0.47455737640838375,0.001346711884252727,84423
745,0,14,7433,op,8.55639241822064,120,True,True,False,False,834.0,120,0.47408281903197536,0.002620062790811062,84543
746,0,14,7433,op,-11.208555413968861,117,True,False,False,True,884.0,117,0.47360873621294336,0.0013224015710875392,84660
747,0,14,7433,op,8.549646064639091,120,True,True,False,False,859.0,120,0.4731351274767304,0.1430557519197464,84780
748,0,14,7433,op,8.55346154794097,120,True,True,False,False,847.0,120,0.4726619923492537,0.14351187646389008,84900
749,0,14,7433,op,-11.21241404445221,119,True,False,False,True,891.0,119,0.47218933035690447,0.0028938986361026764,85019
750,0,14,7433,op,8.552853125147521,120,True,True,False,False,849.0,120,0.47171714102654755,0.001869851490482688,85139
751,0,14,7433,op,-11.197220514838895,110,True,False,False,True,892.0,110,0.471245423885521,0.001232388662174344,85249
752,0,14,7433,op,-11.207690515679618,116,True,False,False,True,892.0,116,0.47077417846163544,0.0014936146326363087,85365
753,0,14,7433,op,-11.189578359015286,105,True,False,False,True,892.0,105,0.4703034042831738,0.002406556159257889,85470
754,0,14,7433,op,-11.189661305397749,105,True,False,False,True,892.0,105,0.46983310087889063,0.0016358518041670322,85575
755,0,14,7433,op,-11.212496984315415,119,True,False,False,True,894.0,119,0.46936326777801174,0.14687228202819824,85694
756,0,14,7433,op,8.545802842825651,120,True,True,False,False,872.0,120,0.4688939045102337,0.1447266936302185,85814
757,0,14,7433,op,8.574113693088293,120,True,True,False,False,779.0,120,0.4684250106057235,0.0017890973249450326,85934
758,0,14,7433,op,8.571349082514644,120,True,True,False,False,788.0,120,0.46795658559511777,0.004247996024787426,86054
759,0,14,7433,op,-11.207662872162958,116,True,False,False,True,880.0,116,0.46748862900952265,0.0015958568546921015,86170
760,0,14,7433,op,8.588407881557941,120,True,True,False,False,732.0,120,0.4670211403805131,0.002166410908102989,86290
761,0,14,7433,op,8.567422918975353,120,True,True,False,False,801.0,120,0.4665541192401326,0.003694347105920315,86410
762,0,14,7433,op,-11.186023860300581,103,True,False,False,True,891.0,103,0.4660875651208925,0.0013352917740121484,86513
763,0,14,7433,op,8.548263331875205,120,True,True,False,False,863.0,120,0.4656214775557716,0.0023347449023276567,86633
764,0,14,7433,op,-11.210277373964589,118,True,False,False,True,890.0,118,0.46515585607821586,0.002365457359701395,86751
765,0,14,7433,op,8.590453756973147,120,True,True,False,False,722.0,120,0.46469070022213765,0.0012969649396836758,86871
766,0,14,7433,op,-11.191051498490076,106,True,False,False,True,886.0,106,0.4642260095219155,0.0024717601481825113,86977
767,0,14,7433,op,-11.21224816100051,119,True,False,False,True,891.0,119,0.4637617835123936,0.0027395901270210743,87096
768,0,14,7433,op,8.538808904588223,120,True,True,False,False,894.0,120,0.46329802172888124,0.1440006047487259,87216
769,0,14,7433,op,-11.206833452110489,116,True,False,False,True,883.0,116,0.46283472370715234,0.002388426335528493,87332
770,0,14,7433,op,8.574445558711886,120,True,True,False,False,778.0,120,0.46237188898344517,0.003301087534055114,87452
771,0,14,7433,op,-11.202828750697275,113,True,False,False,True,899.0,113,0.4619095170944617,0.002683387603610754,87565
772,0,14,7433,op,8.5579122453928,120,True,True,False,False,832.0,120,0.46144760757736725,0.0016078142216429114,87685
773,0,14,7433,op,-11.197690514226755,110,True,False,False,True,889.0,110,0.46098615996978987,0.0031958697363734245,87795
774,0,14,7433,op,-11.205885613026718,115,True,False,False,True,899.0,115,0.46052517380982005,0.0022897538729012012,87910
775,0,14,7433,op,8.544918898493052,120,True,True,False,False,874.0,120,0.4600646486360102,0.14104853570461273,88030
776,0,14,7433,op,-11.199523066915571,111,True,False,False,True,887.0,111,0.4596045839873742,0.0014745707157999277,88141
777,0,14,7433,op,-11.202801109974583,113,True,False,False,True,886.0,113,0.45914497940338683,0.0015051050577312708,88254
778,0,14,7433,op,-11.207966988099118,116,True,False,False,True,894.0,116,0.4586858344239834,0.0029155397787690163,88370
779,0,14,7433,op,8.5733946794644,120,True,True,False,False,781.0,120,0.45822714858955943,0.0021690416615456343,88490
780,0,14,7433,op,8.56363517884165,120,True,True,False,False,812.0,120,0.45776892144096987,0.00316886929795146,88610
781,0,14,7433,op,-11.211944039476414,119,True,False,False,True,877.0,119,0.4573111525195289,0.003624486504122615,88729
782,0,14,7433,op,-11.211438552538555,118,True,False,False,True,896.0,118,0.4568538413670094,0.14790284633636475,88847
783,0,14,7433,op,-11.203022285116216,113,True,False,False,True,893.0,113,0.4563969875256424,0.0017916340148076415,88960
784,0,14,7433,op,-11.19910835828632,111,True,False,False,True,893.0,111,0.45594059053811675,0.004333762917667627,89071
785,0,14,7433,op,-11.211833454233904,119,True,False,False,True,886.0,119,0.45548464994757865,0.0029057974461466074,89190
786,0,14,7433,op,-11.211217381122212,118,True,False,False,True,888.0,118,0.45502916529763104,0.002272999379783869,89308
787,0,14,7433,op,-11.199025418423115,111,True,False,False,True,883.0,111,0.45457413613233344,0.14223510026931763,89419
788,0,14,7433,op,-11.207579925780495,116,True,False,False,True,885.0,116,0.4541195619962011,0.0032365815714001656,89535
789,0,14,7433,op,-11.211529335503776,119,True,False,False,True,864.0,119,0.4536654424342049,0.0011858554789796472,89654
790,0,14,7433,op,-11.207220518154402,116,True,False,False,True,869.0,116,0.45321177699177073,0.002957381308078766,89770
791,0,14,7433,op,-11.201493855814139,112,True,False,False,True,898.0,112,0.452758565214779,0.003206801600754261,89882
792,0,14,7433,op,8.558963116258383,120,True,True,False,False,829.0,120,0.4523058066495642,0.002041823463514447,90002
793,0,14,7433,op,-11.191466206188004,106,True,False,False,True,899.0,106,0.45185350084291465,0.001565644983202219,90108
794,0,14,7433,op,8.579477122984827,120,True,True,False,False,760.0,120,0.4514016473420717,0.13613682985305786,90228
795,0,14,7433,op,-11.172607577716311,95,True,False,False,True,883.0,95,0.45095024569472963,0.14273515343666077,90323
796,0,14,7433,op,-11.209495416469872,117,True,False,False,True,887.0,117,0.4504992954490349,0.002867962932214141,90440
797,0,14,7433,op,8.569027112796903,120,True,True,False,False,794.0,120,0.45004879615358584,0.0018815093208104372,90560
798,0,14,7433,op,-11.20941247753799,117,True,False,False,True,883.0,117,0.44959874735743227,0.002523168222978711,90677
799,0,14,7433,op,8.55744300968945,120,True,True,False,False,834.0,120,0.4491491486100748,0.003512004390358925,90797
800,0,14,7433,op,-11.191079145732026,106,True,False,False,True,886.0,106,0.44869999946146477,0.003712608013302088,90903
801,0,14,7433,op,-11.206391099033256,116,True,False,False,True,870.0,116,0.4482512994620033,0.00699916435405612,91019
802,0,14,7433,op,-11.187662870188554,104,True,False,False,True,894.0,104,0.4478030481625413,0.002284286543726921,91123
803,0,14,7433,op,-11.20466130245477,114,True,False,False,True,892.0,114,0.44735524511437874,0.002424947451800108,91237
804,0,14,7433,op,-11.209025415219367,117,True,False,False,True,869.0,117,0.4469078898692644,0.002433188259601593,91354
805,0,14,7433,op,8.555341350845993,120,True,True,False,False,839.0,120,0.4464609819793951,0.14464086294174194,91474
806,0,14,7433,op,-11.196383265654246,109,True,False,False,True,899.0,109,0.44601452099741573,0.003215829376131296,91583
807,0,14,7433,op,-11.192552284275491,107,True,False,False,True,896.0,107,0.4455685064764183,0.001468753907829523,91690
808,0,14,7433,op,8.58434376027435,120,True,True,False,False,742.0,120,0.4451229379699419,0.0012843289878219366,91810
809,0,14,7433,op,-11.20899776518345,117,True,False,False,True,875.0,117,0.44467781503197196,0.14077304303646088,91927
810,0,14,7433,op,8.539029410108924,120,True,True,False,False,891.0,120,0.44423313721693997,0.0016008676029741764,92047
811,0,14,7433,op,8.585670058615506,120,True,True,False,False,740.0,120,0.44378890407972305,0.0037401551380753517,92167
812,0,14,7433,op,-11.196217384065191,109,True,False,False,True,888.0,109,0.44334511517564335,0.003159536514431238,92276
813,0,14,7433,op,-11.209080711565912,117,True,False,False,True,900.0,117,0.4429017700604677,0.14222882688045502,92393
814,0,14,7433,op,-11.1979669885089,110,True,False,False,True,894.0,110,0.44245886829040726,0.0031504384241998196,92503
815,0,14,7433,op,-11.20760757488509,116,True,False,False,True,900.0,116,0.44201640942211684,0.001683669863268733,92619
816,0,14,7433,op,8.575938971713185,120,True,True,False,False,773.0,120,0.44157439301269474,0.0033010500483214855,92739
817,0,14,7433,op,-11.206493852349618,115,True,False,False,True,898.0,115,0.44113281861968207,0.005388723220676184,92854
818,0,14,7433,op,8.540163038298488,120,True,True,False,False,890.0,120,0.4406916858010624,0.003569700289517641,92974
819,0,14,7433,op,-11.204053067788482,114,True,False,False,True,900.0,114,0.4402509941152613,0.0016802595928311348,93088
820,0,14,7433,op,-11.203215814878543,113,True,False,False,True,900.0,113,0.43981074312114604,0.005447696428745985,93201
821,0,14,7433,op,-11.189274244941771,105,True,False,False,True,900.0,105,0.4393709323780249,0.0023402622900903225,93306
822,0,14,7433,op,-11.204578359797598,114,True,False,False,True,894.0,114,0.4389315614456469,0.004140554927289486,93420
823,0,14,7433,op,8.557995186187327,120,True,True,False,False,832.0,120,0.43849262988420123,0.002282120753079653,93540
824,0,14,7433,op,-11.21188874685516,119,True,False,False,True,883.0,119,0.438054137254317,0.0020913523621857166,93659
825,0,14,7433,op,-11.203215816741189,113,True,False,False,True,900.0,113,0.4376160831170627,0.0016952892765402794,93772
826,0,14,7433,op,-11.1897995416075,105,True,False,False,True,900.0,105,0.43717846703394564,0.0022974873427301645,93877
827,0,14,7433,op,-11.205830322268108,115,True,False,False,True,874.0,115,0.4367412885669117,0.0028412924148142338,93992
828,0,14,7433,op,-11.211252862152953,119,True,False,False,True,865.0,119,0.4363045472783448,0.1334986537694931,94111
829,0,14,7433,op,-11.210332668448489,118,True,False,False,True,876.0,118,0.43586824273106645,0.1444632112979889,94229
830,0,14,7433,op,-11.20894247442484,117,True,False,False,True,899.0,117,0.4354323744883354,0.001735258148983121,94346
831,0,14,7433,op,-11.206410911555091,115,True,False,False,True,896.0,115,0.43499694211384704,0.0017163017764687538,94461
832,0,14,7433,op,-11.212082278480132,119,True,False,False,True,895.0,119,0.4345619451717332,0.14187711477279663,94580
833,0,14,7433,op,-11.208942470699549,117,True,False,False,True,866.0,117,0.43412738322656147,0.001918196678161621,94697
834,0,14,7433,op,-11.207275808913012,116,True,False,False,True,896.0,116,0.4336932558433349,0.12359388172626495,94813
835,0,14,7433,op,-11.196466206448774,109,True,False,False,True,897.0,109,0.43325956258749154,0.001441016560420394,94922
836,0,14,7433,op,-11.207109922667344,116,True,False,False,True,880.0,116,0.43282630302490405,0.12543749809265137,95038
837,0,14,7433,op,-11.201549144710103,112,True,False,False,True,900.0,112,0.43239347672187917,0.00386108853854239,95150
838,0,14,7433,op,-11.21132796915869,118,True,False,False,True,899.0,118,0.4319610832451573,0.004463572055101395,95268
839,0,14,7433,op,8.561340665444732,120,True,True,False,False,820.0,120,0.43152912216191214,0.00235817302018404,95388
840,0,14,7433,op,-11.209523067437113,117,True,False,False,True,887.0,117,0.4310975930397502,0.0025757837574929,95505
841,0,14,7433,op,-11.195636793846885,109,True,False,False,True,888.0,109,0.43066649544671043,0.006394003517925739,95614
842,0,14,7433,op,-11.212635220525165,119,True,False,False,True,883.0,119,0.4302358289512637,0.0066669415682554245,95733
843,0,14,7433,op,-11.208306592516601,117,True,False,False,True,882.0,117,0.4298055931223125,0.1385141760110855,95850
844,0,14,7433,op,8.566345446743071,120,True,True,False,False,803.0,120,0.42937578752919014,0.0037286861333996058,95970
845,0,14,7433,op,-11.193022283663352,107,True,False,False,True,893.0,107,0.4289464117416609,0.13228100538253784,96077
846,0,14,7433,op,8.55879732966423,120,True,True,False,False,828.0,120,0.42851746532991924,0.2721115052700043,96197
847,0,14,7433,op,-11.207635220264395,116,True,False,False,True,884.0,116,0.42808894786458934,0.13905999064445496,96313
848,0,14,7433,op,8.552438325248659,120,True,True,False,False,850.0,120,0.42766085891672473,0.0023402622900903225,96433
849,0,14,7433,op,-11.208022282583018,116,True,False,False,True,893.0,116,0.427233198057808,0.41306811571121216,96549
850,0,14,7433,op,8.547683413140476,120,True,True,False,False,866.0,120,0.4268059648597502,0.0021663999650627375,96669
851,0,14,7433,op,-11.20252463662376,113,True,False,False,True,895.0,113,0.4263791588948904,0.00265644327737391,96782
852,0,14,7433,op,8.58708071988076,120,True,True,False,False,733.0,120,0.42595277973599555,0.005425307434052229,96902
853,0,14,7433,op,-11.202773457144698,113,True,False,False,True,894.0,113,0.42552682695625954,0.004922349005937576,97015
854,0,14,7433,op,-11.211501687330504,119,True,False,False,True,876.0,119,0.4251013001293033,0.00316624715924263,97134
855,0,14,7433,op,8.577818590216339,120,True,True,False,False,767.0,120,0.424676198829174,0.004105088766664267,97254
856,0,14,7433,op,-11.20585796671609,115,True,False,False,True,896.0,115,0.4242515226303448,0.0015330238966271281,97369
857,0,14,7433,op,-11.207469340537985,116,True,False,False,True,890.0,116,0.42382727110771445,0.003044928889721632,97485
858,0,14,7433,op,-11.20952307023108,117,True,False,False,True,893.0,117,0.4234034438366067,0.0035780994221568108,97602
859,0,14,7433,op,-11.189301890321076,105,True,False,False,True,898.0,105,0.4229800403927701,0.0019155292538926005,97707
860,0,14,7433,op,-11.19310522818317,107,True,False,False,True,899.0,107,0.42255706035237733,0.0017126977909356356,97814
861,0,14,7433,op,-11.186300322475534,103,True,False,False,True,900.0,103,0.42213450329202495,0.003730213036760688,97917
862,0,14,7433,op,-11.207469339606662,116,True,False,False,True,881.0,116,0.4217123687887329,0.14624550938606262,98033
863,0,14,7433,op,8.568058992736042,120,True,True,False,False,799.0,120,0.4212906564199442,0.004364511463791132,98153
864,0,14,7433,op,-11.206493852349618,115,True,False,False,True,898.0,115,0.42086936576352424,0.0034243103582412004,98268
865,0,14,7433,op,-11.208105229896804,116,True,False,False,True,896.0,116,0.4204484963977607,0.0035647875629365444,98384
866,0,14,7433,op,-11.206327968897918,115,True,False,False,True,892.0,115,0.42002804790136294,0.004347627516835928,98499
867,0,14,7433,op,-11.209827185235918,117,True,False,False,True,899.0,117,0.4196080198534616,0.002187883947044611,98616
868,0,14,7433,op,-11.210332671242456,118,True,False,False,True,889.0,118,0.4191884118336081,0.006313092075288296,98734
869,0,14,7433,op,-11.21230345548441,119,True,False,False,True,888.0,119,0.41876922342177453,0.0028012122493237257,98853
870,0,14,7433,op,-11.206418743481239,116,True,False,False,True,870.0,116,0.41835045419835276,0.0024954809341579676,98969
871,0,14,7433,op,-11.193022288319964,107,True,False,False,True,899.0,107,0.4179321037441544,0.1420924812555313,99076
872,0,14,7433,op,8.54646665416658,120,True,True,False,False,869.0,120,0.41751417164041027,0.1375872641801834,99196
873,0,14,7433,op,-11.199191297218203,111,True,False,False,True,875.0,111,0.41709665746876984,0.003932673018425703,99307
874,0,14,7433,op,8.560428981669247,120,True,True,False,False,823.0,120,0.4166795608113011,0.0037510686088353395,99427
875,0,14,7433,op,-11.202801104386648,113,True,False,False,True,885.0,113,0.41626288125048977,0.0043708994053304195,99540
876,0,14,7433,op,-11.210968554082017,118,True,False,False,True,891.0,118,0.41584661836923925,0.14030925929546356,99658
877,0,14,7433,op,8.549175877124071,120,True,True,False,False,861.0,120,0.41543077175087,0.0035441992804408073,99778
878,0,14,7433,op,8.542181841097772,120,True,True,False,False,884.0,120,0.41501534097911913,0.0012766727013513446,99898
879,0,14,7433,op,8.560953419655561,120,True,True,False,False,822.0,120,0.41460032563814003,0.0029649483039975166,100000
880,0,14,7433,op,-11.210249727653961,118,True,False,False,True,886.0,118,0.4141857253125019,0.002491771476343274,100000
881,0,14,7433,op,8.543397742323577,120,True,True,False,False,880.0,120,0.41377153958718943,0.0049647497944533825,100000
882,0,14,7433,op,8.54856744967401,120,True,True,False,False,863.0,120,0.4133577680476022,0.005239981226623058,100000
883,0,14,7433,op,8.573174363933504,120,True,True,False,False,782.0,120,0.4129444102795546,0.002804837189614773,100000
884,0,14,7433,op,-11.1941912997514,108,True,False,False,True,899.0,108,0.412531465869275,0.13542070984840393,100000
885,0,14,7433,op,8.542900187894702,120,True,True,False,False,879.0,120,0.41211893440340575,0.004816453903913498,100000
886,0,14,7433,op,-11.20594091216723,115,True,False,False,True,890.0,115,0.41170681546900234,0.005045958794653416,100000
887,0,14,7433,op,-11.211722863403459,119,True,False,False,True,884.0,119,0.41129510865353336,0.004800910130143166,100000
888,0,14,7433,op,8.575911418534815,120,True,True,False,False,772.0,120,0.41088381354487985,0.005630495026707649,100000
889,0,14,7433,op,8.553074391558766,120,True,True,False,False,848.0,120,0.410472929731335,0.0025111790746450424,100000
890,0,14,7433,op,-11.208859534561634,117,True,False,False,True,878.0,117,0.41006245680160364,0.003330141305923462,100000
891,0,14,7433,op,8.564105370081961,120,True,True,False,False,810.0,120,0.40965239434480205,0.00288561824709177,100000
892,0,14,7433,op,-11.212192859997351,119,True,False,False,True,890.0,119,0.40924274195045723,0.0024380884133279324,100000
893,0,14,7433,op,8.56496252771467,120,True,True,False,False,809.0,120,0.40883349920850676,0.0067397900857031345,100000
894,0,14,7433,op,8.556696348823607,120,True,True,False,False,836.0,120,0.40842466570929825,0.12529535591602325,100000
895,0,14,7433,op,-11.211162084775667,118,True,False,False,True,893.0,118,0.40801624104358897,0.004477590322494507,100000
896,0,14,7433,op,8.54196057561785,120,True,True,False,False,885.0,120,0.4076082248025454,0.14424604177474976,100000
897,0,14,7433,op,-11.194440125860273,108,True,False,False,True,892.0,108,0.4072006165777428,0.006222215946763754,100000
898,0,14,7433,op,-11.21205463403215,119,True,False,False,True,893.0,119,0.4067934159611651,0.003154569072648883,100000
899,0,14,7433,op,8.550144092179835,120,True,True,False,False,855.0,120,0.4063866225452039,0.004140480887144804,100000
900,0,14,7433,op,-11.212496984315415,119,True,False,False,True,878.0,119,0.4059802359226587,0.003104262053966522,100000
901,0,14,7433,op,-11.209218948706985,117,True,False,False,True,878.0,117,0.40557425568673605,0.0031394334509968758,100000
902,0,14,7433,op,8.540826850570738,120,True,True,False,False,887.0,120,0.40516868143104934,0.009391237050294876,100000
903,0,14,7433,op,-11.211722861540814,119,True,False,False,True,882.0,119,0.4047635127496183,0.0031520805787295103,100000
904,0,14,7433,op,8.540550470352173,120,True,True,False,False,886.0,120,0.4043587492368687,0.0032665315084159374,100000
905,0,14,7433,op,-11.181051498899857,100,True,False,False,True,897.0,100,0.4039543904876318,0.006748957559466362,100000
906,0,14,7433,op,8.5651840781793,120,True,True,False,False,805.0,120,0.4035504360971442,0.005371184553951025,100000
907,0,14,7433,op,-11.206466203245023,115,True,False,False,True,897.0,115,0.40314688566104706,0.002469926606863737,100000
908,0,14,7433,op,-11.212579926972587,119,True,False,False,True,898.0,119,0.402743738775386,0.003432739060372114,100000
909,0,14,7433,op,8.55680693499744,120,True,True,False,False,836.0,120,0.4023409950366106,0.002563584130257368,100000
910,0,14,7433,op,8.539775787852705,120,True,True,False,False,892.0,120,0.401938654041574,0.002892901189625263,100000
911,0,14,7433,op,-11.206549145902196,115,True,False,False,True,900.0,115,0.4015367153875324,0.005306665785610676,100000
912,0,14,7433,op,-11.197690518883368,110,True,False,False,True,894.0,110,0.4011351786721449,0.12202019989490509,100000
913,0,14,7433,op,8.555756341665983,120,True,True,False,False,836.0,120,0.40073404349347275,0.00228735338896513,100000
914,0,14,7433,op,8.560428984463215,120,True,True,False,False,823.0,120,0.40033330944997925,0.0028297784738242626,100000
915,0,14,7433,op,-11.211327968227367,118,True,False,False,True,899.0,118,0.39993297614052925,0.0039990427903831005,100000
916,0,14,7433,op,-11.209799537062645,117,True,False,False,True,897.0,117,0.3995330431643887,0.2655384838581085,100000
917,0,14,7433,op,-11.209523064643145,117,True,False,False,True,887.0,117,0.39913351012122433,0.0024565127678215504,100000
918,0,14,7433,op,-11.209771893545986,117,True,False,False,True,896.0,117,0.3987343766111031,0.004613769240677357,100000
919,0,14,7433,op,-11.203022284184893,113,True,False,False,True,893.0,113,0.398335642234492,0.13166916370391846,100000
920,0,14,7433,op,-11.210609142730634,118,True,False,False,True,881.0,118,0.3979373065922575,0.15176443755626678,100000
921,0,14,7433,op,8.57491602562368,120,True,True,False,False,773.0,120,0.39753936928566525,0.0021944819018244743,100000
922,0,14,7433,op,8.540716169402003,120,True,True,False,False,888.0,120,0.3971418299163796,0.004462908953428268,100000
923,0,14,7433,op,8.581993001513183,120,True,True,False,False,750.0,120,0.3967446880864632,0.008845524862408638,100000
924,0,14,7433,op,8.568750456906855,120,True,True,False,False,796.0,120,0.3963479433983767,0.0039293887093663216,100000
925,0,14,7433,op,-11.19810522471865,110,True,False,False,True,897.0,110,0.3959515954549783,0.0026528106536716223,100000
926,0,14,7433,op,8.546439013443887,120,True,True,False,False,869.0,120,0.39555564385952335,0.12722505629062653,100000
927,0,14,7433,op,8.546964399516582,120,True,True,False,False,868.0,120,0.39516008821566384,0.1391536444425583,100000
928,0,14,7433,op,-11.197745812435945,110,True,False,False,True,883.0,110,0.3947649281274482,0.004671487957239151,100000
929,0,14,7433,op,-11.207165217151244,116,True,False,False,True,892.0,116,0.3943701631993207,0.004138078074902296,100000
930,0,14,7433,op,8.554871071130037,120,True,True,False,False,842.0,120,0.3939757930361214,0.14465846121311188,100000
931,0,14,7433,op,-11.207496987779935,116,True,False,False,True,900.0,116,0.3935818172430853,0.003190150950103998,100000
932,0,14,7433,op,8.541379887610674,120,True,True,False,False,886.0,120,0.3931882354258422,0.13287988305091858,100000
933,0,14,7433,op,-11.207496987779935,116,True,False,False,True,899.0,116,0.39279504719041636,0.00239846995100379,100000
934,0,14,7433,op,8.53698362596333,120,True,True,False,False,900.0,120,0.39240225214322594,0.1231805607676506,100000
935,0,14,7433,op,-11.206189735482136,115,True,False,False,True,887.0,115,0.39200984989108273,0.12531481683254242,100000
936,0,14,7433,op,-11.202607575555643,113,True,False,False,True,892.0,113,0.39161784004119166,0.12504006922245026,100000
937,0,14,7433,op,-11.213049931948383,119,True,False,False,True,894.0,119,0.39122622220115044,0.004433654714375734,100000
938,0,14,7433,op,8.56816977262497,120,True,True,False,False,797.0,120,0.3908349959789493,0.00427324790507555,100000
939,0,14,7433,op,-11.208970124460757,117,True,False,False,True,886.0,117,0.3904441609829703,0.1338588297367096,100000
940,0,14,7433,op,-11.199882482923567,111,True,False,False,True,900.0,111,0.3900537168219873,0.00259382463991642,100000
941,0,14,7433,op,-11.21191639409711,119,True,False,False,True,872.0,119,0.3896636631051653,0.006837676279246807,100000
942,0,14,7433,op,8.565737020224333,120,True,True,False,False,805.0,120,0.38927399944206015,0.003422045148909092,100000
943,0,14,7433,op,-11.20033266885827,112,True,False,False,True,882.0,112,0.3888847254426181,0.002570859156548977,100000
944,0,14,7433,op,8.546024392358959,120,True,True,False,False,868.0,120,0.38849584071717547,0.0037980603519827127,100000
945,0,14,7433,op,8.543951058760285,120,True,True,False,False,876.0,120,0.3881073448764583,0.003340049646794796,100000
946,0,14,7433,op,-11.202828750697275,113,True,False,False,True,898.0,113,0.3877192375315819,0.006902833003550768,100000
947,0,14,7433,op,8.579035440459847,120,True,True,False,False,763.0,120,0.3873315182940503,0.0062590474262833595,100000
948,0,14,7433,op,-11.204136006720365,114,True,False,False,True,889.0,114,0.38694418677575626,0.002407058607786894,100000
949,0,14,7433,op,8.53869822062552,120,True,True,False,False,895.0,120,0.3865572425889805,0.14624004065990448,100000
950,0,14,7433,op,-11.202994637874266,113,True,False,False,True,892.0,113,0.38617068534639154,0.003007965162396431,100000
951,0,14,7433,op,-11.206134440998236,115,True,False,False,True,885.0,115,0.38578451466104513,0.005469868890941143,100000
952,0,14,7433,op,8.54632860608399,120,True,True,False,False,867.0,120,0.3853987301463841,0.012219799682497978,100000
953,0,14,7433,op,-11.208022284445663,116,True,False,False,True,893.0,116,0.3850133314162377,0.00780946621671319,100000
954,0,14,7433,op,-11.18643856427322,103,True,False,False,True,896.0,103,0.3846283180848215,0.004189877770841122,100000
955,0,14,7433,op,-11.21152149612705,118,True,False,False,True,900.0,118,0.3842436897667367,0.0032914821058511734,100000
956,0,14,7433,op,-11.207579928574463,116,True,False,False,True,878.0,116,0.3838594460769699,0.004546496085822582,100000
957,0,14,7433,op,8.540107647888362,120,True,True,False,False,891.0,120,0.38347558663089293,0.12981519103050232,100000
958,0,14,7433,op,8.544918902218342,120,True,True,False,False,874.0,120,0.38309211104426205,0.129154235124588,100000
959,0,14,7433,op,-11.211750511576732,119,True,False,False,True,877.0,119,0.3827090189332178,0.01621983014047146,100000
960,0,14,7433,op,-11.188215817821522,104,True,False,False,True,900.0,104,0.38232630991428457,0.12693923711776733,100000
961,0,14,7433,op,-11.201023852700988,112,True,False,False,True,888.0,112,0.38194398360437026,0.008335540071129799,100000
962,0,14,7433,op,8.571404657326639,120,True,True,False,False,785.0,120,0.3815620396207659,0.007250542752444744,100000
963,0,14,7433,op,-11.20580267223219,115,True,False,False,True,873.0,115,0.38118047758114515,0.006740028969943523,100000
964,0,14,7433,op,8.54207058250904,120,True,True,False,False,881.0,120,0.380799297103564,0.0033324523828923702,100000
965,0,14,7433,op,-11.21113443846504,118,True,False,False,True,896.0,118,0.3804184978064605,0.011500496417284012,100000
966,0,14,7433,op,8.538034691475332,120,True,True,False,False,895.0,120,0.380038079308654,0.015499942004680634,100000
967,0,14,7433,op,-11.208002468198538,117,True,False,False,True,865.0,117,0.3796580412293454,0.10104569792747498,100000
968,0,14,7433,op,-11.211833454233904,119,True,False,False,True,885.0,119,0.379278383188116,0.010817615315318108,100000
969,0,14,7433,op,8.540495082736015,120,True,True,False,False,887.0,120,0.3788991048049279,0.13200977444648743,100000
970,0,14,7433,op,-11.211833450508614,119,True,False,False,True,886.0,119,0.37852020570012296,0.004775699693709612,100000
971,0,14,7433,op,8.553295669145882,120,True,True,False,False,847.0,120,0.37814168549442284,0.005689892452210188,100000
972,0,14,7433,op,-11.199467771500348,111,True,False,False,True,885.0,111,0.3777635438089284,0.12435612082481384,100000
973,0,14,7433,op,8.537619700655341,120,True,True,False,False,898.0,120,0.3773857802651195,0.0032927964348345995,100000
974,0,14,7433,op,8.55636458285153,120,True,True,False,False,836.0,120,0.37700839448485435,0.00941448099911213,100000
975,0,14,7433,op,-11.204412476345897,114,True,False,False,True,883.0,114,0.3766313860903695,0.013475414365530014,100000
976,0,14,7433,op,8.541324782185256,120,True,True,False,False,884.0,120,0.37625475470427916,0.006122844759374857,100000
977,0,14,7433,op,8.581247103400528,120,True,True,False,False,754.0,120,0.3758784999495749,0.00967641081660986,100000
978,0,14,7433,op,8.566869977861643,120,True,True,False,False,801.0,120,0.3755026214496253,0.004587939940392971,100000
979,0,14,7433,op,8.552631947211921,120,True,True,False,False,849.0,120,0.3751271188281757,0.004061979707330465,100000
980,0,14,7433,op,-11.205277376497785,115,True,False,False,True,874.0,115,0.3747519917093475,0.006490032654255629,100000
981,0,14,7433,op,-11.202745811765393,113,True,False,False,True,883.0,113,0.37437723971763814,0.0025033368729054928,100000
982,0,14,7433,op,-11.20274581083407,113,True,False,False,True,891.0,113,0.37400286247792053,0.006209575105458498,100000
983,0,14,7433,op,-11.204550714418293,114,True,False,False,True,889.0,114,0.3736288596154426,0.006286083720624447,100000
984,0,14,7433,op,8.551802344620228,120,True,True,False,False,851.0,120,0.37325523075582717,0.0036051396746188402,100000
985,0,14,7433,op,-11.20746933867534,116,True,False,False,True,894.0,116,0.37288197552507135,0.002711187582463026,100000
986,0,14,7433,op,8.551498315297067,120,True,True,False,False,850.0,120,0.37250909354954626,0.0038802586495876312,100000
987,0,14,7433,op,-11.199301888048648,111,True,False,False,True,879.0,111,0.37213658445599673,0.27655357122421265,100000
988,0,14,7433,op,-11.211971683924396,119,True,False,False,True,883.0,119,0.3717644478715407,0.004801236093044281,100000
989,0,14,7433,op,-11.200885615559915,112,True,False,False,True,896.0,112,0.3713926834236692,0.005242278799414635,100000
990,0,14,7433,op,8.538808810524642,120,True,True,False,False,895.0,120,0.37102129074024554,0.26091456413269043,100000
991,0,14,7433,op,-11.20277345807602,113,True,False,False,True,900.0,113,0.3706502694495053,0.0032410130370408297,100000
992,0,14,7433,op,-11.202662868176898,113,True,False,False,True,893.0,113,0.3702796191800558,0.00417027622461319,100000
993,0,14,7433,op,8.552576560527086,120,True,True,False,False,850.0,120,0.36990933956087574,0.010540706105530262,100000
994,0,14,7433,op,8.555921943858266,120,True,True,False,False,839.0,120,0.36953943022131486,0.003931065090000629,100000
995,0,14,7433,op,-11.199799537472426,111,True,False,False,True,897.0,111,0.3691698907910935,0.005037765949964523,100000
996,0,14,7433,op,8.539112156257033,120,True,True,False,False,893.0,120,0.3688007209003024,0.009436717256903648,100000
997,0,14,7433,op,8.57347771525383,120,True,True,False,False,780.0,120,0.36843192017940213,0.00590138603001833,100000
998,0,14,7433,op,-11.21271816038837,119,True,False,False,True,894.0,119,0.36806348825922275,0.1280691921710968,100000
999,0,14,7433,op,8.549535385333002,120,True,True,False,False,860.0,120,0.3676954247709635,0.0033823850098997355,100000
