episode,scenario_idx,scenario_sos,scenario_cost,action_mode,reward,steps,done,terminated,truncated,dead_end,makespan,done_ops,epsilon,loss,replay_size
0,0,14,7433,op,-0.15566666666666676,115,True,False,False,True,895.0,115,0.999,,115
1,0,14,7433,op,-0.1410000000000001,117,True,False,False,True,896.0,117,0.998001,,232
2,0,14,7433,op,-0.12633333333333344,119,True,False,False,True,873.0,119,0.997002999,,351
3,0,14,7433,op,0.6415750560760497,120,True,True,False,False,866.0,120,0.996005996001,,471
4,0,14,7433,op,-0.1410000000000001,117,True,False,False,True,900.0,117,0.995009990004999,0.0009660230716690421,588
5,0,14,7433,op,-0.1410000000000001,117,True,False,False,True,882.0,117,0.994014980014994,0.0036068507470190525,705
6,0,14,7433,op,-0.14833333333333343,116,True,False,False,True,875.0,116,0.993020965034979,0.0014481795951724052,821
7,0,14,7433,op,0.6479339179992675,120,True,True,False,False,843.0,120,0.9920279440699441,0.004296650178730488,941
8,0,14,7433,op,-0.12633333333333344,119,True,False,False,True,885.0,119,0.9910359161258742,0.001669420744292438,1060
9,0,14,7433,op,-0.1410000000000001,117,True,False,False,True,895.0,117,0.9900448802097482,0.0010006886441260576,1177
10,0,14,7433,op,0.668945806980133,120,True,True,False,False,767.0,120,0.9890548353295385,0.001644221949391067,1297
11,0,14,7433,op,-0.2950000000000001,96,True,False,False,True,899.0,96,0.988065780494209,0.0016472924035042524,1393
12,0,14,7433,op,-0.1410000000000001,117,True,False,False,True,871.0,117,0.9870777147137147,0.0017282254993915558,1510
13,0,14,7433,op,-0.19966666666666674,109,True,False,False,True,898.0,109,0.986090636999001,0.0015510395169258118,1619
14,0,14,7433,op,-0.25100000000000006,102,True,False,False,True,899.0,102,0.9851045463620021,0.0013487664982676506,1721
15,0,14,7433,op,-0.17033333333333342,113,True,False,False,True,900.0,113,0.98411944181564,0.0020292841363698244,1834
16,0,14,7433,op,0.6365985450744628,120,True,True,False,False,884.0,120,0.9831353223738244,0.003416139166802168,1954
17,0,14,7433,op,-0.12633333333333344,119,True,False,False,True,893.0,119,0.9821521870514506,0.000948013155721128,2073
18,0,14,7433,op,-0.17766666666666675,112,True,False,False,True,900.0,112,0.9811700348643991,0.0008436439675278962,2185
19,0,14,7433,op,-0.15566666666666676,115,True,False,False,True,887.0,115,0.9801888648295347,0.0020503071136772633,2300
20,0,14,7433,op,-0.14833333333333343,116,True,False,False,True,883.0,116,0.9792086759647052,0.002178886439651251,2416
21,0,14,7433,op,-0.13366666666666677,118,True,False,False,True,867.0,118,0.9782294672887405,0.0009671645821072161,2534
22,0,14,7433,op,0.6341102895736693,120,True,True,False,False,893.0,120,0.9772512378214517,0.0026145887095481157,2654
23,0,14,7433,op,-0.20700000000000007,108,True,False,False,True,893.0,108,0.9762739865836303,0.0016168470028787851,2762
24,0,14,7433,op,-0.2290000000000001,105,True,False,False,True,899.0,105,0.9752977125970467,0.001447408925741911,2867
25,0,14,7433,op,0.6512515721321105,120,True,True,False,False,831.0,120,0.9743224148844496,0.0011975346133112907,2987
26,0,14,7433,op,0.6634163436889647,120,True,True,False,False,787.0,120,0.9733480924695651,0.0006950102397240698,3107
27,0,14,7433,op,-0.19966666666666674,109,True,False,False,True,891.0,109,0.9723747443770956,0.0015137894079089165,3216
28,0,14,7433,op,-0.17033333333333342,113,True,False,False,True,888.0,113,0.9714023696327185,0.000568038085475564,3329
29,0,14,7433,op,-0.20700000000000007,108,True,False,False,True,900.0,108,0.9704309672630859,0.0012030042707920074,3437
30,0,14,7433,op,-0.21433333333333343,107,True,False,False,True,899.0,107,0.9694605362958227,0.0005635791458189487,3544
31,0,14,7433,op,-0.2730000000000001,99,True,False,False,True,900.0,99,0.9684910757595269,0.0009863916784524918,3643
32,0,14,7433,op,0.6548457322120665,120,True,True,False,False,818.0,120,0.9675225846837673,0.001723739318549633,3763
33,0,14,7433,op,0.6531868753433226,120,True,True,False,False,824.0,120,0.9665550620990835,0.001500940416008234,3883
34,0,14,7433,op,-0.17766666666666675,112,True,False,False,True,898.0,112,0.9655885070369844,0.0011446909047663212,3995
35,0,14,7433,op,-0.1923333333333334,110,True,False,False,True,897.0,110,0.9646229185299474,0.0007394583662971854,4105
36,0,14,7433,op,-0.14833333333333343,116,True,False,False,True,877.0,116,0.9636582956114175,0.0010858513414859772,4221
37,0,14,7433,op,-0.2363333333333334,104,True,False,False,True,900.0,104,0.9626946373158061,0.0014716382138431072,4325
38,0,14,7433,op,-0.17033333333333342,113,True,False,False,True,892.0,113,0.9617319426784903,0.0005539628909900784,4438
39,0,14,7433,op,0.6363220987319945,120,True,True,False,False,885.0,120,0.9607702107358118,0.000901188759598881,4558
40,0,14,7433,op,0.6346632418632506,120,True,True,False,False,891.0,120,0.959809440525076,0.00217253970913589,4678
41,0,14,7433,op,-0.1410000000000001,117,True,False,False,True,890.0,117,0.9588496310845509,0.0005581110017374158,4795
42,0,14,7433,op,0.6664575514793395,120,True,True,False,False,776.0,120,0.9578907814534664,0.0006009049247950315,4915
43,0,14,7433,op,-0.1410000000000001,117,True,False,False,True,899.0,117,0.9569328906720129,0.0004762059252243489,5032
44,0,14,7433,op,-0.1410000000000001,117,True,False,False,True,895.0,117,0.9559759577813409,0.0008395223994739354,5149
45,0,14,7433,op,-0.17766666666666675,112,True,False,False,True,883.0,112,0.9550199818235596,0.001193140633404255,5261
46,0,14,7433,op,-0.1630000000000001,114,True,False,False,True,896.0,114,0.9540649618417361,0.002650136360898614,5375
47,0,14,7433,op,0.6412986097335814,120,True,True,False,False,867.0,120,0.9531108968798944,0.0009267426794394851,5495
48,0,14,7433,op,-0.1410000000000001,117,True,False,False,True,876.0,117,0.9521577859830145,0.0027980259619653225,5612
49,0,14,7433,op,-0.2363333333333334,104,True,False,False,True,896.0,104,0.9512056281970315,0.0007665925659239292,5716
50,0,14,7433,op,-0.1410000000000001,117,True,False,False,True,894.0,117,0.9502544225688344,0.0009416111279278994,5833
51,0,14,7433,op,-0.1410000000000001,117,True,False,False,True,899.0,117,0.9493041681462656,0.0009193250443786383,5950
52,0,14,7433,op,-0.17033333333333342,113,True,False,False,True,885.0,113,0.9483548639781193,0.00046827615005895495,6063
53,0,14,7433,op,-0.1923333333333334,110,True,False,False,True,893.0,110,0.9474065091141411,0.0017936966614797711,6173
54,0,14,7433,op,-0.14833333333333343,116,True,False,False,True,896.0,116,0.946459102605027,0.0015034305397421122,6289
55,0,14,7433,op,-0.12633333333333344,119,True,False,False,True,880.0,119,0.9455126435024219,0.0011263994965702295,6408
56,0,14,7433,op,-0.1923333333333334,110,True,False,False,True,899.0,110,0.9445671308589195,0.0006865272298455238,6518
57,0,14,7433,op,0.6598222432136535,120,True,True,False,False,800.0,120,0.9436225637280606,0.0007471187273040414,6638
58,0,14,7433,op,-0.14833333333333343,116,True,False,False,True,881.0,116,0.9426789411643326,0.0008194994879886508,6754
59,0,14,7433,op,0.6592692909240722,120,True,True,False,False,802.0,120,0.9417362622231683,0.001084570656530559,6874
60,0,14,7433,op,-0.12633333333333344,119,True,False,False,True,869.0,119,0.9407945259609451,0.0009804604342207313,6993
61,0,14,7433,op,-0.1923333333333334,110,True,False,False,True,888.0,110,0.9398537314349842,0.0011023101396858692,7103
62,0,14,7433,op,-0.1410000000000001,117,True,False,False,True,885.0,117,0.9389138777035492,0.0009983479976654053,7220
63,0,14,7433,op,-0.1410000000000001,117,True,False,False,True,885.0,117,0.9379749638258457,0.0014752182178199291,7337
64,0,14,7433,op,-0.15566666666666676,115,True,False,False,True,897.0,115,0.9370369888620198,0.002292918274179101,7452
65,0,14,7433,op,-0.12633333333333344,119,True,False,False,True,888.0,119,0.9360999518731578,0.000906831119209528,7571
66,0,14,7433,op,-0.17033333333333342,113,True,False,False,True,898.0,113,0.9351638519212846,0.0013461899943649769,7684
67,0,14,7433,op,-0.1923333333333334,110,True,False,False,True,893.0,110,0.9342286880693633,0.0009490801021456718,7794
68,0,14,7433,op,-0.14833333333333343,116,True,False,False,True,898.0,116,0.933294459381294,0.0014167665503919125,7910
69,0,14,7433,op,-0.21433333333333343,107,True,False,False,True,900.0,107,0.9323611649219127,0.0010923766531050205,8017
70,0,14,7433,op,-0.17033333333333342,113,True,False,False,True,884.0,113,0.9314288037569908,0.0008703160565346479,8130
71,0,14,7433,op,-0.1923333333333334,110,True,False,False,True,900.0,110,0.9304973749532338,0.0008439170196652412,8240
72,0,14,7433,op,0.6360456523895263,120,True,True,False,False,886.0,120,0.9295668775782806,0.0009436854743398726,8360
73,0,14,7433,op,-0.17033333333333342,113,True,False,False,True,879.0,113,0.9286373107007023,0.0011221584863960743,8473
74,0,14,7433,op,0.6589928445816039,120,True,True,False,False,803.0,120,0.9277086733900016,0.0010406083893030882,8593
75,0,14,7433,op,0.6645222482681273,120,True,True,False,False,783.0,120,0.9267809647166116,0.0019218383822590113,8713
76,0,14,7433,op,-0.18500000000000008,111,True,False,False,True,897.0,111,0.925854183751895,0.0008742180070839822,8824
77,0,14,7433,op,-0.3023333333333334,95,True,False,False,True,898.0,95,0.9249283295681431,0.001280532218515873,8919
78,0,14,7433,op,-0.19966666666666674,109,True,False,False,True,895.0,109,0.9240034012385749,0.0014119038823992014,9028
79,0,14,7433,op,-0.2363333333333334,104,True,False,False,True,890.0,104,0.9230793978373364,0.0014127567410469055,9132
80,0,14,7433,op,-0.13366666666666677,118,True,False,False,True,889.0,118,0.9221563184394991,0.0008488035527989268,9250
81,0,14,7433,op,0.6617575464248656,120,True,True,False,False,793.0,120,0.9212341621210596,0.0011564672458916903,9370
82,0,14,7433,op,-0.1410000000000001,117,True,False,False,True,889.0,117,0.9203129279589385,0.0012351245386525989,9487
83,0,14,7433,op,-0.14833333333333343,116,True,False,False,True,896.0,116,0.9193926150309796,0.0014261475298553705,9603
84,0,14,7433,op,-0.13366666666666677,118,True,False,False,True,873.0,118,0.9184732224159486,0.0018248583655804396,9721
85,0,14,7433,op,-0.17033333333333342,113,True,False,False,True,893.0,113,0.9175547491935327,0.0014075469225645065,9834
86,0,14,7433,op,-0.14833333333333343,116,True,False,False,True,887.0,116,0.9166371944443392,0.0015550598036497831,9950
87,0,14,7433,op,-0.17033333333333342,113,True,False,False,True,891.0,113,0.9157205572498949,0.0014181577134877443,10063
88,0,14,7433,op,-0.19966666666666674,109,True,False,False,True,897.0,109,0.914804836692645,0.0014758671168237925,10172
89,0,14,7433,op,-0.15566666666666676,115,True,False,False,True,891.0,115,0.9138900318559524,0.0018962461035698652,10287
90,0,14,7433,op,-0.14833333333333343,116,True,False,False,True,894.0,116,0.9129761418240965,0.0022964002564549446,10403
91,0,14,7433,op,-0.18500000000000008,111,True,False,False,True,897.0,111,0.9120631656822724,0.0014226872008293867,10514
92,0,14,7433,op,-0.17033333333333342,113,True,False,False,True,888.0,113,0.9111511025165902,0.0020613130182027817,10627
93,0,14,7433,op,0.642128008365631,120,True,True,False,False,864.0,120,0.9102399514140735,0.0015928192296996713,10747
94,0,14,7433,op,-0.1410000000000001,117,True,False,False,True,879.0,117,0.9093297114626595,0.0012039688881486654,10864
95,0,14,7433,op,0.6432339129447936,120,True,True,False,False,860.0,120,0.9084203817511969,0.00174033478833735,10984
96,0,14,7433,op,-0.17033333333333342,113,True,False,False,True,899.0,113,0.9075119613694457,0.0018844599835574627,11097
97,0,14,7433,op,0.6595457372665404,120,True,True,False,False,801.0,120,0.9066044494080763,0.0015835619997233152,11217
98,0,14,7433,op,0.6407456574440001,120,True,True,False,False,869.0,120,0.9056978449586682,0.001531174872070551,11337
99,0,14,7433,op,-0.15566666666666676,115,True,False,False,True,881.0,115,0.9047921471137096,0.001718726009130478,11452
100,0,14,7433,op,-0.1923333333333334,110,True,False,False,True,899.0,110,0.9038873549665959,0.0016546905972063541,11562
101,0,14,7433,op,0.6382574019432067,120,True,True,False,False,878.0,120,0.9029834676116293,0.0017013511387631297,11682
102,0,14,7433,op,-0.12633333333333344,119,True,False,False,True,891.0,119,0.9020804841440176,0.0013876735465601087,11801
103,0,14,7433,op,-0.13366666666666677,118,True,False,False,True,882.0,118,0.9011784036598737,0.001766580855473876,11919
104,0,14,7433,op,-0.1923333333333334,110,True,False,False,True,898.0,110,0.9002772252562138,0.0014453460462391376,12029
105,0,14,7433,op,-0.15566666666666676,115,True,False,False,True,883.0,115,0.8993769480309576,0.00196919497102499,12144
106,0,14,7433,op,0.6471045193672179,120,True,True,False,False,846.0,120,0.8984775710829266,0.0025684149004518986,12264
107,0,14,7433,op,-0.2290000000000001,105,True,False,False,True,898.0,105,0.8975790935118436,0.001833310816437006,12369
108,0,14,7433,op,0.6410221037864684,120,True,True,False,False,868.0,120,0.8966815144183318,0.0014501423574984074,12489
109,0,14,7433,op,-0.24366666666666675,103,True,False,False,True,895.0,103,0.8957848329039134,0.0014040714595466852,12592
110,0,14,7433,op,0.645445662498474,120,True,True,False,False,852.0,120,0.8948890480710096,0.0025175234768539667,12712
111,0,14,7433,op,0.6495927748680114,120,True,True,False,False,837.0,120,0.8939941590229386,0.002463660668581724,12832
112,0,14,7433,op,-0.12633333333333344,119,True,False,False,True,880.0,119,0.8931001648639156,0.0018704868853092194,12951
113,0,14,7433,op,-0.20700000000000007,108,True,False,False,True,889.0,108,0.8922070646990518,0.0017879137303680182,13059
114,0,14,7433,op,-0.22166666666666673,106,True,False,False,True,887.0,106,0.8913148576343527,0.0018218611367046833,13165
115,0,14,7433,op,-0.1410000000000001,117,True,False,False,True,886.0,117,0.8904235427767183,0.001576375449076295,13282
116,0,14,7433,op,-0.1410000000000001,117,True,False,False,True,900.0,117,0.8895331192339416,0.003351922146975994,13399
117,0,14,7433,op,-0.14833333333333343,116,True,False,False,True,893.0,116,0.8886435861147077,0.0014585376484319568,13515
118,0,14,7433,op,-0.13366666666666677,118,True,False,False,True,896.0,118,0.887754942528593,0.0017832859884947538,13633
119,0,14,7433,op,-0.1410000000000001,117,True,False,False,True,899.0,117,0.8868671875860644,0.0019432201515883207,13750
120,0,14,7433,op,-0.17766666666666675,112,True,False,False,True,884.0,112,0.8859803203984784,0.001742093125358224,13862
121,0,14,7433,op,-0.17766666666666675,112,True,False,False,True,900.0,112,0.88509434007808,0.0017748239915817976,13974
122,0,14,7433,op,-0.12633333333333344,119,True,False,False,True,899.0,119,0.8842092457380019,0.0014063306152820587,14093
123,0,14,7433,op,-0.17766666666666675,112,True,False,False,True,895.0,112,0.8833250364922639,0.0021633002907037735,14205
124,0,14,7433,op,-0.15566666666666676,115,True,False,False,True,891.0,115,0.8824417114557717,0.002673760987818241,14320
125,0,14,7433,op,0.6335573968887328,120,True,True,False,False,895.0,120,0.8815592697443159,0.0015591117553412914,14440
126,0,14,7433,op,-0.22166666666666673,106,True,False,False,True,899.0,106,0.8806777104745716,0.0034132031723856926,14546
127,0,14,7433,op,0.6703281579017638,120,True,True,False,False,762.0,120,0.8797970327640969,0.002290626522153616,14666
128,0,14,7433,op,0.6324514923095702,120,True,True,False,False,899.0,120,0.8789172357313328,0.0023742341436445713,14786
129,0,14,7433,op,-0.13366666666666677,118,True,False,False,True,876.0,118,0.8780383184956015,0.0018674451857805252,14904
130,0,14,7433,op,-0.20700000000000007,108,True,False,False,True,893.0,108,0.8771602801771059,0.0019363234750926495,15012
131,0,14,7433,op,0.6368750510215758,120,True,True,False,False,883.0,120,0.8762831198969288,0.0017784141236916184,15132
132,0,14,7433,op,-0.24366666666666675,103,True,False,False,True,884.0,103,0.8754068367770318,0.0018488230416551232,15235
133,0,14,7433,op,-0.1630000000000001,114,True,False,False,True,896.0,114,0.8745314299402548,0.0017311327392235398,15349
134,0,14,7433,op,-0.13366666666666677,118,True,False,False,True,881.0,118,0.8736568985103146,0.0021245116367936134,15467
135,0,14,7433,op,0.6659045991897582,120,True,True,False,False,778.0,120,0.8727832416118043,0.0020080022513866425,15587
136,0,14,7433,op,0.6396397528648375,120,True,True,False,False,873.0,120,0.8719104583701925,0.0011498110834509134,15707
137,0,14,7433,op,-0.1923333333333334,110,True,False,False,True,891.0,110,0.8710385479118223,0.001104344381019473,15817
138,0,14,7433,op,-0.1410000000000001,117,True,False,False,True,899.0,117,0.8701675093639105,0.001788301975466311,15934
139,0,14,7433,op,-0.19966666666666674,109,True,False,False,True,893.0,109,0.8692973418545467,0.0013735535321757197,16043
140,0,14,7433,op,0.6407456574440001,120,True,True,False,False,869.0,120,0.8684280445126921,0.0016844517085701227,16163
141,0,14,7433,op,0.6697752056121825,120,True,True,False,False,764.0,120,0.8675596164681794,0.0017515320796519518,16283
142,0,14,7433,op,-0.19966666666666674,109,True,False,False,True,896.0,109,0.8666920568517111,0.0017744707874953747,16392
143,0,14,7433,op,-0.15566666666666676,115,True,False,False,True,900.0,115,0.8658253647948594,0.0020467774011194706,16507
144,0,14,7433,op,0.6805576262474059,120,True,True,False,False,725.0,120,0.8649595394300645,0.0027352687902748585,16627
145,0,14,7433,op,-0.12633333333333344,119,True,False,False,True,900.0,119,0.8640945798906344,0.0020858352072536945,16746
146,0,14,7433,op,-0.1410000000000001,117,True,False,False,True,895.0,117,0.8632304853107438,0.002210137899965048,16863
147,0,14,7433,op,-0.12633333333333344,119,True,False,False,True,898.0,119,0.862367254825433,0.0022258134558796883,16982
148,0,14,7433,op,-0.1923333333333334,110,True,False,False,True,899.0,110,0.8615048875706075,0.002409807639196515,17092
149,0,14,7433,op,-0.21433333333333343,107,True,False,False,True,900.0,107,0.8606433826830369,0.0026708925142884254,17199
150,0,14,7433,op,-0.2363333333333334,104,True,False,False,True,892.0,104,0.8597827393003539,0.00304266344755888,17303
151,0,14,7433,op,-0.12633333333333344,119,True,False,False,True,874.0,119,0.8589229565610536,0.0024799329694360495,17422
152,0,14,7433,op,-0.2656666666666667,100,True,False,False,True,899.0,100,0.8580640336044925,0.002334818709641695,17522
153,0,14,7433,op,0.6518045244216918,120,True,True,False,False,829.0,120,0.857205969570888,0.0019160836236551404,17642
154,0,14,7433,op,-0.22166666666666673,106,True,False,False,True,896.0,106,0.8563487636013172,0.002355750184506178,17748
155,0,14,7433,op,-0.20700000000000007,108,True,False,False,True,900.0,108,0.8554924148377159,0.0024946448393166065,17856
156,0,14,7433,op,0.6382574019432067,120,True,True,False,False,878.0,120,0.8546369224228781,0.002651203889399767,17976
157,0,14,7433,op,0.6335573968887328,120,True,True,False,False,895.0,120,0.8537822855004553,0.0022126855328679085,18096
158,0,14,7433,op,0.6404691514968871,120,True,True,False,False,870.0,120,0.8529285032149548,0.0017621000297367573,18216
159,0,14,7433,op,-0.15566666666666676,115,True,False,False,True,891.0,115,0.8520755747117399,0.0028268226888030767,18331
160,0,14,7433,op,-0.17766666666666675,112,True,False,False,True,891.0,112,0.8512234991370281,0.0018950302619487047,18443
161,0,14,7433,op,-0.18500000000000008,111,True,False,False,True,897.0,111,0.8503722756378911,0.0022375881671905518,18554
162,0,14,7433,op,-0.14833333333333343,116,True,False,False,True,897.0,116,0.8495219033622532,0.0027744327671825886,18670
163,0,14,7433,op,-0.22166666666666673,106,True,False,False,True,899.0,106,0.8486723814588909,0.0023739307653158903,18776
164,0,14,7433,op,-0.14833333333333343,116,True,False,False,True,891.0,116,0.847823709077432,0.0025923573412001133,18892
165,0,14,7433,op,-0.1630000000000001,114,True,False,False,True,884.0,114,0.8469758853683546,0.004022242501378059,19006
166,0,14,7433,op,-0.13366666666666677,118,True,False,False,True,893.0,118,0.8461289094829862,0.0023990680929273367,19124
167,0,14,7433,op,-0.17766666666666675,112,True,False,False,True,884.0,112,0.8452827805735033,0.003337007714435458,19236
168,0,14,7433,op,-0.18500000000000008,111,True,False,False,True,898.0,111,0.8444374977929298,0.0027442555874586105,19347
169,0,14,7433,op,-0.20700000000000007,108,True,False,False,True,889.0,108,0.8435930602951368,0.002126649720594287,19455
170,0,14,7433,op,-0.13366666666666677,118,True,False,False,True,893.0,118,0.8427494672348417,0.0021524091716855764,19573
171,0,14,7433,op,-0.14833333333333343,116,True,False,False,True,899.0,116,0.8419067177676068,0.0029408279806375504,19689
172,0,14,7433,op,0.6429574069976806,120,True,True,False,False,861.0,120,0.8410648110498392,0.003416969208046794,19809
173,0,14,7433,op,0.6542927799224852,120,True,True,False,False,820.0,120,0.8402237462387894,0.003134308382868767,19929
174,0,14,7433,op,-0.15566666666666676,115,True,False,False,True,897.0,115,0.8393835224925505,0.002613217569887638,20044
175,0,14,7433,op,0.6515280780792235,120,True,True,False,False,830.0,120,0.838544138970058,0.004331775940954685,20164
176,0,14,7433,op,-0.1410000000000001,117,True,False,False,True,887.0,117,0.8377055948310879,0.0033705662935972214,20281
177,0,14,7433,op,-0.1410000000000001,117,True,False,False,True,879.0,117,0.8368678892362568,0.002750189509242773,20398
178,0,14,7433,op,0.6479339179992675,120,True,True,False,False,843.0,120,0.8360310213470206,0.0017928360030055046,20518
179,0,14,7433,op,0.6490398225784301,120,True,True,False,False,839.0,120,0.8351949903256736,0.001890412182547152,20638
180,0,14,7433,op,-0.15566666666666676,115,True,False,False,True,895.0,115,0.8343597953353479,0.002960453275591135,20753
181,0,14,7433,op,-0.21433333333333343,107,True,False,False,True,889.0,107,0.8335254355400126,0.0025503516662865877,20860
182,0,14,7433,op,-0.1630000000000001,114,True,False,False,True,896.0,114,0.8326919101044725,0.0031020452734082937,20974
183,0,14,7433,op,0.6429574069976806,120,True,True,False,False,861.0,120,0.831859218194368,0.002281234133988619,21094
184,0,14,7433,op,-0.2583333333333334,101,True,False,False,True,899.0,101,0.8310273589761736,0.004197323229163885,21195
185,0,14,7433,op,-0.13366666666666677,118,True,False,False,True,895.0,118,0.8301963316171974,0.002960121724754572,21313
186,0,14,7433,op,-0.1630000000000001,114,True,False,False,True,900.0,114,0.8293661352855802,0.002411038614809513,21427
187,0,14,7433,op,-0.12633333333333344,119,True,False,False,True,894.0,119,0.8285367691502946,0.0052686166018247604,21546
188,0,14,7433,op,-0.18500000000000008,111,True,False,False,True,896.0,111,0.8277082323811443,0.002671495545655489,21657
189,0,14,7433,op,-0.17766666666666675,112,True,False,False,True,899.0,112,0.8268805241487632,0.004325625952333212,21769
190,0,14,7433,op,-0.1923333333333334,110,True,False,False,True,896.0,110,0.8260536436246144,0.0038039381615817547,21879
191,0,14,7433,op,-0.14833333333333343,116,True,False,False,True,879.0,116,0.8252275899809898,0.0027306019328534603,21995
192,0,14,7433,op,-0.1630000000000001,114,True,False,False,True,898.0,114,0.8244023623910088,0.0032879128120839596,22109
193,0,14,7433,op,-0.14833333333333343,116,True,False,False,True,888.0,116,0.8235779600286178,0.00404110923409462,22225
194,0,14,7433,op,-0.1630000000000001,114,True,False,False,True,897.0,114,0.8227543820685892,0.003620128147304058,22339
195,0,14,7433,op,-0.1410000000000001,117,True,False,False,True,888.0,117,0.8219316276865206,0.0034811627119779587,22456
196,0,14,7433,op,-0.14833333333333343,116,True,False,False,True,900.0,116,0.8211096960588341,0.0031262864358723164,22572
197,0,14,7433,op,-0.17766666666666675,112,True,False,False,True,888.0,112,0.8202885863627752,0.003677553031593561,22684
198,0,14,7433,op,-0.2803333333333334,98,True,False,False,True,899.0,98,0.8194682977764125,0.002504517789930105,22782
199,0,14,7433,op,-0.18500000000000008,111,True,False,False,True,882.0,111,0.818648829478636,0.0033208488021045923,22893
200,0,14,7433,op,-0.14833333333333343,116,True,False,False,True,900.0,116,0.8178301806491574,0.003874568734318018,23009
201,0,14,7433,op,0.660651641845703,120,True,True,False,False,797.0,120,0.8170123504685082,0.0023647048510611057,23129
202,0,14,7433,op,-0.13366666666666677,118,True,False,False,True,886.0,118,0.8161953381180397,0.002154698595404625,23247
203,0,14,7433,op,-0.12633333333333344,119,True,False,False,True,900.0,119,0.8153791427799216,0.0027345409616827965,23366
204,0,14,7433,op,-0.15566666666666676,115,True,False,False,True,891.0,115,0.8145637636371417,0.0028304923325777054,23481
205,0,14,7433,op,-0.34633333333333344,89,True,False,False,True,888.0,89,0.8137491998735046,0.002675923053175211,23570
206,0,14,7433,op,0.660651641845703,120,True,True,False,False,797.0,120,0.812935450673631,0.0036322325468063354,23690
207,0,14,7433,op,-0.13366666666666677,118,True,False,False,True,899.0,118,0.8121225152229574,0.003934816457331181,23808
208,0,14,7433,op,-0.12633333333333344,119,True,False,False,True,886.0,119,0.8113103927077344,0.003192333970218897,23927
209,0,14,7433,op,-0.1923333333333334,110,True,False,False,True,889.0,110,0.8104990823150267,0.0028516766615211964,24037
210,0,14,7433,op,0.6589928445816039,120,True,True,False,False,803.0,120,0.8096885832327116,0.00349039095453918,24157
211,0,14,7433,op,0.6534633812904357,120,True,True,False,False,823.0,120,0.8088788946494789,0.0033204921055585146,24277
212,0,14,7433,op,-0.1410000000000001,117,True,False,False,True,885.0,117,0.8080700157548294,0.0030137503053992987,24394
213,0,14,7433,op,0.6471045193672179,120,True,True,False,False,846.0,120,0.8072619457390746,0.003259055782109499,24514
214,0,14,7433,op,-0.14833333333333343,116,True,False,False,True,888.0,116,0.8064546837933355,0.00323443952947855,24630
215,0,14,7433,op,-0.12633333333333344,119,True,False,False,True,887.0,119,0.8056482291095421,0.005570427514612675,24749
216,0,14,7433,op,-0.17766666666666675,112,True,False,False,True,896.0,112,0.8048425808804326,0.003909152001142502,24861
217,0,14,7433,op,0.6567810354232787,120,True,True,False,False,811.0,120,0.8040377382995522,0.003344688331708312,24981
218,0,14,7433,op,0.6954871592521666,120,True,True,False,False,671.0,120,0.8032337005612527,0.003782309126108885,25101
219,0,14,7433,op,-0.1630000000000001,114,True,False,False,True,895.0,114,0.8024304668606914,0.0039019875694066286,25215
220,0,14,7433,op,0.6468280134201049,120,True,True,False,False,847.0,120,0.8016280363938307,0.0036397171206772327,25335
221,0,14,7433,op,-0.17766666666666675,112,True,False,False,True,896.0,112,0.8008264083574369,0.0023196572437882423,25447
222,0,14,7433,op,0.6321749863624572,120,True,True,False,False,900.0,120,0.8000255819490795,0.005442547146230936,25567
223,0,14,7433,op,0.6565045890808104,120,True,True,False,False,812.0,120,0.7992255563671304,0.002991744317114353,25687
224,0,14,7433,op,-0.25100000000000006,102,True,False,False,True,899.0,102,0.7984263308107633,0.004635699559003115,25789
225,0,14,7433,op,-0.12633333333333344,119,True,False,False,True,887.0,119,0.7976279044799526,0.0036268262192606926,25908
226,0,14,7433,op,0.6448927102088927,120,True,True,False,False,854.0,120,0.7968302765754727,0.0028379890136420727,26028
227,0,14,7433,op,-0.17033333333333342,113,True,False,False,True,896.0,113,0.7960334462988972,0.0045371344313025475,26141
228,0,14,7433,op,-0.1630000000000001,114,True,False,False,True,898.0,114,0.7952374128525983,0.0024851392954587936,26255
229,0,14,7433,op,-0.15566666666666676,115,True,False,False,True,884.0,115,0.7944421754397457,0.003843319369480014,26370
230,0,14,7433,op,-0.1923333333333334,110,True,False,False,True,896.0,110,0.7936477332643059,0.0047243027947843075,26480
231,0,14,7433,op,-0.25100000000000006,102,True,False,False,True,900.0,102,0.7928540855310416,0.004265514202415943,26582
232,0,14,7433,op,-0.1630000000000001,114,True,False,False,True,898.0,114,0.7920612314455105,0.004240258596837521,26696
233,0,14,7433,op,-0.21433333333333343,107,True,False,False,True,896.0,107,0.7912691702140651,0.004119337070733309,26803
234,0,14,7433,op,-0.12633333333333344,119,True,False,False,True,896.0,119,0.790477901043851,0.004636410623788834,26922
235,0,14,7433,op,-0.1923333333333334,110,True,False,False,True,896.0,110,0.7896874231428072,0.006308961194008589,27032
236,0,14,7433,op,-0.12633333333333344,119,True,False,False,True,871.0,119,0.7888977357196644,0.003990023396909237,27151
237,0,14,7433,op,0.6551221785545348,120,True,True,False,False,817.0,120,0.7881088379839447,0.002671351656317711,27271
238,0,14,7433,op,-0.12633333333333344,119,True,False,False,True,874.0,119,0.7873207291459607,0.004803755320608616,27390
239,0,14,7433,op,-0.17033333333333342,113,True,False,False,True,893.0,113,0.7865334084168147,0.003859238000586629,27503
240,0,14,7433,op,0.672539967060089,120,True,True,False,False,754.0,120,0.7857468750083979,0.005279836244881153,27623
241,0,14,7433,op,0.6377044496536254,120,True,True,False,False,880.0,120,0.7849611281333895,0.005090486258268356,27743
242,0,14,7433,op,-0.13366666666666677,118,True,False,False,True,897.0,118,0.784176167005256,0.004114879295229912,27861
243,0,14,7433,op,-0.1410000000000001,117,True,False,False,True,886.0,117,0.7833919908382508,0.0044537861831486225,27978
244,0,14,7433,op,0.6321749863624572,120,True,True,False,False,900.0,120,0.7826085988474126,0.004665744490921497,28098
245,0,14,7433,op,-0.18500000000000008,111,True,False,False,True,897.0,111,0.7818259902485653,0.004934006370604038,28209
246,0,14,7433,op,-0.20700000000000007,108,True,False,False,True,894.0,108,0.7810441642583167,0.004882286302745342,28317
247,0,14,7433,op,-0.24366666666666675,103,True,False,False,True,895.0,103,0.7802631200940584,0.005491947755217552,28420
248,0,14,7433,op,-0.1410000000000001,117,True,False,False,True,893.0,117,0.7794828569739644,0.005350190214812756,28537
249,0,14,7433,op,0.6346632418632506,120,True,True,False,False,891.0,120,0.7787033741169904,0.0035074534825980663,28657
250,0,14,7433,op,-0.19966666666666674,109,True,False,False,True,895.0,109,0.7779246707428734,0.004073795862495899,28766
251,0,14,7433,op,-0.1410000000000001,117,True,False,False,True,894.0,117,0.7771467460721305,0.0044089206494390965,28883
252,0,14,7433,op,-0.13366666666666677,118,True,False,False,True,895.0,118,0.7763695993260584,0.0027763957623392344,29001
253,0,14,7433,op,0.6404691514968871,120,True,True,False,False,870.0,120,0.7755932297267324,0.006087225396186113,29121
254,0,14,7433,op,-0.1630000000000001,114,True,False,False,True,896.0,114,0.7748176364970056,0.004388811998069286,29235
255,0,14,7433,op,-0.17766666666666675,112,True,False,False,True,882.0,112,0.7740428188605086,0.0039022378623485565,29347
256,0,14,7433,op,-0.12633333333333344,119,True,False,False,True,894.0,119,0.7732687760416481,0.004005070310086012,29466
257,0,14,7433,op,0.6363220987319945,120,True,True,False,False,885.0,120,0.7724955072656065,0.00448299665004015,29586
258,0,14,7433,op,-0.18500000000000008,111,True,False,False,True,887.0,111,0.7717230117583408,0.003361884504556656,29697
259,0,14,7433,op,0.6371514973640441,120,True,True,False,False,882.0,120,0.7709512887465825,0.003023083321750164,29817
260,0,14,7433,op,-0.14833333333333343,116,True,False,False,True,888.0,116,0.7701803374578359,0.004643079824745655,29933
261,0,14,7433,op,-0.12633333333333344,119,True,False,False,True,864.0,119,0.7694101571203781,0.003521771403029561,30052
262,0,14,7433,op,0.663969295978546,120,True,True,False,False,785.0,120,0.7686407469632577,0.004602509550750256,30172
263,0,14,7433,op,0.6551221785545348,120,True,True,False,False,817.0,120,0.7678721062162944,0.004354680422693491,30292
264,0,14,7433,op,0.6343867955207824,120,True,True,False,False,892.0,120,0.7671042341100781,0.0044951774179935455,30412
265,0,14,7433,op,0.6457221088409423,120,True,True,False,False,851.0,120,0.766337129875968,0.004771823063492775,30532
266,0,14,7433,op,-0.18500000000000008,111,True,False,False,True,888.0,111,0.7655707927460921,0.004481982439756393,30643
267,0,14,7433,op,-0.2363333333333334,104,True,False,False,True,886.0,104,0.764805221953346,0.004096642602235079,30747
268,0,14,7433,op,-0.1410000000000001,117,True,False,False,True,899.0,117,0.7640404167313927,0.004478433169424534,30864
269,0,14,7433,op,0.6636928496360778,120,True,True,False,False,786.0,120,0.7632763763146613,0.0037582344375550747,30984
270,0,14,7433,op,-0.20700000000000007,108,True,False,False,True,900.0,108,0.7625130999383466,0.004096132703125477,31092
271,0,14,7433,op,-0.14833333333333343,116,True,False,False,True,896.0,116,0.7617505868384082,0.005525094922631979,31208
272,0,14,7433,op,-0.13366666666666677,118,True,False,False,True,885.0,118,0.7609888362515699,0.004901326727122068,31326
273,0,14,7433,op,-0.15566666666666676,115,True,False,False,True,885.0,115,0.7602278474153183,0.004307914525270462,31441
274,0,14,7433,op,-0.18500000000000008,111,True,False,False,True,900.0,111,0.759467619567903,0.005959459580481052,31552
275,0,14,7433,op,-0.14833333333333343,116,True,False,False,True,881.0,116,0.7587081519483351,0.00430946983397007,31668
276,0,14,7433,op,0.6338338432312011,120,True,True,False,False,894.0,120,0.7579494437963867,0.004015256650745869,31788
277,0,14,7433,op,-0.22166666666666673,106,True,False,False,True,900.0,106,0.7571914943525904,0.003764558117836714,31894
278,0,14,7433,op,-0.2290000000000001,105,True,False,False,True,891.0,105,0.7564343028582378,0.003998197615146637,31999
279,0,14,7433,op,-0.20700000000000007,108,True,False,False,True,896.0,108,0.7556778685553796,0.004626643843948841,32107
280,0,14,7433,op,-0.17766666666666675,112,True,False,False,True,896.0,112,0.7549221906868242,0.004706731531769037,32219
281,0,14,7433,op,-0.14833333333333343,116,True,False,False,True,898.0,116,0.7541672684961374,0.006012571044266224,32335
282,0,14,7433,op,-0.22166666666666673,106,True,False,False,True,894.0,106,0.7534131012276413,0.004312117118388414,32441
283,0,14,7433,op,0.6495927748680114,120,True,True,False,False,837.0,120,0.7526596881264136,0.003774444805458188,32561
284,0,14,7433,op,0.6343867955207824,120,True,True,False,False,892.0,120,0.7519070284382872,0.004797112196683884,32681
285,0,14,7433,op,-0.31700000000000006,93,True,False,False,True,886.0,93,0.7511551214098489,0.004903069697320461,32774
286,0,14,7433,op,0.6484868702888488,120,True,True,False,False,841.0,120,0.750403966288439,0.005725044757127762,32894
287,0,14,7433,op,0.6471045193672179,120,True,True,False,False,846.0,120,0.7496535623221505,0.0044586751610040665,33014
288,0,14,7433,op,0.6451692161560058,120,True,True,False,False,853.0,120,0.7489039087598284,0.004776928573846817,33134
289,0,14,7433,op,0.6401927051544188,120,True,True,False,False,871.0,120,0.7481550048510686,0.0036882669664919376,33254
290,0,14,7433,op,-0.1630000000000001,114,True,False,False,True,895.0,114,0.7474068498462175,0.003271389752626419,33368
291,0,14,7433,op,-0.19966666666666674,109,True,False,False,True,899.0,109,0.7466594429963713,0.0027365568093955517,33477
292,0,14,7433,op,-0.15566666666666676,115,True,False,False,True,900.0,115,0.745912783553375,0.0034876056015491486,33592
293,0,14,7433,op,-0.1410000000000001,117,True,False,False,True,899.0,117,0.7451668707698216,0.005686207674443722,33709
294,0,14,7433,op,-0.13366666666666677,118,True,False,False,True,877.0,118,0.7444217038990517,0.0038211154751479626,33827
295,0,14,7433,op,0.6360456523895263,120,True,True,False,False,886.0,120,0.7436772821951526,0.004577649291604757,33947
296,0,14,7433,op,-0.20700000000000007,108,True,False,False,True,894.0,108,0.7429336049129575,0.004587788134813309,34055
297,0,14,7433,op,-0.14833333333333343,116,True,False,False,True,893.0,116,0.7421906713080445,0.003176368772983551,34171
298,0,14,7433,op,0.6512515721321105,120,True,True,False,False,831.0,120,0.7414484806367364,0.004066338296979666,34291
299,0,14,7433,op,-0.2363333333333334,104,True,False,False,True,897.0,104,0.7407070321560997,0.0025781034491956234,34395
300,0,14,7433,op,0.6545692262649535,120,True,True,False,False,819.0,120,0.7399663251239436,0.0038670601788908243,34515
301,0,14,7433,op,0.6567810354232787,120,True,True,False,False,811.0,120,0.7392263587988196,0.002767972182482481,34635
302,0,14,7433,op,-0.12633333333333344,119,True,False,False,True,890.0,119,0.7384871324400207,0.0045020184479653835,34754
303,0,14,7433,op,0.6603751955032348,120,True,True,False,False,798.0,120,0.7377486453075807,0.004034374840557575,34874
304,0,14,7433,op,0.6371514973640441,120,True,True,False,False,882.0,120,0.737010896662273,0.003736573737114668,34994
305,0,14,7433,op,-0.14833333333333343,116,True,False,False,True,896.0,116,0.7362738857656108,0.004918843507766724,35110
306,0,14,7433,op,0.6625869450569152,120,True,True,False,False,790.0,120,0.7355376118798452,0.0030509494245052338,35230
307,0,14,7433,op,-0.15566666666666676,115,True,False,False,True,889.0,115,0.7348020742679654,0.003366977907717228,35345
308,0,14,7433,op,-0.12633333333333344,119,True,False,False,True,894.0,119,0.7340672721936974,0.003550238674506545,35464
309,0,14,7433,op,0.6802811799049376,120,True,True,False,False,726.0,120,0.7333332049215037,0.004571308381855488,35584
310,0,14,7433,op,-0.12633333333333344,119,True,False,False,True,877.0,119,0.7325998717165821,0.003820250742137432,35703
311,0,14,7433,op,-0.24366666666666675,103,True,False,False,True,898.0,103,0.7318672718448656,0.003971627447754145,35806
312,0,14,7433,op,-0.20700000000000007,108,True,False,False,True,899.0,108,0.7311354045730207,0.0027807329315692186,35914
313,0,14,7433,op,0.6600986895561217,120,True,True,False,False,799.0,120,0.7304042691684477,0.0035783841740339994,36034
314,0,14,7433,op,0.6324514923095702,120,True,True,False,False,899.0,120,0.7296738648992792,0.0037064256612211466,36154
315,0,14,7433,op,0.6382574019432067,120,True,True,False,False,878.0,120,0.7289441910343799,0.002740785712376237,36274
316,0,14,7433,op,-0.2583333333333334,101,True,False,False,True,890.0,101,0.7282152468433455,0.0035062208771705627,36375
317,0,14,7433,op,-0.21433333333333343,107,True,False,False,True,892.0,107,0.7274870315965022,0.0026581052225083113,36482
318,0,14,7433,op,-0.24366666666666675,103,True,False,False,True,898.0,103,0.7267595445649057,0.003375367959961295,36585
319,0,14,7433,op,-0.12633333333333344,119,True,False,False,True,877.0,119,0.7260327850203407,0.0034237555228173733,36704
320,0,14,7433,op,-0.14833333333333343,116,True,False,False,True,892.0,116,0.7253067522353204,0.003285374492406845,36820
321,0,14,7433,op,-0.14833333333333343,116,True,False,False,True,889.0,116,0.724581445483085,0.0030634161084890366,36936
322,0,14,7433,op,-0.1923333333333334,110,True,False,False,True,897.0,110,0.723856864037602,0.0023107926826924086,37046
323,0,14,7433,op,-0.13366666666666677,118,True,False,False,True,896.0,118,0.7231330071735643,0.003115894505754113,37164
324,0,14,7433,op,0.6659045991897582,120,True,True,False,False,778.0,120,0.7224098741663908,0.002608248731121421,37284
325,0,14,7433,op,0.6645222482681273,120,True,True,False,False,783.0,120,0.7216874642922244,0.0037000104784965515,37404
326,0,14,7433,op,-0.1923333333333334,110,True,False,False,True,891.0,110,0.7209657768279322,0.0024851446505635977,37514
327,0,14,7433,op,-0.2290000000000001,105,True,False,False,True,899.0,105,0.7202448110511043,0.002773209009319544,37619
328,0,14,7433,op,-0.17033333333333342,113,True,False,False,True,885.0,113,0.7195245662400531,0.004044210538268089,37732
329,0,14,7433,op,-0.12633333333333344,119,True,False,False,True,899.0,119,0.7188050416738131,0.0033428617753088474,37851
330,0,14,7433,op,-0.13366666666666677,118,True,False,False,True,897.0,118,0.7180862366321393,0.004989003762602806,37969
331,0,14,7433,op,-0.1410000000000001,117,True,False,False,True,890.0,117,0.7173681503955072,0.003159622196108103,38086
332,0,14,7433,op,-0.17033333333333342,113,True,False,False,True,896.0,113,0.7166507822451117,0.004117522854357958,38199
333,0,14,7433,op,-0.1923333333333334,110,True,False,False,True,890.0,110,0.7159341314628666,0.0031856310088187456,38309
334,0,14,7433,op,-0.21433333333333343,107,True,False,False,True,899.0,107,0.7152181973314037,0.0033556537237018347,38416
335,0,14,7433,op,0.6349397478103637,120,True,True,False,False,890.0,120,0.7145029791340722,0.0028113313019275665,38536
336,0,14,7433,op,0.6465515670776366,120,True,True,False,False,848.0,120,0.7137884761549381,0.0033012498170137405,38656
337,0,14,7433,op,-0.1923333333333334,110,True,False,False,True,897.0,110,0.7130746876787832,0.004510566592216492,38766
338,0,14,7433,op,-0.1630000000000001,114,True,False,False,True,883.0,114,0.7123616129911045,0.003741785418242216,38880
339,0,14,7433,op,-0.20700000000000007,108,True,False,False,True,888.0,108,0.7116492513781133,0.0026152939535677433,38988
340,0,14,7433,op,0.6534633812904357,120,True,True,False,False,823.0,120,0.7109376021267352,0.0035271388478577137,39108
341,0,14,7433,op,0.6551221785545348,120,True,True,False,False,817.0,120,0.7102266645246085,0.0029250632505863905,39228
342,0,14,7433,op,-0.17766666666666675,112,True,False,False,True,890.0,112,0.7095164378600839,0.004610673990100622,39340
343,0,14,7433,op,-0.12633333333333344,119,True,False,False,True,893.0,119,0.7088069214222238,0.004886323120445013,39459
344,0,14,7433,op,-0.12633333333333344,119,True,False,False,True,867.0,119,0.7080981145008015,0.0037443791516125202,39578
345,0,14,7433,op,-0.17033333333333342,113,True,False,False,True,898.0,113,0.7073900163863007,0.0047800978645682335,39691
346,0,14,7433,op,-0.17033333333333342,113,True,False,False,True,892.0,113,0.7066826263699144,0.003524771425873041,39804
347,0,14,7433,op,-0.2950000000000001,96,True,False,False,True,898.0,96,0.7059759437435444,0.0032899240031838417,39900
348,0,14,7433,op,-0.13366666666666677,118,True,False,False,True,895.0,118,0.7052699677998009,0.002757635898888111,40018
349,0,14,7433,op,0.6515280780792235,120,True,True,False,False,830.0,120,0.704564697832001,0.0037202532403171062,40138
350,0,14,7433,op,-0.18500000000000008,111,True,False,False,True,888.0,111,0.7038601331341691,0.0034806327894330025,40249
351,0,14,7433,op,-0.1410000000000001,117,True,False,False,True,882.0,117,0.7031562730010349,0.003142558503895998,40366
352,0,14,7433,op,0.6634163436889647,120,True,True,False,False,787.0,120,0.7024531167280339,0.0031461436301469803,40486
353,0,14,7433,op,-0.1630000000000001,114,True,False,False,True,889.0,114,0.7017506636113059,0.004001369699835777,40600
354,0,14,7433,op,-0.21433333333333343,107,True,False,False,True,893.0,107,0.7010489129476946,0.006357789039611816,40707
355,0,14,7433,op,-0.1923333333333334,110,True,False,False,True,896.0,110,0.7003478640347469,0.0026178823318332434,40817
356,0,14,7433,op,-0.12633333333333344,119,True,False,False,True,891.0,119,0.6996475161707122,0.0023612407967448235,40936
357,0,14,7433,op,0.6824929294586181,120,True,True,False,False,718.0,120,0.6989478686545415,0.0038685654290020466,41056
358,0,14,7433,op,0.6335573968887328,120,True,True,False,False,895.0,120,0.698248920785887,0.0036499546840786934,41176
359,0,14,7433,op,-0.17766666666666675,112,True,False,False,True,881.0,112,0.6975506718651011,0.00379479443654418,41288
360,0,14,7433,op,0.6506986198425292,120,True,True,False,False,833.0,120,0.6968531211932361,0.00395174277946353,41408
361,0,14,7433,op,-0.17033333333333342,113,True,False,False,True,896.0,113,0.6961562680720428,0.005342752672731876,41521
362,0,14,7433,op,-0.19966666666666674,109,True,False,False,True,897.0,109,0.6954601118039707,0.0029023701790720224,41630
363,0,14,7433,op,-0.13366666666666677,118,True,False,False,True,894.0,118,0.6947646516921667,0.00404447503387928,41748
364,0,14,7433,op,-0.15566666666666676,115,True,False,False,True,882.0,115,0.6940698870404746,0.004336712881922722,41863
365,0,14,7433,op,-0.2363333333333334,104,True,False,False,True,896.0,104,0.6933758171534341,0.0037900498136878014,41967
366,0,14,7433,op,0.6490398225784301,120,True,True,False,False,839.0,120,0.6926824413362807,0.0031185694970190525,42087
367,0,14,7433,op,-0.17033333333333342,113,True,False,False,True,896.0,113,0.6919897588949444,0.004182138480246067,42200
368,0,14,7433,op,-0.17766666666666675,112,True,False,False,True,874.0,112,0.6912977691360495,0.004354048520326614,42312
369,0,14,7433,op,-0.13366666666666677,118,True,False,False,True,882.0,118,0.6906064713669134,0.003139760810881853,42430
370,0,14,7433,op,-0.21433333333333343,107,True,False,False,True,894.0,107,0.6899158648955466,0.005593817215412855,42537
371,0,14,7433,op,0.6976989088058471,120,True,True,False,False,663.0,120,0.689225949030651,0.0028690446633845568,42657
372,0,14,7433,op,-0.13366666666666677,118,True,False,False,True,886.0,118,0.6885367230816204,0.0032927701249718666,42775
373,0,14,7433,op,0.6346632418632506,120,True,True,False,False,891.0,120,0.6878481863585387,0.004430372733622789,42895
374,0,14,7433,op,0.6371514973640441,120,True,True,False,False,882.0,120,0.6871603381721801,0.0031403684988617897,43015
375,0,14,7433,op,-0.2290000000000001,105,True,False,False,True,895.0,105,0.686473177834008,0.00312259909696877,43120
376,0,14,7433,op,0.6509751257896422,120,True,True,False,False,832.0,120,0.685786704656174,0.004033016972243786,43240
377,0,14,7433,op,-0.19966666666666674,109,True,False,False,True,892.0,109,0.6851009179515178,0.0038270833902060986,43349
378,0,14,7433,op,-0.15566666666666676,115,True,False,False,True,899.0,115,0.6844158170335664,0.002690038876608014,43464
379,0,14,7433,op,0.6730929193496703,120,True,True,False,False,752.0,120,0.6837314012165328,0.0037076720036566257,43584
380,0,14,7433,op,-0.21433333333333343,107,True,False,False,True,892.0,107,0.6830476698153162,0.0026836241595447063,43691
381,0,14,7433,op,-0.14833333333333343,116,True,False,False,True,897.0,116,0.6823646221455009,0.0031581278890371323,43807
382,0,14,7433,op,-0.2803333333333334,98,True,False,False,True,899.0,98,0.6816822575233553,0.0030297529883682728,43905
383,0,14,7433,op,-0.1923333333333334,110,True,False,False,True,897.0,110,0.6810005752658319,0.004768527578562498,44015
384,0,14,7433,op,0.6437868652343749,120,True,True,False,False,858.0,120,0.680319574690566,0.005033985711634159,44135
385,0,14,7433,op,-0.1410000000000001,117,True,False,False,True,898.0,117,0.6796392551158754,0.0029880295041948557,44252
386,0,14,7433,op,0.6327279386520385,120,True,True,False,False,898.0,120,0.6789596158607596,0.0032515793573111296,44372
387,0,14,7433,op,0.6404691514968871,120,True,True,False,False,870.0,120,0.6782806562448989,0.005050213076174259,44492
388,0,14,7433,op,-0.13366666666666677,118,True,False,False,True,876.0,118,0.677602375588654,0.002950104884803295,44610
389,0,14,7433,op,-0.1630000000000001,114,True,False,False,True,893.0,114,0.6769247732130653,0.003978477790951729,44724
390,0,14,7433,op,-0.2730000000000001,99,True,False,False,True,898.0,99,0.6762478484398523,0.004856468178331852,44823
391,0,14,7433,op,-0.12633333333333344,119,True,False,False,True,896.0,119,0.6755716005914124,0.002441465388983488,44942
392,0,14,7433,op,-0.1410000000000001,117,True,False,False,True,894.0,117,0.674896028990821,0.004375499673187733,45059
393,0,14,7433,op,-0.20700000000000007,108,True,False,False,True,895.0,108,0.6742211329618302,0.004355280660092831,45167
394,0,14,7433,op,0.6744752702713012,120,True,True,False,False,747.0,120,0.6735469118288684,0.004439041018486023,45287
395,0,14,7433,op,-0.21433333333333343,107,True,False,False,True,900.0,107,0.6728733649170395,0.004226779565215111,45394
396,0,14,7433,op,-0.1630000000000001,114,True,False,False,True,899.0,114,0.6722004915521225,0.0040335943922400475,45508
397,0,14,7433,op,-0.1410000000000001,117,True,False,False,True,887.0,117,0.6715282910605703,0.007175053935497999,45625
398,0,14,7433,op,-0.1630000000000001,114,True,False,False,True,883.0,114,0.6708567627695098,0.004650128539651632,45739
399,0,14,7433,op,0.6399162588119506,120,True,True,False,False,872.0,120,0.6701859060067403,0.0035461201332509518,45859
400,0,14,7433,op,-0.22166666666666673,106,True,False,False,True,885.0,106,0.6695157201007336,0.005289291497319937,45965
401,0,14,7433,op,-0.19966666666666674,109,True,False,False,True,900.0,109,0.6688462043806328,0.003775117453187704,46074
402,0,14,7433,op,0.6332808909416198,120,True,True,False,False,896.0,120,0.6681773581762521,0.0032166792079806328,46194
403,0,14,7433,op,-0.19966666666666674,109,True,False,False,True,898.0,109,0.6675091808180759,0.003278804011642933,46303
404,0,14,7433,op,0.6473809657096862,120,True,True,False,False,845.0,120,0.6668416716372578,0.0045615071430802345,46423
405,0,14,7433,op,-0.13366666666666677,118,True,False,False,True,893.0,118,0.6661748299656206,0.004163932055234909,46541
406,0,14,7433,op,-0.14833333333333343,116,True,False,False,True,893.0,116,0.6655086551356549,0.0038593357894569635,46657
407,0,14,7433,op,-0.13366666666666677,118,True,False,False,True,888.0,118,0.6648431464805192,0.0035201157443225384,46775
408,0,14,7433,op,0.6440633115768432,120,True,True,False,False,857.0,120,0.6641783033340387,0.003810873720794916,46895
409,0,14,7433,op,-0.14833333333333343,116,True,False,False,True,894.0,116,0.6635141250307047,0.004519056528806686,47011
410,0,14,7433,op,0.6584398326873778,120,True,True,False,False,805.0,120,0.662850610905674,0.003686825977638364,47131
411,0,14,7433,op,-0.15566666666666676,115,True,False,False,True,898.0,115,0.6621877602947683,0.004535195417702198,47246
412,0,14,7433,op,-0.15566666666666676,115,True,False,False,True,892.0,115,0.6615255725344735,0.0032079413067549467,47361
413,0,14,7433,op,-0.12633333333333344,119,True,False,False,True,900.0,119,0.660864046961939,0.004306725226342678,47480
414,0,14,7433,op,-0.17033333333333342,113,True,False,False,True,900.0,113,0.660203182914977,0.0029463584069162607,47593
415,0,14,7433,op,-0.17766666666666675,112,True,False,False,True,899.0,112,0.6595429797320621,0.003801913233473897,47705
416,0,14,7433,op,-0.1630000000000001,114,True,False,False,True,900.0,114,0.6588834367523301,0.005013773217797279,47819
417,0,14,7433,op,-0.13366666666666677,118,True,False,False,True,898.0,118,0.6582245533155777,0.004327319096773863,47937
418,0,14,7433,op,-0.13366666666666677,118,True,False,False,True,884.0,118,0.6575663287622622,0.003838359145447612,48055
419,0,14,7433,op,-0.2363333333333334,104,True,False,False,True,898.0,104,0.6569087624334999,0.005325306206941605,48159
420,0,14,7433,op,0.6504221735000609,120,True,True,False,False,834.0,120,0.6562518536710664,0.004395905416458845,48279
421,0,14,7433,op,-0.12633333333333344,119,True,False,False,True,873.0,119,0.6555956018173954,0.0036631510592997074,48398
422,0,14,7433,op,-0.1923333333333334,110,True,False,False,True,898.0,110,0.654940006215578,0.0034612049348652363,48508
423,0,14,7433,op,-0.13366666666666677,118,True,False,False,True,898.0,118,0.6542850662093624,0.003577166236937046,48626
424,0,14,7433,op,-0.12633333333333344,119,True,False,False,True,885.0,119,0.6536307811431531,0.0035044988617300987,48745
425,0,14,7433,op,-0.1410000000000001,117,True,False,False,True,895.0,117,0.65297715036201,0.005108988843858242,48862
426,0,14,7433,op,-0.12633333333333344,119,True,False,False,True,875.0,119,0.6523241732116479,0.004155370406806469,48981
427,0,14,7433,op,-0.2730000000000001,99,True,False,False,True,883.0,99,0.6516718490384363,0.0024064064491540194,49080
428,0,14,7433,op,0.6446162638664245,120,True,True,False,False,855.0,120,0.6510201771893979,0.0031673158518970013,49200
429,0,14,7433,op,-0.24366666666666675,103,True,False,False,True,897.0,103,0.6503691570122084,0.0031955628655850887,49303
430,0,14,7433,op,-0.1630000000000001,114,True,False,False,True,892.0,114,0.6497187878551962,0.0038660282734781504,49417
431,0,14,7433,op,-0.14833333333333343,116,True,False,False,True,885.0,116,0.649069069067341,0.00281112571246922,49533
432,0,14,7433,op,-0.12633333333333344,119,True,False,False,True,900.0,119,0.6484199999982736,0.0022866877261549234,49652
433,0,14,7433,op,-0.14833333333333343,116,True,False,False,True,896.0,116,0.6477715799982753,0.0033466035965830088,49768
434,0,14,7433,op,0.6753046689033507,120,True,True,False,False,744.0,120,0.647123808418277,0.0036753970198333263,49888
435,0,14,7433,op,0.6523574767112731,120,True,True,False,False,827.0,120,0.6464766846098587,0.002256357343867421,50008
436,0,14,7433,op,-0.20700000000000007,108,True,False,False,True,899.0,108,0.6458302079252489,0.003370069433003664,50116
437,0,14,7433,op,-0.1630000000000001,114,True,False,False,True,900.0,114,0.6451843777173236,0.0035642844159156084,50230
438,0,14,7433,op,-0.14833333333333343,116,True,False,False,True,894.0,116,0.6445391933396063,0.003260572673752904,50346
439,0,14,7433,op,-0.15566666666666676,115,True,False,False,True,881.0,115,0.6438946541462667,0.002198925707489252,50461
440,0,14,7433,op,-0.12633333333333344,119,True,False,False,True,878.0,119,0.6432507594921204,0.003934343345463276,50580
441,0,14,7433,op,0.6435103592872619,120,True,True,False,False,859.0,120,0.6426075087326283,0.002503585070371628,50700
442,0,14,7433,op,-0.18500000000000008,111,True,False,False,True,890.0,111,0.6419649012238956,0.0027548829093575478,50811
443,0,14,7433,op,0.6529104290008544,120,True,True,False,False,825.0,120,0.6413229363226717,0.004777855705469847,50931
444,0,14,7433,op,-0.17766666666666675,112,True,False,False,True,897.0,112,0.640681613386349,0.003333189059048891,51043
445,0,14,7433,op,-0.1923333333333334,110,True,False,False,True,894.0,110,0.6400409317729626,0.003146894508972764,51153
446,0,14,7433,op,-0.17766666666666675,112,True,False,False,True,897.0,112,0.6394008908411897,0.004810068290680647,51265
447,0,14,7433,op,-0.15566666666666676,115,True,False,False,True,895.0,115,0.6387614899503485,0.0027558859437704086,51380
448,0,14,7433,op,0.6482103643417357,120,True,True,False,False,842.0,120,0.6381227284603982,0.004354449920356274,51500
449,0,14,7433,op,-0.1410000000000001,117,True,False,False,True,891.0,117,0.6374846057319378,0.004340063780546188,51617
450,0,14,7433,op,-0.12633333333333344,119,True,False,False,True,876.0,119,0.6368471211262058,0.005142867099493742,51736
451,0,14,7433,op,-0.14833333333333343,116,True,False,False,True,889.0,116,0.6362102740050796,0.006410549394786358,51852
452,0,14,7433,op,0.6529104290008544,120,True,True,False,False,825.0,120,0.6355740637310745,0.0030220877379179,51972
453,0,14,7433,op,-0.12633333333333344,119,True,False,False,True,890.0,119,0.6349384896673435,0.005671449471265078,52091
454,0,14,7433,op,0.6653517065048217,120,True,True,False,False,780.0,120,0.6343035511776761,0.0028379836585372686,52211
455,0,14,7433,op,-0.24366666666666675,103,True,False,False,True,899.0,103,0.6336692476264985,0.0034584884997457266,52314
456,0,14,7433,op,-0.13366666666666677,118,True,False,False,True,899.0,118,0.6330355783788719,0.004319371655583382,52432
457,0,14,7433,op,-0.1630000000000001,114,True,False,False,True,893.0,114,0.632402542800493,0.004169651307165623,52546
458,0,14,7433,op,0.6733693656921386,120,True,True,False,False,751.0,120,0.6317701402576925,0.003301196964457631,52666
459,0,14,7433,op,0.6562280831336974,120,True,True,False,False,813.0,120,0.6311383701174348,0.0033691897988319397,52786
460,0,14,7433,op,-0.2656666666666667,100,True,False,False,True,897.0,100,0.6305072317473174,0.00489986315369606,52886
461,0,14,7433,op,0.672263461112976,120,True,True,False,False,755.0,120,0.6298767245155701,0.0034634191542863846,53006
462,0,14,7433,op,-0.1410000000000001,117,True,False,False,True,895.0,117,0.6292468477910546,0.0029415141325443983,53123
463,0,14,7433,op,0.6352161941528319,120,True,True,False,False,889.0,120,0.6286176009432635,0.0018667068798094988,53243
464,0,14,7433,op,0.6495927748680114,120,True,True,False,False,837.0,120,0.6279889833423202,0.0035913996398448944,53363
465,0,14,7433,op,0.6484868702888488,120,True,True,False,False,841.0,120,0.6273609943589779,0.004192110151052475,53483
466,0,14,7433,op,-0.1410000000000001,117,True,False,False,True,899.0,117,0.6267336333646188,0.004355478100478649,53600
467,0,14,7433,op,-0.2363333333333334,104,True,False,False,True,898.0,104,0.6261068997312542,0.003170198295265436,53704
468,0,14,7433,op,0.6717105684280394,120,True,True,False,False,757.0,120,0.6254807928315229,0.0036339866928756237,53824
469,0,14,7433,op,0.6462751207351684,120,True,True,False,False,849.0,120,0.6248553120386914,0.0042450930923223495,53944
470,0,14,7433,op,0.6659045991897582,120,True,True,False,False,778.0,120,0.6242304567266527,0.00415461789816618,54064
471,0,14,7433,op,-0.25100000000000006,102,True,False,False,True,898.0,102,0.623606226269926,0.004196882247924805,54166
472,0,14,7433,op,0.6399162588119506,120,True,True,False,False,872.0,120,0.6229826200436561,0.003036742564290762,54286
473,0,14,7433,op,-0.1923333333333334,110,True,False,False,True,900.0,110,0.6223596374236124,0.004228812176734209,54396
474,0,14,7433,op,0.6365985450744628,120,True,True,False,False,884.0,120,0.6217372777861888,0.004527426790446043,54516
475,0,14,7433,op,-0.1410000000000001,117,True,False,False,True,899.0,117,0.6211155405084027,0.0049618566408753395,54633
476,0,14,7433,op,-0.13366666666666677,118,True,False,False,True,890.0,118,0.6204944249678943,0.004451495595276356,54751
477,0,14,7433,op,-0.2583333333333334,101,True,False,False,True,899.0,101,0.6198739305429264,0.003293032757937908,54852
478,0,14,7433,op,-0.1923333333333334,110,True,False,False,True,898.0,110,0.6192540566123834,0.005035163834691048,54962
479,0,14,7433,op,-0.14833333333333343,116,True,False,False,True,896.0,116,0.6186348025557711,0.003920602146536112,55078
480,0,14,7433,op,0.6471045193672179,120,True,True,False,False,846.0,120,0.6180161677532153,0.0038442877121269703,55198
481,0,14,7433,op,0.6678399024009704,120,True,True,False,False,771.0,120,0.6173981515854621,0.007486486341804266,55318
482,0,14,7433,op,-0.17766666666666675,112,True,False,False,True,894.0,112,0.6167807534338766,0.0035832540597766638,55430
483,0,14,7433,op,-0.13366666666666677,118,True,False,False,True,884.0,118,0.6161639726804428,0.005702626891434193,55548
484,0,14,7433,op,-0.1630000000000001,114,True,False,False,True,885.0,114,0.6155478087077623,0.0052049169316887856,55662
485,0,14,7433,op,-0.12633333333333344,119,True,False,False,True,894.0,119,0.6149322608990545,0.004893655888736248,55781
486,0,14,7433,op,-0.2290000000000001,105,True,False,False,True,899.0,105,0.6143173286381555,0.003635427914559841,55886
487,0,14,7433,op,-0.17033333333333342,113,True,False,False,True,898.0,113,0.6137030113095173,0.003269003704190254,55999
488,0,14,7433,op,-0.13366666666666677,118,True,False,False,True,873.0,118,0.6130893082982078,0.003302859142422676,56117
489,0,14,7433,op,-0.24366666666666675,103,True,False,False,True,884.0,103,0.6124762189899097,0.0031333365477621555,56220
490,0,14,7433,op,0.6819400367736815,120,True,True,False,False,720.0,120,0.6118637427709198,0.004162311553955078,56340
491,0,14,7433,op,-0.1410000000000001,117,True,False,False,True,878.0,117,0.6112518790281489,0.0028271281626075506,56457
492,0,14,7433,op,0.6330044445991515,120,True,True,False,False,897.0,120,0.6106406271491208,0.003657588269561529,56577
493,0,14,7433,op,0.6531868753433226,120,True,True,False,False,824.0,120,0.6100299865219717,0.004212651867419481,56697
494,0,14,7433,op,-0.1923333333333334,110,True,False,False,True,897.0,110,0.6094199565354498,0.00355909182690084,56807
495,0,14,7433,op,-0.1630000000000001,114,True,False,False,True,896.0,114,0.6088105365789144,0.002525630872696638,56921
496,0,14,7433,op,0.6349397478103637,120,True,True,False,False,890.0,120,0.6082017260423355,0.0035973615013062954,57041
497,0,14,7433,op,-0.19966666666666674,109,True,False,False,True,893.0,109,0.6075935243162931,0.0034260284155607224,57150
498,0,14,7433,op,-0.20700000000000007,108,True,False,False,True,888.0,108,0.6069859307919768,0.003126316238194704,57258
499,0,14,7433,op,-0.22166666666666673,106,True,False,False,True,899.0,106,0.6063789448611848,0.00499332882463932,57364
500,0,14,7433,op,-0.15566666666666676,115,True,False,False,True,898.0,115,0.6057725659163237,0.0035589123144745827,57479
501,0,14,7433,op,-0.22166666666666673,106,True,False,False,True,896.0,106,0.6051667933504074,0.003814985044300556,57585
502,0,14,7433,op,-0.1410000000000001,117,True,False,False,True,899.0,117,0.6045616265570569,0.004735006019473076,57702
503,0,14,7433,op,0.6368750510215758,120,True,True,False,False,883.0,120,0.6039570649304998,0.004033831413835287,57822
504,0,14,7433,op,0.6645222482681273,120,True,True,False,False,783.0,120,0.6033531078655693,0.003536607138812542,57942
505,0,14,7433,op,0.6404691514968871,120,True,True,False,False,870.0,120,0.6027497547577038,0.004380364902317524,58062
506,0,14,7433,op,-0.14833333333333343,116,True,False,False,True,900.0,116,0.602147005002946,0.004151655826717615,58178
507,0,14,7433,op,0.6352161941528319,120,True,True,False,False,889.0,120,0.6015448579979431,0.00401284359395504,58298
508,0,14,7433,op,-0.17766666666666675,112,True,False,False,True,898.0,112,0.6009433131399452,0.004022891633212566,58410
509,0,14,7433,op,0.6506986198425292,120,True,True,False,False,833.0,120,0.6003423698268052,0.0038264128379523754,58530
510,0,14,7433,op,-0.13366666666666677,118,True,False,False,True,895.0,118,0.5997420274569785,0.0034086741507053375,58648
511,0,14,7433,op,-0.21433333333333343,107,True,False,False,True,892.0,107,0.5991422854295215,0.0043178447522223,58755
512,0,14,7433,op,-0.15566666666666676,115,True,False,False,True,879.0,115,0.598543143144092,0.005134410224854946,58870
513,0,14,7433,op,-0.14833333333333343,116,True,False,False,True,899.0,116,0.5979446000009478,0.004068946000188589,58986
514,0,14,7433,op,-0.1923333333333334,110,True,False,False,True,891.0,110,0.5973466554009469,0.0031123310327529907,59096
515,0,14,7433,op,-0.12633333333333344,119,True,False,False,True,881.0,119,0.596749308745546,0.004144889302551746,59215
516,0,14,7433,op,-0.1410000000000001,117,True,False,False,True,892.0,117,0.5961525594368005,0.003943201154470444,59332
517,0,14,7433,op,-0.1923333333333334,110,True,False,False,True,890.0,110,0.5955564068773637,0.003928419202566147,59442
518,0,14,7433,op,-0.1923333333333334,110,True,False,False,True,897.0,110,0.5949608504704863,0.003243253333494067,59552
519,0,14,7433,op,0.6786223230361937,120,True,True,False,False,732.0,120,0.5943658896200158,0.0044776867143809795,59672
520,0,14,7433,op,-0.13366666666666677,118,True,False,False,True,895.0,118,0.5937715237303958,0.0026326924562454224,59790
521,0,14,7433,op,0.6736458120346068,120,True,True,False,False,750.0,120,0.5931777522066654,0.0032862499356269836,59910
522,0,14,7433,op,-0.1630000000000001,114,True,False,False,True,893.0,114,0.5925845744544587,0.004660460632294416,60024
523,0,14,7433,op,-0.21433333333333343,107,True,False,False,True,889.0,107,0.5919919898800042,0.003709682496264577,60131
524,0,14,7433,op,-0.1630000000000001,114,True,False,False,True,891.0,114,0.5913999978901242,0.007758148014545441,60245
525,0,14,7433,op,-0.13366666666666677,118,True,False,False,True,882.0,118,0.590808597892234,0.005336529575288296,60363
526,0,14,7433,op,-0.17766666666666675,112,True,False,False,True,898.0,112,0.5902177892943418,0.0040272073820233345,60475
527,0,14,7433,op,-0.12633333333333344,119,True,False,False,True,895.0,119,0.5896275715050474,0.0033236707095056772,60594
528,0,14,7433,op,-0.17033333333333342,113,True,False,False,True,896.0,113,0.5890379439335424,0.004548182245343924,60707
529,0,14,7433,op,-0.14833333333333343,116,True,False,False,True,893.0,116,0.5884489059896089,0.004514759872108698,60823
530,0,14,7433,op,0.6891282973289489,120,True,True,False,False,694.0,120,0.5878604570836192,0.004042738117277622,60943
531,0,14,7433,op,-0.19966666666666674,109,True,False,False,True,892.0,109,0.5872725966265356,0.0036034351214766502,61052
532,0,14,7433,op,-0.17766666666666675,112,True,False,False,True,888.0,112,0.5866853240299091,0.0038477121852338314,61164
533,0,14,7433,op,0.6371514973640441,120,True,True,False,False,882.0,120,0.5860986387058792,0.0034706066362559795,61284
534,0,14,7433,op,0.6357691464424132,120,True,True,False,False,887.0,120,0.5855125400671733,0.004353417549282312,61404
535,0,14,7433,op,0.6612045941352843,120,True,True,False,False,795.0,120,0.5849270275271061,0.003666042350232601,61524
536,0,14,7433,op,-0.1923333333333334,110,True,False,False,True,899.0,110,0.584342100499579,0.0027948699425905943,61634
537,0,14,7433,op,-0.15566666666666676,115,True,False,False,True,879.0,115,0.5837577583990794,0.003069772385060787,61749
538,0,14,7433,op,-0.1410000000000001,117,True,False,False,True,875.0,117,0.5831740006406804,0.005679910071194172,61866
539,0,14,7433,op,0.6653517065048217,120,True,True,False,False,780.0,120,0.5825908266400397,0.0045735882595181465,61986
540,0,14,7433,op,-0.20700000000000007,108,True,False,False,True,887.0,108,0.5820082358133997,0.005115129519253969,62094
541,0,14,7433,op,-0.17766666666666675,112,True,False,False,True,897.0,112,0.5814262275775862,0.004302658140659332,62206
542,0,14,7433,op,-0.17766666666666675,112,True,False,False,True,896.0,112,0.5808448013500086,0.0055078971199691296,62318
543,0,14,7433,op,0.6446162638664245,120,True,True,False,False,855.0,120,0.5802639565486586,0.003810923546552658,62438
544,0,14,7433,op,-0.18500000000000008,111,True,False,False,True,892.0,111,0.57968369259211,0.003680370980873704,62549
545,0,14,7433,op,-0.1410000000000001,117,True,False,False,True,882.0,117,0.5791040088995179,0.003959354478865862,62666
546,0,14,7433,op,0.6645222482681273,120,True,True,False,False,783.0,120,0.5785249048906184,0.0037708671297878027,62786
547,0,14,7433,op,-0.1410000000000001,117,True,False,False,True,884.0,117,0.5779463799857277,0.0023722387850284576,62903
548,0,14,7433,op,-0.12633333333333344,119,True,False,False,True,898.0,119,0.577368433605742,0.0030628349632024765,63022
549,0,14,7433,op,-0.15566666666666676,115,True,False,False,True,897.0,115,0.5767910651721362,0.003221061546355486,63137
550,0,14,7433,op,-0.2583333333333334,101,True,False,False,True,895.0,101,0.576214274106964,0.002640937454998493,63238
551,0,14,7433,op,0.6556751308441161,120,True,True,False,False,815.0,120,0.5756380598328571,0.002846021670848131,63358
552,0,14,7433,op,-0.19966666666666674,109,True,False,False,True,888.0,109,0.5750624217730242,0.005457710474729538,63467
553,0,14,7433,op,0.6451692161560058,120,True,True,False,False,853.0,120,0.5744873593512512,0.0031847248319536448,63587
554,0,14,7433,op,-0.1630000000000001,114,True,False,False,True,894.0,114,0.5739128719918999,0.004119450226426125,63701
555,0,14,7433,op,-0.15566666666666676,115,True,False,False,True,889.0,115,0.573338959119908,0.003419597400352359,63816
556,0,14,7433,op,-0.1410000000000001,117,True,False,False,True,894.0,117,0.572765620160788,0.0037734410725533962,63933
557,0,14,7433,op,-0.18500000000000008,111,True,False,False,True,898.0,111,0.5721928545406272,0.002803031587973237,64044
558,0,14,7433,op,-0.18500000000000008,111,True,False,False,True,900.0,111,0.5716206616860866,0.0028907207306474447,64155
559,0,14,7433,op,-0.17033333333333342,113,True,False,False,True,891.0,113,0.5710490410244006,0.0035572536289691925,64268
560,0,14,7433,op,-0.1410000000000001,117,True,False,False,True,889.0,117,0.5704779919833761,0.0020140965934842825,64385
561,0,14,7433,op,-0.19966666666666674,109,True,False,False,True,900.0,109,0.5699075139913927,0.002858326304703951,64494
562,0,14,7433,op,-0.19966666666666674,109,True,False,False,True,900.0,109,0.5693376064774013,0.003571521956473589,64603
563,0,14,7433,op,-0.18500000000000008,111,True,False,False,True,898.0,111,0.5687682688709239,0.003299543634057045,64714
564,0,14,7433,op,-0.22166666666666673,106,True,False,False,True,899.0,106,0.5681995006020529,0.0030140967573970556,64820
565,0,14,7433,op,-0.1410000000000001,117,True,False,False,True,886.0,117,0.5676313011014509,0.0027783471159636974,64937
566,0,14,7433,op,-0.3023333333333334,95,True,False,False,True,900.0,95,0.5670636698003494,0.002908602822571993,65032
567,0,14,7433,op,0.6448927102088927,120,True,True,False,False,854.0,120,0.5664966061305491,0.0018201387720182538,65152
568,0,14,7433,op,-0.18500000000000008,111,True,False,False,True,894.0,111,0.5659301095244186,0.0020562324207276106,65263
569,0,14,7433,op,-0.2950000000000001,96,True,False,False,True,900.0,96,0.5653641794148941,0.0025273379869759083,65359
570,0,14,7433,op,-0.25100000000000006,102,True,False,False,True,882.0,102,0.5647988152354793,0.0035770360846072435,65461
571,0,14,7433,op,0.6404691514968871,120,True,True,False,False,870.0,120,0.5642340164202437,0.003318141447380185,65581
572,0,14,7433,op,-0.22166666666666673,106,True,False,False,True,897.0,106,0.5636697824038235,0.0038373717106878757,65687
573,0,14,7433,op,-0.13366666666666677,118,True,False,False,True,883.0,118,0.5631061126214196,0.0032205581665039062,65805
574,0,14,7433,op,-0.1630000000000001,114,True,False,False,True,897.0,114,0.5625430065087982,0.004182804375886917,65919
575,0,14,7433,op,-0.1630000000000001,114,True,False,False,True,893.0,114,0.5619804635022894,0.0030309115536510944,66033
576,0,14,7433,op,0.6448927102088927,120,True,True,False,False,854.0,120,0.561418483038787,0.003587704384699464,66153
577,0,14,7433,op,-0.1410000000000001,117,True,False,False,True,890.0,117,0.5608570645557482,0.002974696224555373,66270
578,0,14,7433,op,-0.2363333333333334,104,True,False,False,True,897.0,104,0.5602962074911925,0.003658830188214779,66374
579,0,14,7433,op,-0.18500000000000008,111,True,False,False,True,899.0,111,0.5597359112837013,0.003445965936407447,66485
580,0,14,7433,op,-0.12633333333333344,119,True,False,False,True,871.0,119,0.5591761753724176,0.004631733056157827,66604
581,0,14,7433,op,-0.21433333333333343,107,True,False,False,True,900.0,107,0.5586169991970452,0.0026463090907782316,66711
582,0,14,7433,op,-0.18500000000000008,111,True,False,False,True,893.0,111,0.5580583821978482,0.004617840982973576,66822
583,0,14,7433,op,0.6733693656921386,120,True,True,False,False,751.0,120,0.5575003238156504,0.0032341028563678265,66942
584,0,14,7433,op,-0.1630000000000001,114,True,False,False,True,900.0,114,0.5569428234918348,0.004302293062210083,67056
585,0,14,7433,op,-0.1410000000000001,117,True,False,False,True,886.0,117,0.5563858806683429,0.006406692788004875,67173
586,0,14,7433,op,-0.22166666666666673,106,True,False,False,True,898.0,106,0.5558294947876746,0.0033205081708729267,67279
587,0,14,7433,op,-0.1630000000000001,114,True,False,False,True,900.0,114,0.5552736652928869,0.006520540919154882,67393
588,0,14,7433,op,-0.13366666666666677,118,True,False,False,True,888.0,118,0.5547183916275941,0.0033691138960421085,67511
589,0,14,7433,op,0.6429574069976806,120,True,True,False,False,861.0,120,0.5541636732359665,0.005389600992202759,67631
590,0,14,7433,op,-0.17766666666666675,112,True,False,False,True,898.0,112,0.5536095095627305,0.005737673491239548,67743
591,0,14,7433,op,0.6374280033111571,120,True,True,False,False,881.0,120,0.5530559000531677,0.003369465470314026,67863
592,0,14,7433,op,0.6341102895736693,120,True,True,False,False,893.0,120,0.5525028441531146,0.003067996585741639,67983
593,0,14,7433,op,-0.14833333333333343,116,True,False,False,True,895.0,116,0.5519503413089615,0.0029548783786594868,68099
594,0,14,7433,op,-0.18500000000000008,111,True,False,False,True,898.0,111,0.5513983909676525,0.004883301444351673,68210
595,0,14,7433,op,0.6385338482856749,120,True,True,False,False,877.0,120,0.5508469925766849,0.002747538033872843,68330
596,0,14,7433,op,-0.14833333333333343,116,True,False,False,True,890.0,116,0.5502961455841082,0.0041176313534379005,68446
597,0,14,7433,op,-0.13366666666666677,118,True,False,False,True,878.0,118,0.5497458494385241,0.004268216900527477,68564
598,0,14,7433,op,-0.22166666666666673,106,True,False,False,True,899.0,106,0.5491961035890855,0.004145915620028973,68670
599,0,14,7433,op,-0.21433333333333343,107,True,False,False,True,896.0,107,0.5486469074854965,0.003616301342844963,68777
600,0,14,7433,op,0.6482103643417357,120,True,True,False,False,842.0,120,0.548098260578011,0.0053438451141119,68897
601,0,14,7433,op,-0.2656666666666667,100,True,False,False,True,897.0,100,0.547550162317433,0.0059892162680625916,68997
602,0,14,7433,op,0.6592692909240722,120,True,True,False,False,802.0,120,0.5470026121551156,0.0044643813744187355,69117
603,0,14,7433,op,-0.18500000000000008,111,True,False,False,True,896.0,111,0.5464556095429605,0.004926849622279406,69228
604,0,14,7433,op,-0.13366666666666677,118,True,False,False,True,882.0,118,0.5459091539334175,0.00587470643222332,69346
605,0,14,7433,op,-0.1410000000000001,117,True,False,False,True,900.0,117,0.5453632447794842,0.004619729705154896,69463
606,0,14,7433,op,-0.12633333333333344,119,True,False,False,True,871.0,119,0.5448178815347047,0.0036220436450093985,69582
607,0,14,7433,op,-0.17766666666666675,112,True,False,False,True,897.0,112,0.54427306365317,0.004715115763247013,69694
608,0,14,7433,op,-0.15566666666666676,115,True,False,False,True,894.0,115,0.5437287905895168,0.0068359714932739735,69809
609,0,14,7433,op,0.6385338482856749,120,True,True,False,False,877.0,120,0.5431850617989273,0.003767638700082898,69929
610,0,14,7433,op,0.6482103643417357,120,True,True,False,False,842.0,120,0.5426418767371284,0.004369538277387619,70049
611,0,14,7433,op,-0.17033333333333342,113,True,False,False,True,885.0,113,0.5420992348603912,0.005815481301397085,70162
612,0,14,7433,op,0.6330044445991515,120,True,True,False,False,897.0,120,0.5415571356255309,0.005224823020398617,70282
613,0,14,7433,op,-0.14833333333333343,116,True,False,False,True,867.0,116,0.5410155784899053,0.005465685855597258,70398
614,0,14,7433,op,0.6338338432312011,120,True,True,False,False,894.0,120,0.5404745629114154,0.006550725549459457,70518
615,0,14,7433,op,-0.17766666666666675,112,True,False,False,True,899.0,112,0.539934088348504,0.004639960825443268,70630
616,0,14,7433,op,0.6697752056121825,120,True,True,False,False,764.0,120,0.5393941542601555,0.003991960547864437,70750
617,0,14,7433,op,-0.12633333333333344,119,True,False,False,True,891.0,119,0.5388547601058953,0.0034865729976445436,70869
618,0,14,7433,op,0.6490398225784301,120,True,True,False,False,839.0,120,0.5383159053457894,0.004238068591803312,70989
619,0,14,7433,op,-0.1630000000000001,114,True,False,False,True,896.0,114,0.5377775894404436,0.0032436701003462076,71103
620,0,14,7433,op,-0.2656666666666667,100,True,False,False,True,890.0,100,0.5372398118510032,0.003639525966718793,71203
621,0,14,7433,op,-0.21433333333333343,107,True,False,False,True,897.0,107,0.5367025720391522,0.004533722065389156,71310
622,0,14,7433,op,-0.1923333333333334,110,True,False,False,True,895.0,110,0.536165869467113,0.003233514726161957,71420
623,0,14,7433,op,-0.1410000000000001,117,True,False,False,True,893.0,117,0.5356297035976458,0.004175872541964054,71537
624,0,14,7433,op,-0.14833333333333343,116,True,False,False,True,892.0,116,0.5350940738940482,0.002547202631831169,71653
625,0,14,7433,op,-0.17033333333333342,113,True,False,False,True,890.0,113,0.5345589798201541,0.003532953094691038,71766
626,0,14,7433,op,0.6681164083480834,120,True,True,False,False,770.0,120,0.534024420840334,0.0042938413098454475,71886
627,0,14,7433,op,-0.20700000000000007,108,True,False,False,True,900.0,108,0.5334903964194936,0.0034303050488233566,71994
628,0,14,7433,op,0.6390868005752562,120,True,True,False,False,875.0,120,0.5329569060230741,0.0033570844680070877,72114
629,0,14,7433,op,-0.14833333333333343,116,True,False,False,True,898.0,116,0.532423949117051,0.005898074712604284,72230
630,0,14,7433,op,-0.12633333333333344,119,True,False,False,True,888.0,119,0.531891525167934,0.003833823837339878,72349
631,0,14,7433,op,0.6429574069976806,120,True,True,False,False,861.0,120,0.5313596336427661,0.004297537729144096,72469
632,0,14,7433,op,0.6332808909416198,120,True,True,False,False,896.0,120,0.5308282740091232,0.004291057586669922,72589
633,0,14,7433,op,-0.12633333333333344,119,True,False,False,True,894.0,119,0.5302974457351142,0.004464063327759504,72708
634,0,14,7433,op,-0.20700000000000007,108,True,False,False,True,900.0,108,0.5297671482893791,0.0041628386825323105,72816
635,0,14,7433,op,-0.13366666666666677,118,True,False,False,True,891.0,118,0.5292373811410898,0.004138871096074581,72934
636,0,14,7433,op,-0.12633333333333344,119,True,False,False,True,898.0,119,0.5287081437599487,0.00378802209161222,73053
637,0,14,7433,op,-0.1923333333333334,110,True,False,False,True,898.0,110,0.5281794356161887,0.0030373921617865562,73163
638,0,14,7433,op,-0.1923333333333334,110,True,False,False,True,890.0,110,0.5276512561805725,0.004185090772807598,73273
639,0,14,7433,op,-0.13366666666666677,118,True,False,False,True,893.0,118,0.5271236049243919,0.003443194320425391,73391
640,0,14,7433,op,0.6634163436889647,120,True,True,False,False,787.0,120,0.5265964813194676,0.004313470330089331,73511
641,0,14,7433,op,-0.17766666666666675,112,True,False,False,True,891.0,112,0.5260698848381481,0.0045050159096717834,73623
642,0,14,7433,op,-0.15566666666666676,115,True,False,False,True,885.0,115,0.5255438149533099,0.004679437726736069,73738
643,0,14,7433,op,-0.12633333333333344,119,True,False,False,True,899.0,119,0.5250182711383566,0.0027433650102466345,73857
644,0,14,7433,op,-0.2656666666666667,100,True,False,False,True,900.0,100,0.5244932528672183,0.004718178883194923,73957
645,0,14,7433,op,-0.19966666666666674,109,True,False,False,True,893.0,109,0.5239687596143511,0.0037903708871454,74066
646,0,14,7433,op,0.6670105037689208,120,True,True,False,False,774.0,120,0.5234447908547367,0.005046871490776539,74186
647,0,14,7433,op,0.6548457322120665,120,True,True,False,False,818.0,120,0.522921346063882,0.004046497866511345,74306
648,0,14,7433,op,0.6330044445991515,120,True,True,False,False,897.0,120,0.522398424717818,0.0033631999976933002,74426
649,0,14,7433,op,-0.18500000000000008,111,True,False,False,True,893.0,111,0.5218760262931003,0.0039246100932359695,74537
650,0,14,7433,op,0.6656281528472899,120,True,True,False,False,779.0,120,0.5213541502668072,0.004347715526819229,74657
651,0,14,7433,op,-0.20700000000000007,108,True,False,False,True,898.0,108,0.5208327961165404,0.0045565040782094,74765
652,0,14,7433,op,-0.15566666666666676,115,True,False,False,True,895.0,115,0.5203119633204238,0.002761334180831909,74880
653,0,14,7433,op,0.6471045193672179,120,True,True,False,False,846.0,120,0.5197916513571034,0.003030642168596387,75000
654,0,14,7433,op,-0.12633333333333344,119,True,False,False,True,889.0,119,0.5192718597057463,0.003242015140131116,75119
655,0,14,7433,op,-0.2290000000000001,105,True,False,False,True,892.0,105,0.5187525878460405,0.0034521943889558315,75224
656,0,14,7433,op,-0.12633333333333344,119,True,False,False,True,879.0,119,0.5182338352581944,0.0029088438022881746,75343
657,0,14,7433,op,-0.19966666666666674,109,True,False,False,True,892.0,109,0.5177156014229363,0.003483824199065566,75452
658,0,14,7433,op,-0.13366666666666677,118,True,False,False,True,883.0,118,0.5171978858215134,0.0023209620267152786,75570
659,0,14,7433,op,0.6512515721321105,120,True,True,False,False,831.0,120,0.5166806879356919,0.003830885048955679,75690
660,0,14,7433,op,-0.1410000000000001,117,True,False,False,True,874.0,117,0.5161640072477562,0.0029363122303038836,75807
661,0,14,7433,op,0.6382574019432067,120,True,True,False,False,878.0,120,0.5156478432405085,0.0029305729549378157,75927
662,0,14,7433,op,-0.15566666666666676,115,True,False,False,True,897.0,115,0.515132195397268,0.0032433983869850636,76042
663,0,14,7433,op,0.6349397478103637,120,True,True,False,False,890.0,120,0.5146170632018707,0.0035914764739573,76162
664,0,14,7433,op,-0.1630000000000001,114,True,False,False,True,897.0,114,0.5141024461386688,0.0025022763293236494,76276
665,0,14,7433,op,-0.24366666666666675,103,True,False,False,True,900.0,103,0.5135883436925301,0.0029656619299203157,76379
666,0,14,7433,op,-0.1630000000000001,114,True,False,False,True,896.0,114,0.5130747553488376,0.002849829848855734,76493
667,0,14,7433,op,-0.2290000000000001,105,True,False,False,True,895.0,105,0.5125616805934888,0.0045381393283605576,76598
668,0,14,7433,op,-0.17033333333333342,113,True,False,False,True,900.0,113,0.5120491189128954,0.0027747584972530603,76711
669,0,14,7433,op,-0.13366666666666677,118,True,False,False,True,893.0,118,0.5115370697939825,0.00466333469375968,76829
670,0,14,7433,op,0.6645222482681273,120,True,True,False,False,783.0,120,0.5110255327241885,0.003739485517144203,76949
671,0,14,7433,op,-0.2363333333333334,104,True,False,False,True,900.0,104,0.5105145071914643,0.002651744056493044,77053
672,0,14,7433,op,-0.17033333333333342,113,True,False,False,True,896.0,113,0.5100039926842729,0.002704799175262451,77166
673,0,14,7433,op,-0.12633333333333344,119,True,False,False,True,883.0,119,0.5094939886915886,0.003981190267950296,77285
674,0,14,7433,op,-0.1923333333333334,110,True,False,False,True,899.0,110,0.508984494702897,0.002730684820562601,77395
675,0,14,7433,op,-0.18500000000000008,111,True,False,False,True,900.0,111,0.508475510208194,0.0036582062020897865,77506
676,0,14,7433,op,0.6523574767112731,120,True,True,False,False,827.0,120,0.5079670346979859,0.00339081441052258,77626
677,0,14,7433,op,-0.18500000000000008,111,True,False,False,True,887.0,111,0.5074590676632879,0.004996893927454948,77737
678,0,14,7433,op,-0.22166666666666673,106,True,False,False,True,898.0,106,0.5069516085956246,0.0021650665439665318,77843
679,0,14,7433,op,-0.12633333333333344,119,True,False,False,True,892.0,119,0.506444656987029,0.0029976838268339634,77962
680,0,14,7433,op,0.6327279386520385,120,True,True,False,False,898.0,120,0.505938212330042,0.005062254145741463,78082
681,0,14,7433,op,0.6429574069976806,120,True,True,False,False,861.0,120,0.505432274117712,0.004160773009061813,78202
682,0,14,7433,op,0.6498692212104796,120,True,True,False,False,836.0,120,0.5049268418435943,0.00262700067833066,78322
683,0,14,7433,op,-0.12633333333333344,119,True,False,False,True,885.0,119,0.5044219150017507,0.0034803668968379498,78441
684,0,14,7433,op,-0.15566666666666676,115,True,False,False,True,898.0,115,0.5039174930867489,0.004810646176338196,78556
685,0,14,7433,op,-0.12633333333333344,119,True,False,False,True,882.0,119,0.5034135755936622,0.004890408366918564,78675
686,0,14,7433,op,-0.21433333333333343,107,True,False,False,True,896.0,107,0.5029101620180685,0.0032966078724712133,78782
687,0,14,7433,op,-0.12633333333333344,119,True,False,False,True,877.0,119,0.5024072518560504,0.004251243080943823,78901
688,0,14,7433,op,-0.22166666666666673,106,True,False,False,True,896.0,106,0.5019048446041944,0.0036208233796060085,79007
689,0,14,7433,op,-0.1630000000000001,114,True,False,False,True,896.0,114,0.5014029397595902,0.004362776875495911,79121
690,0,14,7433,op,-0.1410000000000001,117,True,False,False,True,900.0,117,0.5009015368198305,0.0036717033945024014,79238
691,0,14,7433,op,-0.2656666666666667,100,True,False,False,True,898.0,100,0.5004006352830107,0.005018191412091255,79338
692,0,14,7433,op,-0.19966666666666674,109,True,False,False,True,891.0,109,0.4999002346477277,0.0039836023934185505,79447
693,0,14,7433,op,0.660651641845703,120,True,True,False,False,797.0,120,0.49940033441307996,0.003330748062580824,79567
694,0,14,7433,op,-0.13366666666666677,118,True,False,False,True,882.0,118,0.49890093407866687,0.002631460316479206,79685
695,0,14,7433,op,-0.21433333333333343,107,True,False,False,True,896.0,107,0.4984020331445882,0.0039772819727659225,79792
696,0,14,7433,op,-0.22166666666666673,106,True,False,False,True,897.0,106,0.4979036311114436,0.0025251340121030807,79898
697,0,14,7433,op,-0.14833333333333343,116,True,False,False,True,882.0,116,0.4974057274803321,0.0038551061879843473,80014
698,0,14,7433,op,-0.1923333333333334,110,True,False,False,True,888.0,110,0.49690832175285177,0.004222116433084011,80124
699,0,14,7433,op,-0.12633333333333344,119,True,False,False,True,879.0,119,0.4964114134310989,0.003856715513393283,80243
700,0,14,7433,op,-0.17766666666666675,112,True,False,False,True,897.0,112,0.4959150020176678,0.0058226557448506355,80355
701,0,14,7433,op,-0.12633333333333344,119,True,False,False,True,900.0,119,0.49541908701565013,0.004136492498219013,80474
702,0,14,7433,op,-0.1410000000000001,117,True,False,False,True,894.0,117,0.49492366792863446,0.004917805083096027,80591
703,0,14,7433,op,-0.21433333333333343,107,True,False,False,True,900.0,107,0.4944287442607058,0.0047338977456092834,80698
704,0,14,7433,op,0.6471045193672179,120,True,True,False,False,846.0,120,0.4939343155164451,0.0050987545400857925,80818
705,0,14,7433,op,-0.15566666666666676,115,True,False,False,True,885.0,115,0.4934403812009287,0.0034771310165524483,80933
706,0,14,7433,op,-0.19966666666666674,109,True,False,False,True,885.0,109,0.4929469408197278,0.0032920953817665577,81042
707,0,14,7433,op,0.6426809606552123,120,True,True,False,False,862.0,120,0.49245399387890804,0.003253027331084013,81162
708,0,14,7433,op,-0.17033333333333342,113,True,False,False,True,900.0,113,0.4919615398850291,0.0029149334877729416,81275
709,0,14,7433,op,-0.18500000000000008,111,True,False,False,True,895.0,111,0.4914695783451441,0.005233847536146641,81386
710,0,14,7433,op,-0.14833333333333343,116,True,False,False,True,898.0,116,0.4909781087667989,0.005955417640507221,81502
711,0,14,7433,op,-0.15566666666666676,115,True,False,False,True,888.0,115,0.4904871306580321,0.004941998049616814,81617
712,0,14,7433,op,-0.18500000000000008,111,True,False,False,True,894.0,111,0.4899966435273741,0.004959380719810724,81728
713,0,14,7433,op,-0.19966666666666674,109,True,False,False,True,894.0,109,0.4895066468838467,0.003809308400377631,81837
714,0,14,7433,op,0.6426809606552123,120,True,True,False,False,862.0,120,0.48901714023696286,0.004765897989273071,81957
715,0,14,7433,op,-0.20700000000000007,108,True,False,False,True,900.0,108,0.4885281230967259,0.004338648170232773,82065
716,0,14,7433,op,-0.1410000000000001,117,True,False,False,True,882.0,117,0.48803959497362914,0.006404741667211056,82182
717,0,14,7433,op,-0.17033333333333342,113,True,False,False,True,884.0,113,0.4875515553786555,0.007434312719851732,82295
718,0,14,7433,op,-0.18500000000000008,111,True,False,False,True,885.0,111,0.48706400382327686,0.005838656798005104,82406
719,0,14,7433,op,-0.13366666666666677,118,True,False,False,True,891.0,118,0.4865769398194536,0.004650841001421213,82524
720,0,14,7433,op,-0.13366666666666677,118,True,False,False,True,882.0,118,0.48609036287963414,0.004108312539756298,82642
721,0,14,7433,op,-0.1923333333333334,110,True,False,False,True,897.0,110,0.48560427251675453,0.004681805614382029,82752
722,0,14,7433,op,-0.2290000000000001,105,True,False,False,True,896.0,105,0.48511866824423777,0.004477549809962511,82857
723,0,14,7433,op,0.6484868702888488,120,True,True,False,False,841.0,120,0.4846335495759935,0.005134067498147488,82977
724,0,14,7433,op,-0.17033333333333342,113,True,False,False,True,883.0,113,0.4841489160264175,0.004652985371649265,83090
725,0,14,7433,op,0.6338338432312011,120,True,True,False,False,894.0,120,0.4836647671103911,0.004864831455051899,83210
726,0,14,7433,op,-0.21433333333333343,107,True,False,False,True,898.0,107,0.4831811023432807,0.003244743449613452,83317
727,0,14,7433,op,0.6435103592872619,120,True,True,False,False,859.0,120,0.4826979212409374,0.004289127886295319,83437
728,0,14,7433,op,-0.1630000000000001,114,True,False,False,True,900.0,114,0.48221522331969646,0.0035532177425920963,83551
729,0,14,7433,op,-0.2730000000000001,99,True,False,False,True,897.0,99,0.48173300809637676,0.0028672770131379366,83650
730,0,14,7433,op,-0.14833333333333343,116,True,False,False,True,885.0,116,0.48125127508828036,0.005788518115878105,83766
731,0,14,7433,op,-0.14833333333333343,116,True,False,False,True,896.0,116,0.48077002381319206,0.0038967884611338377,83882
732,0,14,7433,op,0.6562280831336974,120,True,True,False,False,813.0,120,0.48028925378937887,0.0030708671547472477,84002
733,0,14,7433,op,-0.13366666666666677,118,True,False,False,True,879.0,118,0.47980896453558947,0.004626822657883167,84120
734,0,14,7433,op,-0.35366666666666674,88,True,False,False,True,897.0,88,0.4793291555710539,0.006106708198785782,84208
735,0,14,7433,op,-0.14833333333333343,116,True,False,False,True,896.0,116,0.47884982641548285,0.004186859354376793,84324
736,0,14,7433,op,0.6595457372665404,120,True,True,False,False,801.0,120,0.47837097658906735,0.0046839723363518715,84444
737,0,14,7433,op,-0.20700000000000007,108,True,False,False,True,892.0,108,0.47789260561247826,0.004376661032438278,84552
738,0,14,7433,op,-0.18500000000000008,111,True,False,False,True,897.0,111,0.4774147130068658,0.0035738912411034107,84663
739,0,14,7433,op,-0.2656666666666667,100,True,False,False,True,900.0,100,0.4769372982938589,0.0041105011478066444,84763
740,0,14,7433,op,-0.17766666666666675,112,True,False,False,True,881.0,112,0.47646036099556505,0.0037112589925527573,84875
741,0,14,7433,op,0.6354926404953002,120,True,True,False,False,888.0,120,0.47598390063456947,0.00601540133357048,84995
742,0,14,7433,op,-0.1410000000000001,117,True,False,False,True,887.0,117,0.4755079167339349,0.004142062738537788,85112
743,0,14,7433,op,-0.17033333333333342,113,True,False,False,True,889.0,113,0.47503240881720094,0.006156406365334988,85225
744,0,14,7433,op,-0.1410000000000001,117,True,False,False,True,889.0,117,0.47455737640838375,0.003389814170077443,85342
745,0,14,7433,op,-0.1923333333333334,110,True,False,False,True,899.0,110,0.47408281903197536,0.0046818796545267105,85452
746,0,14,7433,op,0.6661811051368712,120,True,True,False,False,777.0,120,0.47360873621294336,0.00577105488628149,85572
747,0,14,7433,op,-0.12633333333333344,119,True,False,False,True,893.0,119,0.4731351274767304,0.004967201966792345,85691
748,0,14,7433,op,-0.15566666666666676,115,True,False,False,True,897.0,115,0.4726619923492537,0.005116047337651253,85806
749,0,14,7433,op,0.6965930042266845,120,True,True,False,False,667.0,120,0.47218933035690447,0.004035460762679577,85926
750,0,14,7433,op,0.6327279386520385,120,True,True,False,False,898.0,120,0.47171714102654755,0.004408275242894888,86046
751,0,14,7433,op,-0.12633333333333344,119,True,False,False,True,896.0,119,0.471245423885521,0.00452034454792738,86165
752,0,14,7433,op,-0.18500000000000008,111,True,False,False,True,897.0,111,0.47077417846163544,0.0041686431504786015,86276
753,0,14,7433,op,-0.14833333333333343,116,True,False,False,True,884.0,116,0.4703034042831738,0.005582146346569061,86392
754,0,14,7433,op,0.6523574767112731,120,True,True,False,False,827.0,120,0.46983310087889063,0.004510895814746618,86512
755,0,14,7433,op,-0.12633333333333344,119,True,False,False,True,879.0,119,0.46936326777801174,0.004264784976840019,86631
756,0,14,7433,op,-0.19966666666666674,109,True,False,False,True,886.0,109,0.4688939045102337,0.003100696252658963,86740
757,0,14,7433,op,-0.1923333333333334,110,True,False,False,True,896.0,110,0.4684250106057235,0.004393469542264938,86850
758,0,14,7433,op,-0.22166666666666673,106,True,False,False,True,889.0,106,0.46795658559511777,0.0036601792089641094,86956
759,0,14,7433,op,-0.13366666666666677,118,True,False,False,True,897.0,118,0.46748862900952265,0.004308631643652916,87074
760,0,14,7433,op,-0.15566666666666676,115,True,False,False,True,888.0,115,0.4670211403805131,0.004809425212442875,87189
761,0,14,7433,op,-0.12633333333333344,119,True,False,False,True,882.0,119,0.4665541192401326,0.003598900279030204,87308
762,0,14,7433,op,0.6512515721321105,120,True,True,False,False,831.0,120,0.4660875651208925,0.0045728543773293495,87428
763,0,14,7433,op,-0.12633333333333344,119,True,False,False,True,873.0,119,0.4656214775557716,0.0042550228536129,87547
764,0,14,7433,op,-0.15566666666666676,115,True,False,False,True,890.0,115,0.46515585607821586,0.004607111681252718,87662
765,0,14,7433,op,-0.2363333333333334,104,True,False,False,True,890.0,104,0.46469070022213765,0.002635019598528743,87766
766,0,14,7433,op,0.6399162588119506,120,True,True,False,False,872.0,120,0.4642260095219155,0.00277694221585989,87886
767,0,14,7433,op,-0.19966666666666674,109,True,False,False,True,898.0,109,0.4637617835123936,0.004368271678686142,87995
768,0,14,7433,op,-0.1923333333333334,110,True,False,False,True,897.0,110,0.46329802172888124,0.003739848965778947,88105
769,0,14,7433,op,0.6371514973640441,120,True,True,False,False,882.0,120,0.46283472370715234,0.005250550806522369,88225
770,0,14,7433,op,0.6650752005577086,120,True,True,False,False,781.0,120,0.46237188898344517,0.0035667831543833017,88345
771,0,14,7433,op,-0.17766666666666675,112,True,False,False,True,890.0,112,0.4619095170944617,0.004272357560694218,88457
772,0,14,7433,op,0.6598222432136535,120,True,True,False,False,800.0,120,0.46144760757736725,0.004504493437707424,88577
773,0,14,7433,op,-0.15566666666666676,115,True,False,False,True,899.0,115,0.46098615996978987,0.0033701430074870586,88692
774,0,14,7433,op,-0.18500000000000008,111,True,False,False,True,897.0,111,0.46052517380982005,0.004180842079222202,88803
775,0,14,7433,op,0.6349397478103637,120,True,True,False,False,890.0,120,0.4600646486360102,0.003065397497266531,88923
776,0,14,7433,op,-0.13366666666666677,118,True,False,False,True,892.0,118,0.4596045839873742,0.005859812721610069,89041
777,0,14,7433,op,0.6346632418632506,120,True,True,False,False,891.0,120,0.45914497940338683,0.002757496666163206,89161
778,0,14,7433,op,0.6788988289833068,120,True,True,False,False,731.0,120,0.4586858344239834,0.004337457474321127,89281
779,0,14,7433,op,-0.28766666666666674,97,True,False,False,True,896.0,97,0.45822714858955943,0.0045771971344947815,89378
780,0,14,7433,op,0.6653517065048217,120,True,True,False,False,780.0,120,0.45776892144096987,0.004626190755516291,89498
781,0,14,7433,op,-0.17766666666666675,112,True,False,False,True,891.0,112,0.4573111525195289,0.0036112945526838303,89610
782,0,14,7433,op,-0.2730000000000001,99,True,False,False,True,887.0,99,0.4568538413670094,0.0039031822234392166,89709
783,0,14,7433,op,-0.24366666666666675,103,True,False,False,True,897.0,103,0.4563969875256424,0.0035828109830617905,89812
784,0,14,7433,op,0.6802811799049376,120,True,True,False,False,726.0,120,0.45594059053811675,0.0062349457293748856,89932
785,0,14,7433,op,-0.17766666666666675,112,True,False,False,True,900.0,112,0.45548464994757865,0.003206077730283141,90044
786,0,14,7433,op,-0.14833333333333343,116,True,False,False,True,887.0,116,0.45502916529763104,0.003956191707402468,90160
787,0,14,7433,op,-0.1410000000000001,117,True,False,False,True,895.0,117,0.45457413613233344,0.0037390151992440224,90277
788,0,14,7433,op,0.660651641845703,120,True,True,False,False,797.0,120,0.4541195619962011,0.003647951642051339,90397
789,0,14,7433,op,-0.20700000000000007,108,True,False,False,True,896.0,108,0.4536654424342049,0.0034586512483656406,90505
790,0,14,7433,op,-0.1410000000000001,117,True,False,False,True,881.0,117,0.45321177699177073,0.005133294500410557,90622
791,0,14,7433,op,0.6324514923095702,120,True,True,False,False,899.0,120,0.452758565214779,0.003605292411521077,90742
792,0,14,7433,op,-0.13366666666666677,118,True,False,False,True,887.0,118,0.4523058066495642,0.004602343309670687,90860
793,0,14,7433,op,0.6518045244216918,120,True,True,False,False,829.0,120,0.45185350084291465,0.007278730161488056,90980
794,0,14,7433,op,-0.14833333333333343,116,True,False,False,True,900.0,116,0.4514016473420717,0.006569288671016693,91096
795,0,14,7433,op,-0.19966666666666674,109,True,False,False,True,894.0,109,0.45095024569472963,0.004755073226988316,91205
796,0,14,7433,op,-0.3023333333333334,95,True,False,False,True,884.0,95,0.4504992954490349,0.0052033644169569016,91300
797,0,14,7433,op,0.6332808909416198,120,True,True,False,False,896.0,120,0.45004879615358584,0.004507811740040779,91420
798,0,14,7433,op,0.6385338482856749,120,True,True,False,False,877.0,120,0.44959874735743227,0.004687166307121515,91540
799,0,14,7433,op,0.6354926404953002,120,True,True,False,False,888.0,120,0.4491491486100748,0.00606928626075387,91660
800,0,14,7433,op,-0.17766666666666675,112,True,False,False,True,889.0,112,0.44869999946146477,0.004395416006445885,91772
801,0,14,7433,op,-0.1923333333333334,110,True,False,False,True,900.0,110,0.4482512994620033,0.004513287916779518,91882
802,0,14,7433,op,-0.13366666666666677,118,True,False,False,True,898.0,118,0.4478030481625413,0.0024884387385100126,92000
803,0,14,7433,op,-0.15566666666666676,115,True,False,False,True,899.0,115,0.44735524511437874,0.006641227751970291,92115
804,0,14,7433,op,0.6512515721321105,120,True,True,False,False,831.0,120,0.4469078898692644,0.0040620057843625546,92235
805,0,14,7433,op,-0.21433333333333343,107,True,False,False,True,891.0,107,0.4464609819793951,0.004544485826045275,92342
806,0,14,7433,op,-0.24366666666666675,103,True,False,False,True,900.0,103,0.44601452099741573,0.0033188038505613804,92445
807,0,14,7433,op,-0.19966666666666674,109,True,False,False,True,887.0,109,0.4455685064764183,0.005786390975117683,92554
808,0,14,7433,op,-0.1630000000000001,114,True,False,False,True,898.0,114,0.4451229379699419,0.004835579544305801,92668
809,0,14,7433,op,0.6426809606552123,120,True,True,False,False,862.0,120,0.44467781503197196,0.0037289117462933064,92788
810,0,14,7433,op,0.6708811101913451,120,True,True,False,False,760.0,120,0.44423313721693997,0.004194031469523907,92908
811,0,14,7433,op,-0.21433333333333343,107,True,False,False,True,896.0,107,0.44378890407972305,0.0034497471060603857,93015
812,0,14,7433,op,-0.1630000000000001,114,True,False,False,True,895.0,114,0.44334511517564335,0.006556169595569372,93129
813,0,14,7433,op,-0.18500000000000008,111,True,False,False,True,900.0,111,0.4429017700604677,0.004468283616006374,93240
814,0,14,7433,op,-0.3023333333333334,95,True,False,False,True,898.0,95,0.44245886829040726,0.0038524752017110586,93335
815,0,14,7433,op,-0.12633333333333344,119,True,False,False,True,864.0,119,0.44201640942211684,0.00551992654800415,93454
816,0,14,7433,op,-0.15566666666666676,115,True,False,False,True,898.0,115,0.44157439301269474,0.0043322318233549595,93569
817,0,14,7433,op,-0.1410000000000001,117,True,False,False,True,891.0,117,0.44113281861968207,0.0034618526697158813,93686
818,0,14,7433,op,-0.14833333333333343,116,True,False,False,True,897.0,116,0.4406916858010624,0.0032908061984926462,93802
819,0,14,7433,op,-0.1410000000000001,117,True,False,False,True,897.0,117,0.4402509941152613,0.0030774553306400776,93919
820,0,14,7433,op,-0.17033333333333342,113,True,False,False,True,878.0,113,0.43981074312114604,0.0038320664316415787,94032
821,0,14,7433,op,0.6849811849594115,120,True,True,False,False,709.0,120,0.4393709323780249,0.0037620754446834326,94152
822,0,14,7433,op,-0.15566666666666676,115,True,False,False,True,892.0,115,0.4389315614456469,0.00426751421764493,94267
823,0,14,7433,op,0.6435103592872619,120,True,True,False,False,859.0,120,0.43849262988420123,0.0032027913257479668,94387
824,0,14,7433,op,-0.17766666666666675,112,True,False,False,True,885.0,112,0.438054137254317,0.0036122207529842854,94499
825,0,14,7433,op,-0.14833333333333343,116,True,False,False,True,899.0,116,0.4376160831170627,0.004317742306739092,94615
826,0,14,7433,op,-0.25100000000000006,102,True,False,False,True,900.0,102,0.43717846703394564,0.0039021605625748634,94717
827,0,14,7433,op,0.6515280780792235,120,True,True,False,False,830.0,120,0.4367412885669117,0.004196781199425459,94837
828,0,14,7433,op,-0.2950000000000001,96,True,False,False,True,899.0,96,0.4363045472783448,0.004863601177930832,94933
829,0,14,7433,op,0.6636928496360778,120,True,True,False,False,786.0,120,0.43586824273106645,0.0053664385341107845,95053
830,0,14,7433,op,-0.18500000000000008,111,True,False,False,True,895.0,111,0.4354323744883354,0.003662694012746215,95164
831,0,14,7433,op,-0.12633333333333344,119,True,False,False,True,877.0,119,0.43499694211384704,0.0038253269158303738,95283
832,0,14,7433,op,0.6393633065223693,120,True,True,False,False,874.0,120,0.4345619451717332,0.0031933574937283993,95403
833,0,14,7433,op,-0.21433333333333343,107,True,False,False,True,890.0,107,0.43412738322656147,0.0028184796683490276,95510
834,0,14,7433,op,-0.21433333333333343,107,True,False,False,True,899.0,107,0.4336932558433349,0.0054526557214558125,95617
835,0,14,7433,op,-0.17766666666666675,112,True,False,False,True,897.0,112,0.43325956258749154,0.004360825289040804,95729
836,0,14,7433,op,-0.1410000000000001,117,True,False,False,True,891.0,117,0.43282630302490405,0.0035234319511801004,95846
837,0,14,7433,op,-0.17033333333333342,113,True,False,False,True,890.0,113,0.43239347672187917,0.005475229118019342,95959
838,0,14,7433,op,-0.13366666666666677,118,True,False,False,True,877.0,118,0.4319610832451573,0.0030547657515853643,96077
839,0,14,7433,op,-0.17033333333333342,113,True,False,False,True,881.0,113,0.43152912216191214,0.006352871656417847,96190
840,0,14,7433,op,0.660651641845703,120,True,True,False,False,797.0,120,0.4310975930397502,0.004968957044184208,96310
841,0,14,7433,op,0.6800046739578246,120,True,True,False,False,727.0,120,0.43066649544671043,0.0045391470193862915,96430
842,0,14,7433,op,-0.2363333333333334,104,True,False,False,True,899.0,104,0.4302358289512637,0.004683002829551697,96534
843,0,14,7433,op,-0.19966666666666674,109,True,False,False,True,894.0,109,0.4298055931223125,0.003293902613222599,96643
844,0,14,7433,op,-0.14833333333333343,116,True,False,False,True,885.0,116,0.42937578752919014,0.0060595180839300156,96759
845,0,14,7433,op,-0.22166666666666673,106,True,False,False,True,895.0,106,0.4289464117416609,0.0069932760670781136,96865
846,0,14,7433,op,-0.1410000000000001,117,True,False,False,True,890.0,117,0.42851746532991924,0.004931929521262646,96982
847,0,14,7433,op,-0.22166666666666673,106,True,False,False,True,896.0,106,0.42808894786458934,0.004905510228127241,97088
848,0,14,7433,op,-0.13366666666666677,118,True,False,False,True,893.0,118,0.42766085891672473,0.004366860259324312,97206
849,0,14,7433,op,-0.1410000000000001,117,True,False,False,True,896.0,117,0.427233198057808,0.006968140602111816,97323
850,0,14,7433,op,-0.1410000000000001,117,True,False,False,True,889.0,117,0.4268059648597502,0.0049744704738259315,97440
851,0,14,7433,op,0.6518045244216918,120,True,True,False,False,829.0,120,0.4263791588948904,0.0060714674182236195,97560
852,0,14,7433,op,-0.21433333333333343,107,True,False,False,True,899.0,107,0.42595277973599555,0.0045584202744066715,97667
853,0,14,7433,op,-0.1410000000000001,117,True,False,False,True,885.0,117,0.42552682695625954,0.0046703205443918705,97784
854,0,14,7433,op,-0.13366666666666677,118,True,False,False,True,898.0,118,0.4251013001293033,0.00511282030493021,97902
855,0,14,7433,op,-0.22166666666666673,106,True,False,False,True,891.0,106,0.424676198829174,0.005515626631677151,98008
856,0,14,7433,op,-0.14833333333333343,116,True,False,False,True,888.0,116,0.4242515226303448,0.0035954006016254425,98124
857,0,14,7433,op,0.6509751257896422,120,True,True,False,False,832.0,120,0.42382727110771445,0.004261180758476257,98244
858,0,14,7433,op,-0.2290000000000001,105,True,False,False,True,900.0,105,0.4234034438366067,0.004918704740703106,98349
859,0,14,7433,op,-0.17033333333333342,113,True,False,False,True,888.0,113,0.4229800403927701,0.004358758218586445,98462
860,0,14,7433,op,0.6515280780792235,120,True,True,False,False,830.0,120,0.42255706035237733,0.005097205750644207,98582
861,0,14,7433,op,-0.14833333333333343,116,True,False,False,True,900.0,116,0.42213450329202495,0.004413268528878689,98698
862,0,14,7433,op,0.657057481765747,120,True,True,False,False,810.0,120,0.4217123687887329,0.00452440558001399,98818
863,0,14,7433,op,-0.19966666666666674,109,True,False,False,True,880.0,109,0.4212906564199442,0.004923170432448387,98927
864,0,14,7433,op,0.6412986097335814,120,True,True,False,False,867.0,120,0.42086936576352424,0.00481971213594079,99047
865,0,14,7433,op,-0.14833333333333343,116,True,False,False,True,899.0,116,0.4204484963977607,0.006051450967788696,99163
866,0,14,7433,op,-0.13366666666666677,118,True,False,False,True,898.0,118,0.42002804790136294,0.004656091332435608,99281
867,0,14,7433,op,-0.15566666666666676,115,True,False,False,True,896.0,115,0.4196080198534616,0.003941250964999199,99396
868,0,14,7433,op,-0.15566666666666676,115,True,False,False,True,900.0,115,0.4191884118336081,0.004183146636933088,99511
869,0,14,7433,op,-0.12633333333333344,119,True,False,False,True,893.0,119,0.41876922342177453,0.004189260769635439,99630
870,0,14,7433,op,-0.1923333333333334,110,True,False,False,True,900.0,110,0.41835045419835276,0.0032062274403870106,99740
871,0,14,7433,op,-0.18500000000000008,111,True,False,False,True,893.0,111,0.4179321037441544,0.00385773996822536,99851
872,0,14,7433,op,0.6426809606552123,120,True,True,False,False,862.0,120,0.41751417164041027,0.0031875260174274445,99971
873,0,14,7433,op,0.641851502418518,120,True,True,False,False,865.0,120,0.41709665746876984,0.005402668379247189,100000
874,0,14,7433,op,0.6667340574264525,120,True,True,False,False,775.0,120,0.4166795608113011,0.005396834574639797,100000
875,0,14,7433,op,-0.14833333333333343,116,True,False,False,True,885.0,116,0.41626288125048977,0.001907555852085352,100000
876,0,14,7433,op,-0.14833333333333343,116,True,False,False,True,897.0,116,0.41584661836923925,0.003275152761489153,100000
877,0,14,7433,op,-0.2730000000000001,99,True,False,False,True,890.0,99,0.41543077175087,0.0036719352938234806,100000
878,0,14,7433,op,-0.2363333333333334,104,True,False,False,True,888.0,104,0.41501534097911913,0.0043114894069731236,100000
879,0,14,7433,op,-0.17766666666666675,112,True,False,False,True,899.0,112,0.41460032563814003,0.004336309153586626,100000
880,0,14,7433,op,-0.1630000000000001,114,True,False,False,True,894.0,114,0.4141857253125019,0.005450638942420483,100000
881,0,14,7433,op,0.6498692212104796,120,True,True,False,False,836.0,120,0.41377153958718943,0.0041407509706914425,100000
882,0,14,7433,op,-0.12633333333333344,119,True,False,False,True,898.0,119,0.4133577680476022,0.003959478344768286,100000
883,0,14,7433,op,-0.2290000000000001,105,True,False,False,True,899.0,105,0.4129444102795546,0.004520800895988941,100000
884,0,14,7433,op,-0.17766666666666675,112,True,False,False,True,897.0,112,0.412531465869275,0.0036162761971354485,100000
885,0,14,7433,op,-0.13366666666666677,118,True,False,False,True,900.0,118,0.41211893440340575,0.003392311977222562,100000
886,0,14,7433,op,0.6365985450744628,120,True,True,False,False,884.0,120,0.41170681546900234,0.0031496540177613497,100000
887,0,14,7433,op,0.6410221037864684,120,True,True,False,False,868.0,120,0.41129510865353336,0.003490716451779008,100000
888,0,14,7433,op,0.6465515670776366,120,True,True,False,False,848.0,120,0.41088381354487985,0.005420004948973656,100000
889,0,14,7433,op,-0.13366666666666677,118,True,False,False,True,879.0,118,0.410472929731335,0.003508402267470956,100000
890,0,14,7433,op,0.6324514923095702,120,True,True,False,False,899.0,120,0.41006245680160364,0.003011499997228384,100000
891,0,14,7433,op,-0.18500000000000008,111,True,False,False,True,889.0,111,0.40965239434480205,0.004252036567777395,100000
892,0,14,7433,op,-0.20700000000000007,108,True,False,False,True,895.0,108,0.40924274195045723,0.0041870297864079475,100000
893,0,14,7433,op,-0.1923333333333334,110,True,False,False,True,896.0,110,0.40883349920850676,0.004108354449272156,100000
894,0,14,7433,op,-0.2583333333333334,101,True,False,False,True,900.0,101,0.40842466570929825,0.003525827080011368,100000
895,0,14,7433,op,-0.17033333333333342,113,True,False,False,True,893.0,113,0.40801624104358897,0.0032817565370351076,100000
896,0,14,7433,op,-0.15566666666666676,115,True,False,False,True,898.0,115,0.4076082248025454,0.004583967849612236,100000
897,0,14,7433,op,-0.14833333333333343,116,True,False,False,True,886.0,116,0.4072006165777428,0.004488972947001457,100000
898,0,14,7433,op,-0.1630000000000001,114,True,False,False,True,885.0,114,0.4067934159611651,0.004196462221443653,100000
899,0,14,7433,op,-0.13366666666666677,118,True,False,False,True,874.0,118,0.4063866225452039,0.0031220074743032455,100000
900,0,14,7433,op,-0.13366666666666677,118,True,False,False,True,885.0,118,0.4059802359226587,0.0032843356020748615,100000
901,0,14,7433,op,-0.18500000000000008,111,True,False,False,True,895.0,111,0.40557425568673605,0.003623122116550803,100000
902,0,14,7433,op,-0.15566666666666676,115,True,False,False,True,885.0,115,0.40516868143104934,0.0031162770465016365,100000
903,0,14,7433,op,-0.15566666666666676,115,True,False,False,True,895.0,115,0.4047635127496183,0.0045142690651118755,100000
904,0,14,7433,op,-0.2583333333333334,101,True,False,False,True,900.0,101,0.4043587492368687,0.004836650565266609,100000
905,0,14,7433,op,-0.1410000000000001,117,True,False,False,True,900.0,117,0.4039543904876318,0.005338357761502266,100000
906,0,14,7433,op,-0.2583333333333334,101,True,False,False,True,898.0,101,0.4035504360971442,0.00394789781421423,100000
907,0,14,7433,op,-0.17033333333333342,113,True,False,False,True,895.0,113,0.40314688566104706,0.004512898623943329,100000
908,0,14,7433,op,-0.15566666666666676,115,True,False,False,True,897.0,115,0.402743738775386,0.006162113044410944,100000
909,0,14,7433,op,0.6371514973640441,120,True,True,False,False,882.0,120,0.4023409950366106,0.00558583065867424,100000
910,0,14,7433,op,-0.15566666666666676,115,True,False,False,True,893.0,115,0.401938654041574,0.00497837271541357,100000
911,0,14,7433,op,0.6479339179992675,120,True,True,False,False,843.0,120,0.4015367153875324,0.0037089684046804905,100000
912,0,14,7433,op,-0.1410000000000001,117,True,False,False,True,893.0,117,0.4011351786721449,0.0053570810705423355,100000
913,0,14,7433,op,-0.2363333333333334,104,True,False,False,True,900.0,104,0.40073404349347275,0.003708215430378914,100000
914,0,14,7433,op,-0.17033333333333342,113,True,False,False,True,884.0,113,0.40033330944997925,0.006064977031201124,100000
915,0,14,7433,op,-0.1410000000000001,117,True,False,False,True,899.0,117,0.39993297614052925,0.00465793814510107,100000
916,0,14,7433,op,0.6443397579193114,120,True,True,False,False,856.0,120,0.3995330431643887,0.003586102742701769,100000
917,0,14,7433,op,-0.22166666666666673,106,True,False,False,True,900.0,106,0.39913351012122433,0.003880859352648258,100000
918,0,14,7433,op,-0.1923333333333334,110,True,False,False,True,886.0,110,0.3987343766111031,0.003524492960423231,100000
919,0,14,7433,op,-0.17033333333333342,113,True,False,False,True,889.0,113,0.398335642234492,0.00444732466712594,100000
920,0,14,7433,op,-0.2363333333333334,104,True,False,False,True,896.0,104,0.3979373065922575,0.003675231244415045,100000
921,0,14,7433,op,-0.1410000000000001,117,True,False,False,True,900.0,117,0.39753936928566525,0.00394922262057662,100000
922,0,14,7433,op,-0.19966666666666674,109,True,False,False,True,895.0,109,0.3971418299163796,0.004998430144041777,100000
923,0,14,7433,op,-0.1410000000000001,117,True,False,False,True,876.0,117,0.3967446880864632,0.0030260621570050716,100000
924,0,14,7433,op,0.6700517115592955,120,True,True,False,False,763.0,120,0.3963479433983767,0.003768304828554392,100000
925,0,14,7433,op,0.6448927102088927,120,True,True,False,False,854.0,120,0.3959515954549783,0.004006991628557444,100000
926,0,14,7433,op,0.6465515670776366,120,True,True,False,False,848.0,120,0.39555564385952335,0.003943086601793766,100000
927,0,14,7433,op,-0.17033333333333342,113,True,False,False,True,893.0,113,0.39516008821566384,0.003903281642124057,100000
928,0,14,7433,op,-0.17766666666666675,112,True,False,False,True,900.0,112,0.3947649281274482,0.005770706571638584,100000
929,0,14,7433,op,-0.17033333333333342,113,True,False,False,True,883.0,113,0.3943701631993207,0.004773556254804134,100000
930,0,14,7433,op,0.6426809606552123,120,True,True,False,False,862.0,120,0.3939757930361214,0.004660691134631634,100000
931,0,14,7433,op,-0.24366666666666675,103,True,False,False,True,899.0,103,0.3935818172430853,0.0047731297090649605,100000
932,0,14,7433,op,-0.15566666666666676,115,True,False,False,True,891.0,115,0.3931882354258422,0.003835971001535654,100000
933,0,14,7433,op,-0.1630000000000001,114,True,False,False,True,895.0,114,0.39279504719041636,0.004928616341203451,100000
934,0,14,7433,op,-0.1410000000000001,117,True,False,False,True,886.0,117,0.39240225214322594,0.004768154583871365,100000
935,0,14,7433,op,-0.2656666666666667,100,True,False,False,True,896.0,100,0.39200984989108273,0.005536364391446114,100000
936,0,14,7433,op,0.7001871643066405,120,True,True,False,False,654.0,120,0.39161784004119166,0.003401943715289235,100000
937,0,14,7433,op,-0.1630000000000001,114,True,False,False,True,897.0,114,0.39122622220115044,0.005780859850347042,100000
938,0,14,7433,op,0.6360456523895263,120,True,True,False,False,886.0,120,0.3908349959789493,0.007148556411266327,100000
939,0,14,7433,op,-0.19966666666666674,109,True,False,False,True,898.0,109,0.3904441609829703,0.0032416239846497774,100000
940,0,14,7433,op,0.6545692262649535,120,True,True,False,False,819.0,120,0.3900537168219873,0.004472856409847736,100000
941,0,14,7433,op,-0.20700000000000007,108,True,False,False,True,896.0,108,0.3896636631051653,0.00598454475402832,100000
942,0,14,7433,op,-0.25100000000000006,102,True,False,False,True,893.0,102,0.38927399944206015,0.004765726625919342,100000
943,0,14,7433,op,-0.17033333333333342,113,True,False,False,True,895.0,113,0.3888847254426181,0.004843287169933319,100000
944,0,14,7433,op,-0.13366666666666677,118,True,False,False,True,882.0,118,0.38849584071717547,0.0049682315438985825,100000
945,0,14,7433,op,0.6747517166137694,120,True,True,False,False,746.0,120,0.3881073448764583,0.003999459557235241,100000
946,0,14,7433,op,-0.31700000000000006,93,True,False,False,True,899.0,93,0.3877192375315819,0.004045402631163597,100000
947,0,14,7433,op,-0.24366666666666675,103,True,False,False,True,892.0,103,0.3873315182940503,0.004978185519576073,100000
948,0,14,7433,op,0.6733693656921386,120,True,True,False,False,751.0,120,0.38694418677575626,0.0038123729173094034,100000
949,0,14,7433,op,0.6670105037689208,120,True,True,False,False,774.0,120,0.3865572425889805,0.004080535843968391,100000
950,0,14,7433,op,0.6542927799224852,120,True,True,False,False,820.0,120,0.38617068534639154,0.005438619293272495,100000
951,0,14,7433,op,-0.15566666666666676,115,True,False,False,True,900.0,115,0.38578451466104513,0.004307090770453215,100000
952,0,14,7433,op,0.6797282276153563,120,True,True,False,False,728.0,120,0.3853987301463841,0.005027772858738899,100000
953,0,14,7433,op,-0.12633333333333344,119,True,False,False,True,891.0,119,0.3850133314162377,0.004695216193795204,100000
954,0,14,7433,op,-0.19966666666666674,109,True,False,False,True,897.0,109,0.3846283180848215,0.007092292420566082,100000
955,0,14,7433,op,-0.1410000000000001,117,True,False,False,True,894.0,117,0.3842436897667367,0.00706097949296236,100000
956,0,14,7433,op,-0.13366666666666677,118,True,False,False,True,897.0,118,0.3838594460769699,0.005839926190674305,100000
957,0,14,7433,op,-0.13366666666666677,118,True,False,False,True,899.0,118,0.38347558663089293,0.0049449182115495205,100000
958,0,14,7433,op,-0.22166666666666673,106,True,False,False,True,896.0,106,0.38309211104426205,0.005082309246063232,100000
959,0,14,7433,op,-0.1923333333333334,110,True,False,False,True,899.0,110,0.3827090189332178,0.004641748499125242,100000
960,0,14,7433,op,-0.12633333333333344,119,True,False,False,True,899.0,119,0.38232630991428457,0.004402387421578169,100000
961,0,14,7433,op,-0.2583333333333334,101,True,False,False,True,900.0,101,0.38194398360437026,0.005999519489705563,100000
962,0,14,7433,op,-0.14833333333333343,116,True,False,False,True,900.0,116,0.3815620396207659,0.005746169947087765,100000
963,0,14,7433,op,-0.20700000000000007,108,True,False,False,True,883.0,108,0.38118047758114515,0.0051124547608196735,100000
964,0,14,7433,op,-0.1410000000000001,117,True,False,False,True,893.0,117,0.380799297103564,0.005044074729084969,100000
965,0,14,7433,op,-0.19966666666666674,109,True,False,False,True,900.0,109,0.3804184978064605,0.007271288428455591,100000
966,0,14,7433,op,-0.18500000000000008,111,True,False,False,True,880.0,111,0.380038079308654,0.005880861077457666,100000
967,0,14,7433,op,0.6703281579017638,120,True,True,False,False,762.0,120,0.3796580412293454,0.004696247633546591,100000
968,0,14,7433,op,-0.22166666666666673,106,True,False,False,True,890.0,106,0.379278383188116,0.0033996151760220528,100000
969,0,14,7433,op,-0.13366666666666677,118,True,False,False,True,898.0,118,0.3788991048049279,0.0037628430873155594,100000
970,0,14,7433,op,-0.1923333333333334,110,True,False,False,True,899.0,110,0.37852020570012296,0.004927310161292553,100000
971,0,14,7433,op,-0.15566666666666676,115,True,False,False,True,894.0,115,0.37814168549442284,0.003811475820839405,100000
972,0,14,7433,op,-0.22166666666666673,106,True,False,False,True,898.0,106,0.3777635438089284,0.006033604498952627,100000
973,0,14,7433,op,-0.22166666666666673,106,True,False,False,True,899.0,106,0.3773857802651195,0.005930257961153984,100000
974,0,14,7433,op,-0.19966666666666674,109,True,False,False,True,900.0,109,0.37700839448485435,0.0044831885024905205,100000
975,0,14,7433,op,-0.12633333333333344,119,True,False,False,True,871.0,119,0.3766313860903695,0.0048638395965099335,100000
976,0,14,7433,op,-0.17033333333333342,113,True,False,False,True,899.0,113,0.37625475470427916,0.003348498372361064,100000
977,0,14,7433,op,-0.24366666666666675,103,True,False,False,True,879.0,103,0.3758784999495749,0.003893195418640971,100000
978,0,14,7433,op,-0.1630000000000001,114,True,False,False,True,898.0,114,0.3755026214496253,0.0029152226634323597,100000
979,0,14,7433,op,-0.3683333333333334,86,True,False,False,True,899.0,86,0.3751271188281757,0.004672749899327755,100000
980,0,14,7433,op,-0.1923333333333334,110,True,False,False,True,882.0,110,0.3747519917093475,0.00583628099411726,100000
981,0,14,7433,op,0.6354926404953002,120,True,True,False,False,888.0,120,0.37437723971763814,0.005682541523128748,100000
982,0,14,7433,op,-0.22166666666666673,106,True,False,False,True,891.0,106,0.37400286247792053,0.00445584487169981,100000
983,0,14,7433,op,0.6410221037864684,120,True,True,False,False,868.0,120,0.3736288596154426,0.004095652140676975,100000
984,0,14,7433,op,-0.13366666666666677,118,True,False,False,True,875.0,118,0.37325523075582717,0.006142780650407076,100000
985,0,14,7433,op,-0.1410000000000001,117,True,False,False,True,898.0,117,0.37288197552507135,0.003725425573065877,100000
986,0,14,7433,op,-0.17033333333333342,113,True,False,False,True,883.0,113,0.37250909354954626,0.003983589354902506,100000
987,0,14,7433,op,-0.20700000000000007,108,True,False,False,True,900.0,108,0.37213658445599673,0.0054504708386957645,100000
988,0,14,7433,op,-0.17033333333333342,113,True,False,False,True,897.0,113,0.3717644478715407,0.005307704210281372,100000
989,0,14,7433,op,-0.2363333333333334,104,True,False,False,True,880.0,104,0.3713926834236692,0.005463355220854282,100000
990,0,14,7433,op,0.6374280033111571,120,True,True,False,False,881.0,120,0.37102129074024554,0.0037753472570329905,100000
991,0,14,7433,op,-0.24366666666666675,103,True,False,False,True,893.0,103,0.3706502694495053,0.0036753425374627113,100000
992,0,14,7433,op,0.6352161941528319,120,True,True,False,False,889.0,120,0.3702796191800558,0.004661295562982559,100000
993,0,14,7433,op,-0.17766666666666675,112,True,False,False,True,882.0,112,0.36990933956087574,0.005314562935382128,100000
994,0,14,7433,op,-0.21433333333333343,107,True,False,False,True,900.0,107,0.36953943022131486,0.00415487214922905,100000
995,0,14,7433,op,-0.12633333333333344,119,True,False,False,True,885.0,119,0.3691698907910935,0.004733564797788858,100000
996,0,14,7433,op,-0.21433333333333343,107,True,False,False,True,890.0,107,0.3688007209003024,0.0038078001234680414,100000
997,0,14,7433,op,-0.20700000000000007,108,True,False,False,True,895.0,108,0.36843192017940213,0.003857425646856427,100000
998,0,14,7433,op,-0.2583333333333334,101,True,False,False,True,894.0,101,0.36806348825922275,0.004533383529633284,100000
999,0,14,7433,op,-0.1410000000000001,117,True,False,False,True,886.0,117,0.3676954247709635,0.00540535245090723,100000
1000,0,14,7433,op,-0.13366666666666677,118,True,False,False,True,900.0,118,0.36732772934619257,0.005318013019859791,100000
1001,0,14,7433,op,-0.13366666666666677,118,True,False,False,True,872.0,118,0.3669604016168464,0.003970220685005188,100000
1002,0,14,7433,op,0.6598222432136535,120,True,True,False,False,800.0,120,0.3665934412152296,0.004974188283085823,100000
1003,0,14,7433,op,-0.1630000000000001,114,True,False,False,True,894.0,114,0.3662268477740143,0.005202739033848047,100000
1004,0,14,7433,op,0.6509751257896422,120,True,True,False,False,832.0,120,0.36586062092624033,0.00582846300676465,100000
1005,0,14,7433,op,0.6341102895736693,120,True,True,False,False,893.0,120,0.3654947603053141,0.0049217576161026955,100000
1006,0,14,7433,op,-0.17033333333333342,113,True,False,False,True,897.0,113,0.36512926554500874,0.0036148352082818747,100000
1007,0,14,7433,op,-0.17033333333333342,113,True,False,False,True,884.0,113,0.36476413627946375,0.0058210464194417,100000
1008,0,14,7433,op,-0.15566666666666676,115,True,False,False,True,880.0,115,0.3643993721431843,0.005448204465210438,100000
1009,0,14,7433,op,-0.12633333333333344,119,True,False,False,True,888.0,119,0.36403497277104113,0.005131549667567015,100000
1010,0,14,7433,op,0.65733398771286,120,True,True,False,False,809.0,120,0.3636709377982701,0.004290314856916666,100000
1011,0,14,7433,op,0.6407456574440001,120,True,True,False,False,869.0,120,0.3633072668604718,0.003835066221654415,100000
1012,0,14,7433,op,-0.1410000000000001,117,True,False,False,True,897.0,117,0.36294395959361136,0.0036898914258927107,100000
1013,0,14,7433,op,-0.18500000000000008,111,True,False,False,True,895.0,111,0.36258101563401773,0.004121188074350357,100000
1014,0,14,7433,op,-0.14833333333333343,116,True,False,False,True,887.0,116,0.3622184346183837,0.003783815773203969,100000
1015,0,14,7433,op,-0.18500000000000008,111,True,False,False,True,899.0,111,0.36185621618376534,0.0035643395967781544,100000
1016,0,14,7433,op,-0.2290000000000001,105,True,False,False,True,894.0,105,0.36149435996758156,0.004704852122813463,100000
1017,0,14,7433,op,-0.2290000000000001,105,True,False,False,True,898.0,105,0.361132865607614,0.0042215087451040745,100000
1018,0,14,7433,op,0.6324514923095702,120,True,True,False,False,899.0,120,0.36077173274200636,0.004725717008113861,100000
1019,0,14,7433,op,-0.13366666666666677,118,True,False,False,True,897.0,118,0.36041096100926434,0.006363914348185062,100000
1020,0,14,7433,op,0.6354926404953002,120,True,True,False,False,888.0,120,0.3600505500482551,0.0035817078314721584,100000
1021,0,14,7433,op,-0.1630000000000001,114,True,False,False,True,899.0,114,0.35969049949820686,0.0054853372275829315,100000
1022,0,14,7433,op,-0.1630000000000001,114,True,False,False,True,893.0,114,0.3593308089987087,0.004887550137937069,100000
1023,0,14,7433,op,-0.13366666666666677,118,True,False,False,True,895.0,118,0.35897147818971,0.004180848598480225,100000
1024,0,14,7433,op,-0.18500000000000008,111,True,False,False,True,884.0,111,0.3586125067115203,0.005696031264960766,100000
1025,0,14,7433,op,0.6565045890808104,120,True,True,False,False,812.0,120,0.35825389420480874,0.004547329619526863,100000
1026,0,14,7433,op,-0.21433333333333343,107,True,False,False,True,899.0,107,0.35789564031060395,0.004687878303229809,100000
1027,0,14,7433,op,-0.20700000000000007,108,True,False,False,True,897.0,108,0.35753774467029337,0.005370841361582279,100000
1028,0,14,7433,op,-0.13366666666666677,118,True,False,False,True,900.0,118,0.3571802069256231,0.004751742817461491,100000
1029,0,14,7433,op,0.6471045193672179,120,True,True,False,False,846.0,120,0.3568230267186975,0.0038697468116879463,100000
1030,0,14,7433,op,0.6484868702888488,120,True,True,False,False,841.0,120,0.3564662036919788,0.005284680053591728,100000
1031,0,14,7433,op,0.668945806980133,120,True,True,False,False,767.0,120,0.35610973748828684,0.004738957155495882,100000
1032,0,14,7433,op,-0.1410000000000001,117,True,False,False,True,875.0,117,0.35575362775079855,0.004109722562134266,100000
1033,0,14,7433,op,-0.3243333333333334,92,True,False,False,True,895.0,92,0.35539787412304774,0.005042801611125469,100000
1034,0,14,7433,op,-0.1410000000000001,117,True,False,False,True,880.0,117,0.3550424762489247,0.004351030103862286,100000
1035,0,14,7433,op,-0.13366666666666677,118,True,False,False,True,889.0,118,0.3546874337726758,0.0038195867091417313,100000
1036,0,14,7433,op,-0.13366666666666677,118,True,False,False,True,891.0,118,0.35433274633890316,0.0044594937935471535,100000
1037,0,14,7433,op,-0.15566666666666676,115,True,False,False,True,893.0,115,0.35397841359256427,0.0062838150188326836,100000
1038,0,14,7433,op,-0.17033333333333342,113,True,False,False,True,894.0,113,0.3536244351789717,0.004857793916016817,100000
1039,0,14,7433,op,-0.1923333333333334,110,True,False,False,True,899.0,110,0.35327081074379274,0.00515598151832819,100000
1040,0,14,7433,op,-0.25100000000000006,102,True,False,False,True,887.0,102,0.352917539933049,0.004417222458869219,100000
1041,0,14,7433,op,-0.1923333333333334,110,True,False,False,True,897.0,110,0.3525646223931159,0.005219920538365841,100000
1042,0,14,7433,op,0.6374280033111571,120,True,True,False,False,881.0,120,0.3522120577707228,0.005403011105954647,100000
1043,0,14,7433,op,-0.15566666666666676,115,True,False,False,True,897.0,115,0.3518598457129521,0.005190866533666849,100000
1044,0,14,7433,op,0.6382574019432067,120,True,True,False,False,878.0,120,0.35150798586723914,0.004182023927569389,100000
1045,0,14,7433,op,-0.1923333333333334,110,True,False,False,True,898.0,110,0.3511564778813719,0.004838722757995129,100000
1046,0,14,7433,op,-0.14833333333333343,116,True,False,False,True,888.0,116,0.3508053214034905,0.004455956630408764,100000
1047,0,14,7433,op,-0.15566666666666676,115,True,False,False,True,900.0,115,0.35045451608208705,0.005666764918714762,100000
1048,0,14,7433,op,-0.12633333333333344,119,True,False,False,True,894.0,119,0.350104061566005,0.005773839540779591,100000
1049,0,14,7433,op,0.6766870198249816,120,True,True,False,False,739.0,120,0.349753957504439,0.00486253947019577,100000
1050,0,14,7433,op,0.672539967060089,120,True,True,False,False,754.0,120,0.3494042035469346,0.004963131621479988,100000
1051,0,14,7433,op,-0.17766666666666675,112,True,False,False,True,895.0,112,0.3490547993433876,0.0056718988344073296,100000
1052,0,14,7433,op,-0.1630000000000001,114,True,False,False,True,897.0,114,0.34870574454404424,0.005249468609690666,100000
1053,0,14,7433,op,-0.13366666666666677,118,True,False,False,True,892.0,118,0.3483570387995002,0.004403578117489815,100000
1054,0,14,7433,op,-0.20700000000000007,108,True,False,False,True,900.0,108,0.3480086817607007,0.004372172057628632,100000
1055,0,14,7433,op,0.6581633863449096,120,True,True,False,False,806.0,120,0.34766067307894,0.004280370660126209,100000
1056,0,14,7433,op,-0.2290000000000001,105,True,False,False,True,898.0,105,0.34731301240586104,0.0034578084014356136,100000
1057,0,14,7433,op,-0.2730000000000001,99,True,False,False,True,898.0,99,0.3469656993934552,0.00592195987701416,100000
1058,0,14,7433,op,-0.15566666666666676,115,True,False,False,True,897.0,115,0.3466187336940617,0.004212949890643358,100000
1059,0,14,7433,op,-0.18500000000000008,111,True,False,False,True,883.0,111,0.34627211496036764,0.004820510745048523,100000
1060,0,14,7433,op,-0.1410000000000001,117,True,False,False,True,882.0,117,0.3459258428454073,0.004162369761615992,100000
1061,0,14,7433,op,-0.2656666666666667,100,True,False,False,True,898.0,100,0.34557991700256185,0.004340969957411289,100000
1062,0,14,7433,op,-0.17033333333333342,113,True,False,False,True,893.0,113,0.3452343370855593,0.003973500337451696,100000
1063,0,14,7433,op,-0.15566666666666676,115,True,False,False,True,896.0,115,0.34488910274847373,0.00414050230756402,100000
1064,0,14,7433,op,-0.12633333333333344,119,True,False,False,True,887.0,119,0.34454421364572524,0.003376559354364872,100000
1065,0,14,7433,op,0.6341102895736693,120,True,True,False,False,893.0,120,0.3441996694320795,0.004100770689547062,100000
1066,0,14,7433,op,-0.1410000000000001,117,True,False,False,True,886.0,117,0.34385546976264747,0.005328138824552298,100000
1067,0,14,7433,op,-0.15566666666666676,115,True,False,False,True,877.0,115,0.34351161429288485,0.00455895159393549,100000
1068,0,14,7433,op,-0.18500000000000008,111,True,False,False,True,895.0,111,0.34316810267859194,0.0031241648830473423,100000
1069,0,14,7433,op,0.6473809657096862,120,True,True,False,False,845.0,120,0.34282493457591334,0.004526054486632347,100000
1070,0,14,7433,op,-0.13366666666666677,118,True,False,False,True,899.0,118,0.3424821096413374,0.003944987431168556,100000
1071,0,14,7433,op,0.6562280831336974,120,True,True,False,False,813.0,120,0.3421396275316961,0.00414865929633379,100000
1072,0,14,7433,op,-0.1410000000000001,117,True,False,False,True,892.0,117,0.34179748790416437,0.0037131512071937323,100000
1073,0,14,7433,op,0.6321749863624572,120,True,True,False,False,900.0,120,0.3414556904162602,0.004614654928445816,100000
1074,0,14,7433,op,-0.17766666666666675,112,True,False,False,True,899.0,112,0.34111423472584396,0.004268535412847996,100000
1075,0,14,7433,op,0.6766870198249816,120,True,True,False,False,739.0,120,0.34077312049111813,0.004235879518091679,100000
1076,0,14,7433,op,0.6589928445816039,120,True,True,False,False,803.0,120,0.340432347370627,0.003666074713692069,100000
1077,0,14,7433,op,0.6587163386344909,120,True,True,False,False,804.0,120,0.34009191502325636,0.005102104973047972,100000
1078,0,14,7433,op,-0.17033333333333342,113,True,False,False,True,879.0,113,0.3397518231082331,0.004154616966843605,100000
1079,0,14,7433,op,0.6515280780792235,120,True,True,False,False,830.0,120,0.33941207128512485,0.003570223692804575,100000
1080,0,14,7433,op,-0.1923333333333334,110,True,False,False,True,895.0,110,0.3390726592138397,0.005287612322717905,100000
1081,0,14,7433,op,-0.17033333333333342,113,True,False,False,True,896.0,113,0.3387335865546259,0.004809100180864334,100000
1082,0,14,7433,op,-0.12633333333333344,119,True,False,False,True,884.0,119,0.33839485296807126,0.004352064803242683,100000
1083,0,14,7433,op,-0.13366666666666677,118,True,False,False,True,869.0,118,0.3380564581151032,0.004353302530944347,100000
1084,0,14,7433,op,-0.20700000000000007,108,True,False,False,True,900.0,108,0.33771840165698813,0.006295965984463692,100000
1085,0,14,7433,op,-0.25100000000000006,102,True,False,False,True,894.0,102,0.33738068325533116,0.006507643964141607,100000
1086,0,14,7433,op,0.6495927748680114,120,True,True,False,False,837.0,120,0.3370433025720758,0.0049546570517122746,100000
1087,0,14,7433,op,0.6440633115768432,120,True,True,False,False,857.0,120,0.33670625926950376,0.004615103825926781,100000
1088,0,14,7433,op,0.6382574019432067,120,True,True,False,False,878.0,120,0.33636955301023425,0.008140068501234055,100000
1089,0,14,7433,op,-0.17033333333333342,113,True,False,False,True,884.0,113,0.336033183457224,0.004220770206302404,100000
1090,0,14,7433,op,0.6531868753433226,120,True,True,False,False,824.0,120,0.3356971502737668,0.004789294674992561,100000
1091,0,14,7433,op,-0.17033333333333342,113,True,False,False,True,883.0,113,0.335361453123493,0.004951589275151491,100000
1092,0,14,7433,op,-0.14833333333333343,116,True,False,False,True,892.0,116,0.3350260916703695,0.005405913107097149,100000
1093,0,14,7433,op,-0.25100000000000006,102,True,False,False,True,897.0,102,0.33469106557869915,0.006155982613563538,100000
1094,0,14,7433,op,-0.13366666666666677,118,True,False,False,True,896.0,118,0.33435637451312045,0.005062023177742958,100000
1095,0,14,7433,op,-0.17766666666666675,112,True,False,False,True,896.0,112,0.3340220181386073,0.004276320803910494,100000
1096,0,14,7433,op,-0.18500000000000008,111,True,False,False,True,900.0,111,0.33368799612046873,0.005004297010600567,100000
1097,0,14,7433,op,0.6459986147880553,120,True,True,False,False,850.0,120,0.33335430812434824,0.0038778306916356087,100000
1098,0,14,7433,op,-0.34633333333333344,89,True,False,False,True,899.0,89,0.3330209538162239,0.003514809999614954,100000
1099,0,14,7433,op,-0.34633333333333344,89,True,False,False,True,896.0,89,0.33268793286240766,0.003883141092956066,100000
1100,0,14,7433,op,0.6509751257896422,120,True,True,False,False,832.0,120,0.33235524492954527,0.003939538728445768,100000
1101,0,14,7433,op,-0.12633333333333344,119,True,False,False,True,889.0,119,0.33202288968461574,0.004887735471129417,100000
1102,0,14,7433,op,-0.14833333333333343,116,True,False,False,True,887.0,116,0.33169086679493115,0.005049065221101046,100000
1103,0,14,7433,op,-0.14833333333333343,116,True,False,False,True,894.0,116,0.33135917592813624,0.00567561574280262,100000
1104,0,14,7433,op,-0.12633333333333344,119,True,False,False,True,892.0,119,0.3310278167522081,0.004857644904404879,100000
1105,0,14,7433,op,-0.25100000000000006,102,True,False,False,True,898.0,102,0.3306967889354559,0.004748334176838398,100000
1106,0,14,7433,op,-0.19966666666666674,109,True,False,False,True,890.0,109,0.33036609214652046,0.004297381266951561,100000
1107,0,14,7433,op,-0.2290000000000001,105,True,False,False,True,895.0,105,0.3300357260543739,0.004665320739150047,100000
1108,0,14,7433,op,-0.1630000000000001,114,True,False,False,True,898.0,114,0.32970569032831953,0.0034611292649060488,100000
1109,0,14,7433,op,-0.20700000000000007,108,True,False,False,True,883.0,108,0.3293759846379912,0.005621114745736122,100000
1110,0,14,7433,op,-0.17766666666666675,112,True,False,False,True,880.0,112,0.3290466086533532,0.003391138045117259,100000
1111,0,14,7433,op,-0.1630000000000001,114,True,False,False,True,900.0,114,0.3287175620446999,0.004859848413616419,100000
1112,0,14,7433,op,-0.13366666666666677,118,True,False,False,True,879.0,118,0.32838884448265515,0.003475165693089366,100000
1113,0,14,7433,op,-0.1410000000000001,117,True,False,False,True,892.0,117,0.3280604556381725,0.0032486922573298216,100000
1114,0,14,7433,op,-0.1630000000000001,114,True,False,False,True,881.0,114,0.32773239518253433,0.003768383292481303,100000
1115,0,14,7433,op,-0.1630000000000001,114,True,False,False,True,888.0,114,0.3274046627873518,0.004426697269082069,100000
1116,0,14,7433,op,-0.1410000000000001,117,True,False,False,True,870.0,117,0.32707725812456445,0.004526974633336067,100000
1117,0,14,7433,op,-0.13366666666666677,118,True,False,False,True,886.0,118,0.32675018086643987,0.004395566880702972,100000
1118,0,14,7433,op,-0.2363333333333334,104,True,False,False,True,899.0,104,0.32642343068557345,0.003340558148920536,100000
1119,0,14,7433,op,-0.20700000000000007,108,True,False,False,True,895.0,108,0.3260970072548879,0.002669410314410925,100000
1120,0,14,7433,op,-0.1630000000000001,114,True,False,False,True,897.0,114,0.325770910247633,0.0035211886279284954,100000
1121,0,14,7433,op,-0.14833333333333343,116,True,False,False,True,885.0,116,0.32544513933738534,0.0030293804593384266,100000
1122,0,14,7433,op,0.6565045890808104,120,True,True,False,False,812.0,120,0.3251196941980479,0.0036364924162626266,100000
1123,0,14,7433,op,-0.14833333333333343,116,True,False,False,True,897.0,116,0.32479457450384985,0.0049128783866763115,100000
1124,0,14,7433,op,-0.1630000000000001,114,True,False,False,True,893.0,114,0.324469779929346,0.0032715359702706337,100000
1125,0,14,7433,op,-0.2363333333333334,104,True,False,False,True,900.0,104,0.32414531014941667,0.0034699428360909224,100000
1126,0,14,7433,op,-0.2290000000000001,105,True,False,False,True,900.0,105,0.32382116483926726,0.004754075780510902,100000
1127,0,14,7433,op,-0.22166666666666673,106,True,False,False,True,900.0,106,0.323497343674428,0.0031672706827521324,100000
1128,0,14,7433,op,-0.17766666666666675,112,True,False,False,True,894.0,112,0.3231738463307536,0.0039875502698123455,100000
1129,0,14,7433,op,0.6636928496360778,120,True,True,False,False,786.0,120,0.32285067248442284,0.0032042893581092358,100000
1130,0,14,7433,op,-0.1410000000000001,117,True,False,False,True,891.0,117,0.3225278218119384,0.0027753273025155067,100000
1131,0,14,7433,op,-0.1923333333333334,110,True,False,False,True,892.0,110,0.3222052939901265,0.002987356623634696,100000
1132,0,14,7433,op,0.6916165528297423,120,True,True,False,False,685.0,120,0.32188308869613635,0.0035090544261038303,100000
1133,0,14,7433,op,-0.1410000000000001,117,True,False,False,True,879.0,117,0.3215612056074402,0.005310056731104851,100000
1134,0,14,7433,op,-0.14833333333333343,116,True,False,False,True,898.0,116,0.3212396444018328,0.003489697352051735,100000
1135,0,14,7433,op,-0.19966666666666674,109,True,False,False,True,892.0,109,0.32091840475743094,0.003200205508619547,100000
1136,0,14,7433,op,0.6426809606552123,120,True,True,False,False,862.0,120,0.3205974863526735,0.004415430128574371,100000
1137,0,14,7433,op,-0.19966666666666674,109,True,False,False,True,882.0,109,0.32027688886632083,0.005316030699759722,100000
1138,0,14,7433,op,-0.12633333333333344,119,True,False,False,True,876.0,119,0.3199566119774545,0.004978908691555262,100000
1139,0,14,7433,op,0.6368750510215758,120,True,True,False,False,883.0,120,0.31963665536547703,0.0037692205514758825,100000
1140,0,14,7433,op,-0.12633333333333344,119,True,False,False,True,867.0,119,0.31931701871011153,0.0042285132221877575,100000
1141,0,14,7433,op,-0.14833333333333343,116,True,False,False,True,886.0,116,0.3189977016914014,0.004534414038062096,100000
1142,0,14,7433,op,-0.17766666666666675,112,True,False,False,True,897.0,112,0.31867870398971,0.0037634819746017456,100000
1143,0,14,7433,op,0.6659045991897582,120,True,True,False,False,778.0,120,0.31836002528572027,0.004981301724910736,100000
1144,0,14,7433,op,-0.1630000000000001,114,True,False,False,True,896.0,114,0.31804166526043454,0.004058243706822395,100000
1145,0,14,7433,op,0.6382574019432067,120,True,True,False,False,878.0,120,0.3177236235951741,0.004277059342712164,100000
1146,0,14,7433,op,-0.22166666666666673,106,True,False,False,True,900.0,106,0.3174058999715789,0.0042446935549378395,100000
1147,0,14,7433,op,-0.22166666666666673,106,True,False,False,True,895.0,106,0.31708849407160733,0.004744759760797024,100000
1148,0,14,7433,op,-0.17033333333333342,113,True,False,False,True,900.0,113,0.31677140557753575,0.003524618921801448,100000
1149,0,14,7433,op,0.6410221037864684,120,True,True,False,False,868.0,120,0.31645463417195824,0.0043634376488626,100000
1150,0,14,7433,op,0.6620339927673339,120,True,True,False,False,792.0,120,0.3161381795377863,0.0032989096362143755,100000
1151,0,14,7433,op,-0.14833333333333343,116,True,False,False,True,890.0,116,0.3158220413582485,0.004094701260328293,100000
1152,0,14,7433,op,-0.12633333333333344,119,True,False,False,True,893.0,119,0.3155062193168902,0.003523312509059906,100000
1153,0,14,7433,op,0.6827694354057311,120,True,True,False,False,717.0,120,0.31519071309757335,0.002962986472994089,100000
1154,0,14,7433,op,0.6531868753433226,120,True,True,False,False,824.0,120,0.3148755223844758,0.004630952142179012,100000
1155,0,14,7433,op,0.6650752005577086,120,True,True,False,False,781.0,120,0.31456064686209134,0.0033272160217165947,100000
1156,0,14,7433,op,-0.31700000000000006,93,True,False,False,True,889.0,93,0.31424608621522926,0.0035721873864531517,100000
1157,0,14,7433,op,-0.2656666666666667,100,True,False,False,True,899.0,100,0.31393184012901404,0.003506470937281847,100000
1158,0,14,7433,op,-0.2363333333333334,104,True,False,False,True,898.0,104,0.31361790828888503,0.00407159049063921,100000
1159,0,14,7433,op,-0.13366666666666677,118,True,False,False,True,891.0,118,0.31330429038059615,0.004128698259592056,100000
1160,0,14,7433,op,-0.1410000000000001,117,True,False,False,True,899.0,117,0.31299098609021553,0.0024733711034059525,100000
1161,0,14,7433,op,-0.13366666666666677,118,True,False,False,True,899.0,118,0.3126779951041253,0.003675054293125868,100000
1162,0,14,7433,op,0.6509751257896422,120,True,True,False,False,832.0,120,0.31236531710902116,0.0040857503190636635,100000
1163,0,14,7433,op,0.6700517115592955,120,True,True,False,False,763.0,120,0.3120529517919121,0.005191216245293617,100000
1164,0,14,7433,op,-0.18500000000000008,111,True,False,False,True,894.0,111,0.3117408988401202,0.003177166683599353,100000
1165,0,14,7433,op,-0.1630000000000001,114,True,False,False,True,895.0,114,0.31142915794128007,0.0028162735980004072,100000
1166,0,14,7433,op,-0.14833333333333343,116,True,False,False,True,876.0,116,0.31111772878333877,0.003366244025528431,100000
1167,0,14,7433,op,-0.14833333333333343,116,True,False,False,True,896.0,116,0.3108066110545554,0.005515073426067829,100000
1168,0,14,7433,op,-0.19966666666666674,109,True,False,False,True,899.0,109,0.3104958044435009,0.005070327781140804,100000
1169,0,14,7433,op,-0.12633333333333344,119,True,False,False,True,896.0,119,0.3101853086390574,0.004248665180057287,100000
1170,0,14,7433,op,-0.14833333333333343,116,True,False,False,True,893.0,116,0.30987512333041833,0.0037470057141035795,100000
1171,0,14,7433,op,-0.15566666666666676,115,True,False,False,True,899.0,115,0.3095652482070879,0.00363157712854445,100000
1172,0,14,7433,op,-0.13366666666666677,118,True,False,False,True,882.0,118,0.30925568295888084,0.005003317259252071,100000
1173,0,14,7433,op,-0.1630000000000001,114,True,False,False,True,896.0,114,0.308946427275922,0.003711878787726164,100000
1174,0,14,7433,op,-0.17766666666666675,112,True,False,False,True,895.0,112,0.30863748084864606,0.004530088976025581,100000
1175,0,14,7433,op,-0.13366666666666677,118,True,False,False,True,877.0,118,0.3083288433677974,0.004165812395513058,100000
1176,0,14,7433,op,-0.14833333333333343,116,True,False,False,True,898.0,116,0.30802051452442963,0.005657244473695755,100000
1177,0,14,7433,op,-0.17766666666666675,112,True,False,False,True,895.0,112,0.3077124940099052,0.004556043539196253,100000
1178,0,14,7433,op,0.6432339129447936,120,True,True,False,False,860.0,120,0.3074047815158953,0.0035002250224351883,100000
1179,0,14,7433,op,-0.14833333333333343,116,True,False,False,True,900.0,116,0.30709737673437937,0.0045505305752158165,100000
1180,0,14,7433,op,-0.13366666666666677,118,True,False,False,True,872.0,118,0.30679027935764497,0.004426260013133287,100000
1181,0,14,7433,op,-0.22166666666666673,106,True,False,False,True,879.0,106,0.3064834890782873,0.0053611984476447105,100000
1182,0,14,7433,op,-0.12633333333333344,119,True,False,False,True,897.0,119,0.306177005589209,0.0035265511833131313,100000
1183,0,14,7433,op,-0.1630000000000001,114,True,False,False,True,890.0,114,0.3058708285836198,0.0032031387090682983,100000
1184,0,14,7433,op,-0.17766666666666675,112,True,False,False,True,898.0,112,0.30556495775503617,0.003437743056565523,100000
1185,0,14,7433,op,-0.1923333333333334,110,True,False,False,True,896.0,110,0.30525939279728115,0.004625323228538036,100000
1186,0,14,7433,op,-0.2583333333333334,101,True,False,False,True,897.0,101,0.30495413340448385,0.0037587489932775497,100000
1187,0,14,7433,op,-0.1410000000000001,117,True,False,False,True,895.0,117,0.3046491792710794,0.0051552122458815575,100000
1188,0,14,7433,op,-0.3023333333333334,95,True,False,False,True,892.0,95,0.3043445300918083,0.0048198578879237175,100000
1189,0,14,7433,op,-0.12633333333333344,119,True,False,False,True,891.0,119,0.30404018556171647,0.003500699531286955,100000
1190,0,14,7433,op,0.6592692909240722,120,True,True,False,False,802.0,120,0.30373614537615473,0.0038490002043545246,100000
1191,0,14,7433,op,-0.1410000000000001,117,True,False,False,True,892.0,117,0.3034324092307786,0.004448348190635443,100000
1192,0,14,7433,op,-0.13366666666666677,118,True,False,False,True,897.0,118,0.3031289768215478,0.004988390952348709,100000
1193,0,14,7433,op,-0.1630000000000001,114,True,False,False,True,900.0,114,0.30282584784472627,0.004462203476577997,100000
1194,0,14,7433,op,-0.1923333333333334,110,True,False,False,True,896.0,110,0.3025230219968815,0.004513848107308149,100000
1195,0,14,7433,op,-0.1923333333333334,110,True,False,False,True,899.0,110,0.3022204989748846,0.004721881356090307,100000
1196,0,14,7433,op,-0.12633333333333344,119,True,False,False,True,875.0,119,0.30191827847590974,0.004617740400135517,100000
1197,0,14,7433,op,-0.12633333333333344,119,True,False,False,True,897.0,119,0.3016163601974338,0.004860416054725647,100000
1198,0,14,7433,op,-0.12633333333333344,119,True,False,False,True,879.0,119,0.3013147438372364,0.005376359447836876,100000
1199,0,14,7433,op,-0.14833333333333343,116,True,False,False,True,886.0,116,0.3010134290933992,0.0032144314609467983,100000
1200,0,14,7433,op,-0.2363333333333334,104,True,False,False,True,888.0,104,0.3007124156643058,0.004317308310419321,100000
1201,0,14,7433,op,0.660651641845703,120,True,True,False,False,797.0,120,0.30041170324864147,0.003906817641109228,100000
1202,0,14,7433,op,-0.14833333333333343,116,True,False,False,True,893.0,116,0.30011129154539284,0.0029179463163018227,100000
1203,0,14,7433,op,-0.21433333333333343,107,True,False,False,True,889.0,107,0.29981118025384745,0.004978748969733715,100000
1204,0,14,7433,op,-0.1410000000000001,117,True,False,False,True,872.0,117,0.2995113690735936,0.0040191481821238995,100000
1205,0,14,7433,op,-0.24366666666666675,103,True,False,False,True,898.0,103,0.29921185770452,0.004089824855327606,100000
1206,0,14,7433,op,-0.14833333333333343,116,True,False,False,True,897.0,116,0.2989126458468155,0.004870463628321886,100000
1207,0,14,7433,op,-0.1630000000000001,114,True,False,False,True,890.0,114,0.2986137332009687,0.0036407089792191982,100000
1208,0,14,7433,op,-0.15566666666666676,115,True,False,False,True,898.0,115,0.29831511946776773,0.0030194921419024467,100000
1209,0,14,7433,op,-0.20700000000000007,108,True,False,False,True,900.0,108,0.29801680434829997,0.004554079845547676,100000
1210,0,14,7433,op,-0.18500000000000008,111,True,False,False,True,898.0,111,0.29771878754395165,0.003906228579580784,100000
1211,0,14,7433,op,0.6338338432312011,120,True,True,False,False,894.0,120,0.29742106875640767,0.0035450670402497053,100000
1212,0,14,7433,op,-0.25100000000000006,102,True,False,False,True,892.0,102,0.29712364768765126,0.0044723134487867355,100000
1213,0,14,7433,op,0.6487633762359618,120,True,True,False,False,840.0,120,0.2968265240399636,0.005237998440861702,100000
1214,0,14,7433,op,-0.12633333333333344,119,True,False,False,True,892.0,119,0.2965296975159237,0.0025418270379304886,100000
1215,0,14,7433,op,-0.13366666666666677,118,True,False,False,True,883.0,118,0.29623316781840775,0.00426178053021431,100000
1216,0,14,7433,op,0.6321749863624572,120,True,True,False,False,900.0,120,0.29593693465058934,0.005113962572067976,100000
1217,0,14,7433,op,-0.13366666666666677,118,True,False,False,True,898.0,118,0.29564099771593877,0.00319808186031878,100000
1218,0,14,7433,op,0.6371514973640441,120,True,True,False,False,882.0,120,0.2953453567182228,0.0024838410317897797,100000
1219,0,14,7433,op,-0.17033333333333342,113,True,False,False,True,893.0,113,0.2950500113615046,0.0029958179220557213,100000
1220,0,14,7433,op,-0.3023333333333334,95,True,False,False,True,892.0,95,0.2947549613501431,0.00348091684281826,100000
1221,0,14,7433,op,0.6324514923095702,120,True,True,False,False,899.0,120,0.294460206388793,0.0033666526433080435,100000
1222,0,14,7433,op,-0.18500000000000008,111,True,False,False,True,898.0,111,0.2941657461824042,0.004773563239723444,100000
1223,0,14,7433,op,-0.14833333333333343,116,True,False,False,True,886.0,116,0.2938715804362218,0.0030676666647195816,100000
1224,0,14,7433,op,-0.13366666666666677,118,True,False,False,True,892.0,118,0.2935777088557856,0.004209351725876331,100000
1225,0,14,7433,op,0.6609280881881713,120,True,True,False,False,796.0,120,0.2932841311469298,0.0031272550113499165,100000
1226,0,14,7433,op,-0.12633333333333344,119,True,False,False,True,897.0,119,0.2929908470157829,0.004187648184597492,100000
1227,0,14,7433,op,-0.12633333333333344,119,True,False,False,True,900.0,119,0.2926978561687671,0.004406893625855446,100000
1228,0,14,7433,op,-0.24366666666666675,103,True,False,False,True,887.0,103,0.29240515831259833,0.003934483043849468,100000
1229,0,14,7433,op,-0.20700000000000007,108,True,False,False,True,884.0,108,0.29211275315428575,0.00446951761841774,100000
1230,0,14,7433,op,-0.17766666666666675,112,True,False,False,True,891.0,112,0.2918206404011315,0.0037707514129579067,100000
1231,0,14,7433,op,-0.19966666666666674,109,True,False,False,True,900.0,109,0.29152881976073036,0.0040972596034407616,100000
1232,0,14,7433,op,-0.25100000000000006,102,True,False,False,True,892.0,102,0.2912372909409696,0.003718217834830284,100000
1233,0,14,7433,op,-0.1630000000000001,114,True,False,False,True,892.0,114,0.2909460536500286,0.005511175841093063,100000
1234,0,14,7433,op,-0.17033333333333342,113,True,False,False,True,894.0,113,0.2906551075963786,0.004297606181353331,100000
1235,0,14,7433,op,-0.2290000000000001,105,True,False,False,True,900.0,105,0.2903644524887822,0.004069618880748749,100000
1236,0,14,7433,op,-0.19966666666666674,109,True,False,False,True,896.0,109,0.2900740880362934,0.0044408077374100685,100000
1237,0,14,7433,op,-0.2950000000000001,96,True,False,False,True,900.0,96,0.28978401394825715,0.004051056690514088,100000
1238,0,14,7433,op,-0.1630000000000001,114,True,False,False,True,898.0,114,0.2894942299343089,0.006335124373435974,100000
1239,0,14,7433,op,-0.24366666666666675,103,True,False,False,True,897.0,103,0.2892047357043746,0.00476788729429245,100000
1240,0,14,7433,op,-0.1410000000000001,117,True,False,False,True,892.0,117,0.28891553096867023,0.0037212702445685863,100000
1241,0,14,7433,op,-0.22166666666666673,106,True,False,False,True,887.0,106,0.2886266154377016,0.006164217833429575,100000
1242,0,14,7433,op,-0.1630000000000001,114,True,False,False,True,897.0,114,0.28833798882226386,0.0036359266377985477,100000
1243,0,14,7433,op,-0.1923333333333334,110,True,False,False,True,897.0,110,0.2880496508334416,0.004686867818236351,100000
1244,0,14,7433,op,-0.1410000000000001,117,True,False,False,True,886.0,117,0.28776160118260813,0.0045423065312206745,100000
1245,0,14,7433,op,0.6363220987319945,120,True,True,False,False,885.0,120,0.2874738395814255,0.004856687039136887,100000
1246,0,14,7433,op,-0.1410000000000001,117,True,False,False,True,894.0,117,0.2871863657418441,0.004823089577257633,100000
1247,0,14,7433,op,0.6385338482856749,120,True,True,False,False,877.0,120,0.28689917937610226,0.00438003009185195,100000
1248,0,14,7433,op,-0.22166666666666673,106,True,False,False,True,883.0,106,0.2866122801967262,0.005796482786536217,100000
1249,0,14,7433,op,-0.12633333333333344,119,True,False,False,True,885.0,119,0.28632566791652947,0.0060365102253854275,100000
1250,0,14,7433,op,0.641851502418518,120,True,True,False,False,865.0,120,0.28603934224861294,0.0038645248860120773,100000
1251,0,14,7433,op,0.6374280033111571,120,True,True,False,False,881.0,120,0.2857533029063643,0.006940213032066822,100000
1252,0,14,7433,op,-0.2656666666666667,100,True,False,False,True,899.0,100,0.28546754960345794,0.004565403331071138,100000
1253,0,14,7433,op,0.6545692262649535,120,True,True,False,False,819.0,120,0.2851820820538545,0.004879774991422892,100000
1254,0,14,7433,op,-0.17766666666666675,112,True,False,False,True,877.0,112,0.2848968999718006,0.004552471451461315,100000
1255,0,14,7433,op,-0.17033333333333342,113,True,False,False,True,893.0,113,0.2846120030718288,0.004083157517015934,100000
1256,0,14,7433,op,-0.14833333333333343,116,True,False,False,True,896.0,116,0.284327391068757,0.005532943177968264,100000
1257,0,14,7433,op,0.6407456574440001,120,True,True,False,False,869.0,120,0.2840430636776882,0.004239332862198353,100000
1258,0,14,7433,op,-0.13366666666666677,118,True,False,False,True,898.0,118,0.28375902061401054,0.006001168861985207,100000
1259,0,14,7433,op,0.6545692262649535,120,True,True,False,False,819.0,120,0.28347526159339653,0.0063885897397994995,100000
1260,0,14,7433,op,-0.18500000000000008,111,True,False,False,True,882.0,111,0.28319178633180314,0.005108753684908152,100000
1261,0,14,7433,op,-0.13366666666666677,118,True,False,False,True,898.0,118,0.28290859454547135,0.00428096204996109,100000
1262,0,14,7433,op,0.6341102895736693,120,True,True,False,False,893.0,120,0.28262568595092585,0.004853071644902229,100000
1263,0,14,7433,op,0.6482103643417357,120,True,True,False,False,842.0,120,0.2823430602649749,0.0036622737534344196,100000
1264,0,14,7433,op,-0.25100000000000006,102,True,False,False,True,899.0,102,0.28206071720470993,0.0053243450820446014,100000
1265,0,14,7433,op,-0.1923333333333334,110,True,False,False,True,893.0,110,0.2817786564875052,0.0050622220151126385,100000
1266,0,14,7433,op,-0.13366666666666677,118,True,False,False,True,900.0,118,0.28149687783101773,0.00752951018512249,100000
1267,0,14,7433,op,-0.1923333333333334,110,True,False,False,True,895.0,110,0.2812153809531867,0.005067717749625444,100000
1268,0,14,7433,op,-0.18500000000000008,111,True,False,False,True,884.0,111,0.28093416557223355,0.004832924343645573,100000
1269,0,14,7433,op,0.6484868702888488,120,True,True,False,False,841.0,120,0.2806532314066613,0.00298019009642303,100000
1270,0,14,7433,op,-0.14833333333333343,116,True,False,False,True,892.0,116,0.2803725781752547,0.005673796869814396,100000
1271,0,14,7433,op,0.6614810404777526,120,True,True,False,False,794.0,120,0.2800922055970794,0.003407583571970463,100000
1272,0,14,7433,op,-0.17033333333333342,113,True,False,False,True,890.0,113,0.2798121133914823,0.006215173285454512,100000
1273,0,14,7433,op,-0.18500000000000008,111,True,False,False,True,887.0,111,0.2795323012780908,0.0031917484011501074,100000
1274,0,14,7433,op,-0.19966666666666674,109,True,False,False,True,895.0,109,0.2792527689768127,0.00354648195207119,100000
1275,0,14,7433,op,-0.12633333333333344,119,True,False,False,True,883.0,119,0.2789735162078359,0.0036221835762262344,100000
1276,0,14,7433,op,-0.17033333333333342,113,True,False,False,True,893.0,113,0.2786945426916281,0.0037828106433153152,100000
1277,0,14,7433,op,-0.12633333333333344,119,True,False,False,True,892.0,119,0.27841584814893644,0.003685873234644532,100000
1278,0,14,7433,op,-0.22166666666666673,106,True,False,False,True,889.0,106,0.2781374323007875,0.002489339094609022,100000
1279,0,14,7433,op,-0.1630000000000001,114,True,False,False,True,896.0,114,0.27785929486848676,0.0041317506693303585,100000
1280,0,14,7433,op,-0.15566666666666676,115,True,False,False,True,899.0,115,0.27758143557361825,0.0037034887354820967,100000
1281,0,14,7433,op,-0.28766666666666674,97,True,False,False,True,886.0,97,0.27730385413804465,0.0058597419410943985,100000
1282,0,14,7433,op,-0.17033333333333342,113,True,False,False,True,900.0,113,0.2770265502839066,0.003712581004947424,100000
1283,0,14,7433,op,-0.17033333333333342,113,True,False,False,True,889.0,113,0.2767495237336227,0.003391662612557411,100000
1284,0,14,7433,op,-0.2656666666666667,100,True,False,False,True,898.0,100,0.2764727742098891,0.0034598244819790125,100000
1285,0,14,7433,op,-0.21433333333333343,107,True,False,False,True,899.0,107,0.2761963014356792,0.005502243526279926,100000
1286,0,14,7433,op,-0.13366666666666677,118,True,False,False,True,889.0,118,0.27592010513424353,0.003932333551347256,100000
1287,0,14,7433,op,-0.12633333333333344,119,True,False,False,True,895.0,119,0.2756441850291093,0.0029739723540842533,100000
1288,0,14,7433,op,-0.13366666666666677,118,True,False,False,True,893.0,118,0.2753685408440802,0.003361138515174389,100000
1289,0,14,7433,op,0.6385338482856749,120,True,True,False,False,877.0,120,0.2750931723032361,0.0042013442143797874,100000
1290,0,14,7433,op,-0.2363333333333334,104,True,False,False,True,893.0,104,0.27481807913093287,0.0039014844223856926,100000
1291,0,14,7433,op,-0.17766666666666675,112,True,False,False,True,894.0,112,0.27454326105180193,0.0037390864454209805,100000
1292,0,14,7433,op,-0.15566666666666676,115,True,False,False,True,895.0,115,0.2742687177907501,0.0028697403613477945,100000
1293,0,14,7433,op,-0.14833333333333343,116,True,False,False,True,892.0,116,0.2739944490729594,0.005142394453287125,100000
1294,0,14,7433,op,-0.2950000000000001,96,True,False,False,True,900.0,96,0.27372045462388644,0.0033797267824411392,100000
1295,0,14,7433,op,-0.25100000000000006,102,True,False,False,True,886.0,102,0.2734467341692626,0.004367026500403881,100000
1296,0,14,7433,op,-0.2950000000000001,96,True,False,False,True,898.0,96,0.27317328743509334,0.004311729222536087,100000
1297,0,14,7433,op,0.6664575514793395,120,True,True,False,False,776.0,120,0.27290011414765825,0.003326423466205597,100000
1298,0,14,7433,op,-0.1410000000000001,117,True,False,False,True,890.0,117,0.2726272140335106,0.0040484084747731686,100000
1299,0,14,7433,op,0.6714340624809264,120,True,True,False,False,758.0,120,0.27235458681947705,0.003947005607187748,100000
1300,0,14,7433,op,-0.1630000000000001,114,True,False,False,True,898.0,114,0.2720822322326576,0.0038027912378311157,100000
1301,0,14,7433,op,-0.21433333333333343,107,True,False,False,True,897.0,107,0.2718101500004249,0.0038333076518028975,100000
1302,0,14,7433,op,-0.20700000000000007,108,True,False,False,True,896.0,108,0.27153833985042447,0.004183197859674692,100000
1303,0,14,7433,op,-0.18500000000000008,111,True,False,False,True,898.0,111,0.27126680151057403,0.004414294380694628,100000
1304,0,14,7433,op,-0.17766666666666675,112,True,False,False,True,898.0,112,0.27099553470906346,0.003770624753087759,100000
1305,0,14,7433,op,-0.1630000000000001,114,True,False,False,True,897.0,114,0.2707245391743544,0.004945045802742243,100000
1306,0,14,7433,op,-0.1410000000000001,117,True,False,False,True,897.0,117,0.27045381463518003,0.0034328692127019167,100000
1307,0,14,7433,op,-0.12633333333333344,119,True,False,False,True,898.0,119,0.27018336082054484,0.004465417005121708,100000
1308,0,14,7433,op,-0.14833333333333343,116,True,False,False,True,896.0,116,0.2699131774597243,0.005876803770661354,100000
1309,0,14,7433,op,-0.1923333333333334,110,True,False,False,True,898.0,110,0.2696432642822646,0.003960027359426022,100000
1310,0,14,7433,op,-0.1630000000000001,114,True,False,False,True,892.0,114,0.26937362101798235,0.004398480523377657,100000
1311,0,14,7433,op,-0.1410000000000001,117,True,False,False,True,898.0,117,0.26910424739696437,0.004049111623317003,100000
1312,0,14,7433,op,-0.31700000000000006,93,True,False,False,True,885.0,93,0.2688351431495674,0.004383402410894632,100000
1313,0,14,7433,op,-0.12633333333333344,119,True,False,False,True,895.0,119,0.26856630800641784,0.0049327053129673,100000
1314,0,14,7433,op,-0.12633333333333344,119,True,False,False,True,895.0,119,0.2682977416984114,0.004785522818565369,100000
1315,0,14,7433,op,-0.20700000000000007,108,True,False,False,True,882.0,108,0.268029443956713,0.005145251750946045,100000
1316,0,14,7433,op,0.6471045193672179,120,True,True,False,False,846.0,120,0.2677614145127563,0.005362643860280514,100000
1317,0,14,7433,op,0.657057481765747,120,True,True,False,False,810.0,120,0.2674936530982436,0.004422435071319342,100000
1318,0,14,7433,op,0.6415750560760497,120,True,True,False,False,866.0,120,0.26722615944514533,0.006153322756290436,100000
1319,0,14,7433,op,-0.1410000000000001,117,True,False,False,True,882.0,117,0.2669589332857002,0.0053809634409844875,100000
1320,0,14,7433,op,-0.1410000000000001,117,True,False,False,True,883.0,117,0.2666919743524145,0.005981185007840395,100000
1321,0,14,7433,op,-0.1630000000000001,114,True,False,False,True,899.0,114,0.26642528237806207,0.00513039855286479,100000
1322,0,14,7433,op,-0.1923333333333334,110,True,False,False,True,895.0,110,0.266158857095684,0.004498682916164398,100000
1323,0,14,7433,op,-0.2583333333333334,101,True,False,False,True,897.0,101,0.2658926982385883,0.004958791192620993,100000
1324,0,14,7433,op,-0.14833333333333343,116,True,False,False,True,900.0,116,0.26562680554034973,0.005003101192414761,100000
1325,0,14,7433,op,-0.12633333333333344,119,True,False,False,True,875.0,119,0.26536117873480936,0.005140047986060381,100000
1326,0,14,7433,op,-0.1630000000000001,114,True,False,False,True,893.0,114,0.26509581755607453,0.004334771074354649,100000
1327,0,14,7433,op,-0.12633333333333344,119,True,False,False,True,891.0,119,0.26483072173851846,0.003796732984483242,100000
1328,0,14,7433,op,-0.1410000000000001,117,True,False,False,True,894.0,117,0.26456589101677996,0.004422590136528015,100000
1329,0,14,7433,op,-0.12633333333333344,119,True,False,False,True,874.0,119,0.2643013251257632,0.005056224763393402,100000
1330,0,14,7433,op,-0.17033333333333342,113,True,False,False,True,899.0,113,0.2640370238006374,0.004818083718419075,100000
1331,0,14,7433,op,-0.19966666666666674,109,True,False,False,True,896.0,109,0.2637729867768368,0.005141122732311487,100000
1332,0,14,7433,op,0.6473809657096862,120,True,True,False,False,845.0,120,0.26350921379006,0.004792288411408663,100000
1333,0,14,7433,op,-0.14833333333333343,116,True,False,False,True,899.0,116,0.26324570457626995,0.004012719728052616,100000
1334,0,14,7433,op,-0.15566666666666676,115,True,False,False,True,900.0,115,0.2629824588716937,0.004520761780440807,100000
1335,0,14,7433,op,-0.12633333333333344,119,True,False,False,True,899.0,119,0.262719476412822,0.0047666458413004875,100000
1336,0,14,7433,op,-0.1630000000000001,114,True,False,False,True,898.0,114,0.2624567569364092,0.004126755986362696,100000
1337,0,14,7433,op,0.6468280134201049,120,True,True,False,False,847.0,120,0.26219430017947276,0.0035814717411994934,100000
1338,0,14,7433,op,-0.1630000000000001,114,True,False,False,True,889.0,114,0.2619321058792933,0.004522023256868124,100000
1339,0,14,7433,op,-0.17033333333333342,113,True,False,False,True,893.0,113,0.261670173773414,0.005324145313352346,100000
1340,0,14,7433,op,0.6440633115768432,120,True,True,False,False,857.0,120,0.2614085035996406,0.004390738904476166,100000
1341,0,14,7433,op,-0.2656666666666667,100,True,False,False,True,883.0,100,0.26114709509604095,0.0031024175696074963,100000
1342,0,14,7433,op,-0.12633333333333344,119,True,False,False,True,892.0,119,0.2608859480009449,0.004523442592471838,100000
1343,0,14,7433,op,0.6523574767112731,120,True,True,False,False,827.0,120,0.26062506205294395,0.005001770332455635,100000
1344,0,14,7433,op,-0.13366666666666677,118,True,False,False,True,894.0,118,0.260364436990891,0.005003982223570347,100000
1345,0,14,7433,op,-0.15566666666666676,115,True,False,False,True,892.0,115,0.2601040725539001,0.0061693377792835236,100000
1346,0,14,7433,op,-0.17766666666666675,112,True,False,False,True,898.0,112,0.2598439684813462,0.003971288446336985,100000
1347,0,14,7433,op,-0.17766666666666675,112,True,False,False,True,896.0,112,0.2595841245128649,0.006108221132308245,100000
1348,0,14,7433,op,0.6343867955207824,120,True,True,False,False,892.0,120,0.259324540388352,0.005850016139447689,100000
1349,0,14,7433,op,-0.1410000000000001,117,True,False,False,True,898.0,117,0.25906521584796366,0.0040075508877635,100000
1350,0,14,7433,op,-0.19966666666666674,109,True,False,False,True,898.0,109,0.2588061506321157,0.0044270167127251625,100000
1351,0,14,7433,op,-0.3023333333333334,95,True,False,False,True,900.0,95,0.2585473444814836,0.003875880967825651,100000
1352,0,14,7433,op,-0.13366666666666677,118,True,False,False,True,893.0,118,0.2582887971370021,0.0036384342238307,100000
1353,0,14,7433,op,-0.21433333333333343,107,True,False,False,True,899.0,107,0.2580305083398651,0.0066853659227490425,100000
1354,0,14,7433,op,-0.13366666666666677,118,True,False,False,True,883.0,118,0.2577724778315252,0.003272118978202343,100000
1355,0,14,7433,op,0.6609280881881713,120,True,True,False,False,796.0,120,0.25751470535369364,0.0029833915177732706,100000
1356,0,14,7433,op,-0.12633333333333344,119,True,False,False,True,895.0,119,0.25725719064833996,0.004838479217141867,100000
1357,0,14,7433,op,0.65208097076416,120,True,True,False,False,828.0,120,0.2569999334576916,0.004062563180923462,100000
1358,0,14,7433,op,0.6332808909416198,120,True,True,False,False,896.0,120,0.25674293352423394,0.00337094534188509,100000
1359,0,14,7433,op,0.6448927102088927,120,True,True,False,False,854.0,120,0.2564861905907097,0.004340830259025097,100000
1360,0,14,7433,op,-0.12633333333333344,119,True,False,False,True,900.0,119,0.256229704400119,0.003910695668309927,100000
1361,0,14,7433,op,-0.14833333333333343,116,True,False,False,True,900.0,116,0.25597347469571885,0.0034126488026231527,100000
1362,0,14,7433,op,0.65733398771286,120,True,True,False,False,809.0,120,0.25571750122102316,0.0032939701341092587,100000
1363,0,14,7433,op,-0.1410000000000001,117,True,False,False,True,888.0,117,0.25546178371980216,0.003623594529926777,100000
1364,0,14,7433,op,-0.14833333333333343,116,True,False,False,True,899.0,116,0.25520632193608234,0.004050902556627989,100000
1365,0,14,7433,op,-0.14833333333333343,116,True,False,False,True,871.0,116,0.25495111561414624,0.003586856182664633,100000
1366,0,14,7433,op,-0.15566666666666676,115,True,False,False,True,883.0,115,0.2546961644985321,0.0055419085547327995,100000
1367,0,14,7433,op,-0.14833333333333343,116,True,False,False,True,882.0,116,0.2544414683340336,0.003682724665850401,100000
1368,0,14,7433,op,-0.1410000000000001,117,True,False,False,True,895.0,117,0.25418702686569955,0.004796329885721207,100000
1369,0,14,7433,op,0.6440633115768432,120,True,True,False,False,857.0,120,0.25393283983883386,0.0040755001828074455,100000
1370,0,14,7433,op,-0.18500000000000008,111,True,False,False,True,885.0,111,0.25367890699899504,0.0031274924986064434,100000
1371,0,14,7433,op,0.6495927748680114,120,True,True,False,False,837.0,120,0.253425228091996,0.004710559733211994,100000
1372,0,14,7433,op,-0.20700000000000007,108,True,False,False,True,899.0,108,0.253171802863904,0.004169894382357597,100000
1373,0,14,7433,op,-0.30966666666666676,94,True,False,False,True,900.0,94,0.2529186310610401,0.004390922840684652,100000
1374,0,14,7433,op,-0.2363333333333334,104,True,False,False,True,898.0,104,0.2526657124299791,0.0038092704489827156,100000
1375,0,14,7433,op,-0.28766666666666674,97,True,False,False,True,900.0,97,0.2524130467175491,0.004170894622802734,100000
1376,0,14,7433,op,0.6330044445991515,120,True,True,False,False,897.0,120,0.2521606336708316,0.0030739076901227236,100000
1377,0,14,7433,op,-0.2730000000000001,99,True,False,False,True,891.0,99,0.25190847303716074,0.0038018107879906893,100000
1378,0,14,7433,op,0.6338338432312011,120,True,True,False,False,894.0,120,0.25165656456412355,0.004299298860132694,100000
1379,0,14,7433,op,-0.1630000000000001,114,True,False,False,True,880.0,114,0.25140490799955945,0.003936690278351307,100000
1380,0,14,7433,op,-0.14833333333333343,116,True,False,False,True,873.0,116,0.25115350309155987,0.004940452985465527,100000
1381,0,14,7433,op,0.6457221088409423,120,True,True,False,False,851.0,120,0.2509023495884683,0.0053079016506671906,100000
1382,0,14,7433,op,0.6578869400024413,120,True,True,False,False,807.0,120,0.25065144723887983,0.004663524217903614,100000
1383,0,14,7433,op,-0.13366666666666677,118,True,False,False,True,885.0,118,0.25040079579164093,0.0038037856575101614,100000
1384,0,14,7433,op,-0.2730000000000001,99,True,False,False,True,887.0,99,0.2501503949958493,0.0037032170221209526,100000
1385,0,14,7433,op,-0.2950000000000001,96,True,False,False,True,898.0,96,0.24990024460085344,0.004833897575736046,100000
1386,0,14,7433,op,-0.2950000000000001,96,True,False,False,True,898.0,96,0.24965034435625258,0.003202731953933835,100000
1387,0,14,7433,op,-0.14833333333333343,116,True,False,False,True,893.0,116,0.24940069401189632,0.003999726381152868,100000
1388,0,14,7433,op,-0.2583333333333334,101,True,False,False,True,900.0,101,0.24915129331788444,0.005820783320814371,100000
1389,0,14,7433,op,-0.25100000000000006,102,True,False,False,True,898.0,102,0.24890214202456656,0.003936173859983683,100000
1390,0,14,7433,op,-0.15566666666666676,115,True,False,False,True,884.0,115,0.248653239882542,0.005063997115939856,100000
1391,0,14,7433,op,-0.1630000000000001,114,True,False,False,True,897.0,114,0.24840458664265946,0.004043188411742449,100000
1392,0,14,7433,op,0.6462751207351684,120,True,True,False,False,849.0,120,0.2481561820560168,0.0034004105255007744,100000
1393,0,14,7433,op,-0.13366666666666677,118,True,False,False,True,889.0,118,0.2479080258739608,0.004135158844292164,100000
1394,0,14,7433,op,0.6426809606552123,120,True,True,False,False,862.0,120,0.24766011784808684,0.005302555859088898,100000
1395,0,14,7433,op,-0.24366666666666675,103,True,False,False,True,893.0,103,0.24741245773023876,0.0037343029398471117,100000
1396,0,14,7433,op,-0.13366666666666677,118,True,False,False,True,895.0,118,0.24716504527250852,0.006686528213322163,100000
1397,0,14,7433,op,0.6332808909416198,120,True,True,False,False,896.0,120,0.24691788022723601,0.005397289525717497,100000
1398,0,14,7433,op,0.6365985450744628,120,True,True,False,False,884.0,120,0.24667096234700878,0.0038723479956388474,100000
1399,0,14,7433,op,0.6769635257720946,120,True,True,False,False,738.0,120,0.24642429138466176,0.00439178803935647,100000
1400,0,14,7433,op,0.6446162638664245,120,True,True,False,False,855.0,120,0.2461778670932771,0.0038933141622692347,100000
1401,0,14,7433,op,-0.2656666666666667,100,True,False,False,True,897.0,100,0.24593168922618383,0.004172953777015209,100000
1402,0,14,7433,op,-0.22166666666666673,106,True,False,False,True,899.0,106,0.24568575753695765,0.004190952517092228,100000
1403,0,14,7433,op,-0.13366666666666677,118,True,False,False,True,893.0,118,0.2454400717794207,0.004191635176539421,100000
1404,0,14,7433,op,-0.13366666666666677,118,True,False,False,True,887.0,118,0.24519463170764128,0.004083584062755108,100000
1405,0,14,7433,op,-0.17766666666666675,112,True,False,False,True,894.0,112,0.24494943707593364,0.004149853717535734,100000
1406,0,14,7433,op,-0.15566666666666676,115,True,False,False,True,879.0,115,0.24470448763885772,0.004591502249240875,100000
1407,0,14,7433,op,-0.25100000000000006,102,True,False,False,True,897.0,102,0.24445978315121886,0.003426640760153532,100000
1408,0,14,7433,op,0.6603751955032348,120,True,True,False,False,798.0,120,0.24421532336806764,0.00446496345102787,100000
1409,0,14,7433,op,-0.2363333333333334,104,True,False,False,True,896.0,104,0.24397110804469957,0.00452621653676033,100000
1410,0,14,7433,op,-0.2290000000000001,105,True,False,False,True,900.0,105,0.24372713693665488,0.0040257652290165424,100000
1411,0,14,7433,op,0.6410221037864684,120,True,True,False,False,868.0,120,0.24348340979971822,0.0025306986644864082,100000
1412,0,14,7433,op,-0.17033333333333342,113,True,False,False,True,892.0,113,0.2432399263899185,0.005129488650709391,100000
1413,0,14,7433,op,-0.28766666666666674,97,True,False,False,True,899.0,97,0.2429966864635286,0.0049775224179029465,100000
1414,0,14,7433,op,-0.12633333333333344,119,True,False,False,True,874.0,119,0.24275368977706507,0.0034584631212055683,100000
1415,0,14,7433,op,0.6338338432312011,120,True,True,False,False,894.0,120,0.24251093608728802,0.006226053461432457,100000
1416,0,14,7433,op,-0.13366666666666677,118,True,False,False,True,878.0,118,0.24226842515120073,0.0033300539944320917,100000
1417,0,14,7433,op,-0.12633333333333344,119,True,False,False,True,896.0,119,0.24202615672604952,0.003975565079599619,100000
1418,0,14,7433,op,-0.1410000000000001,117,True,False,False,True,900.0,117,0.24178413056932346,0.003469699528068304,100000
1419,0,14,7433,op,0.6360456523895263,120,True,True,False,False,886.0,120,0.24154234643875414,0.004725547973066568,100000
1420,0,14,7433,op,-0.1410000000000001,117,True,False,False,True,865.0,117,0.24130080409231539,0.0039499239064753056,100000
1421,0,14,7433,op,-0.13366666666666677,118,True,False,False,True,890.0,118,0.24105950328822306,0.005060016177594662,100000
1422,0,14,7433,op,0.6860870895385741,120,True,True,False,False,705.0,120,0.24081844378493483,0.004255287814885378,100000
1423,0,14,7433,op,0.6565045890808104,120,True,True,False,False,812.0,120,0.2405776253411499,0.0031139920465648174,100000
1424,0,14,7433,op,-0.17033333333333342,113,True,False,False,True,880.0,113,0.24033704771580874,0.0037990473210811615,100000
1425,0,14,7433,op,-0.15566666666666676,115,True,False,False,True,899.0,115,0.24009671066809293,0.0037410524673759937,100000
1426,0,14,7433,op,-0.15566666666666676,115,True,False,False,True,899.0,115,0.23985661395742483,0.002895384095609188,100000
1427,0,14,7433,op,-0.1410000000000001,117,True,False,False,True,896.0,117,0.2396167573434674,0.003593697678297758,100000
1428,0,14,7433,op,-0.15566666666666676,115,True,False,False,True,900.0,115,0.23937714058612394,0.0037485130596905947,100000
1429,0,14,7433,op,-0.13366666666666677,118,True,False,False,True,888.0,118,0.23913776344553783,0.003662481438368559,100000
1430,0,14,7433,op,-0.12633333333333344,119,True,False,False,True,880.0,119,0.2388986256820923,0.004785802215337753,100000
1431,0,14,7433,op,-0.17766666666666675,112,True,False,False,True,886.0,112,0.2386597270564102,0.00407470902428031,100000
1432,0,14,7433,op,-0.1410000000000001,117,True,False,False,True,886.0,117,0.23842106732935378,0.004008769057691097,100000
1433,0,14,7433,op,0.6487633762359618,120,True,True,False,False,840.0,120,0.23818264626202443,0.006019341293722391,100000
1434,0,14,7433,op,-0.1410000000000001,117,True,False,False,True,898.0,117,0.2379444636157624,0.0029977571684867144,100000
1435,0,14,7433,op,-0.17766666666666675,112,True,False,False,True,885.0,112,0.23770651915214663,0.006294253282248974,100000
1436,0,14,7433,op,-0.18500000000000008,111,True,False,False,True,896.0,111,0.2374688126329945,0.003888480132445693,100000
1437,0,14,7433,op,-0.14833333333333343,116,True,False,False,True,898.0,116,0.23723134382036148,0.004076425917446613,100000
1438,0,14,7433,op,-0.1410000000000001,117,True,False,False,True,895.0,117,0.23699411247654112,0.004777212627232075,100000
1439,0,14,7433,op,-0.1410000000000001,117,True,False,False,True,868.0,117,0.23675711836406457,0.004278994631022215,100000
1440,0,14,7433,op,0.638810354232788,120,True,True,False,False,876.0,120,0.2365203612457005,0.006242488976567984,100000
1441,0,14,7433,op,-0.22166666666666673,106,True,False,False,True,891.0,106,0.2362838408844548,0.004230338614434004,100000
1442,0,14,7433,op,-0.15566666666666676,115,True,False,False,True,893.0,115,0.23604755704357036,0.008041340857744217,100000
1443,0,14,7433,op,-0.1410000000000001,117,True,False,False,True,897.0,117,0.2358115094865268,0.004398607183247805,100000
1444,0,14,7433,op,-0.2730000000000001,99,True,False,False,True,900.0,99,0.23557569797704025,0.0047600241377949715,100000
1445,0,14,7433,op,0.6343867955207824,120,True,True,False,False,892.0,120,0.2353401222790632,0.004284123424440622,100000
1446,0,14,7433,op,0.6346632418632506,120,True,True,False,False,891.0,120,0.23510478215678413,0.005217088386416435,100000
1447,0,14,7433,op,-0.19966666666666674,109,True,False,False,True,890.0,109,0.23486967737462733,0.004929560702294111,100000
1448,0,14,7433,op,0.6515280780792235,120,True,True,False,False,830.0,120,0.2346348076972527,0.0034521990455687046,100000
1449,0,14,7433,op,-0.12633333333333344,119,True,False,False,True,887.0,119,0.23440017288955545,0.0072053163312375546,100000
1450,0,14,7433,op,-0.15566666666666676,115,True,False,False,True,884.0,115,0.2341657727166659,0.004094060510396957,100000
1451,0,14,7433,op,-0.20700000000000007,108,True,False,False,True,893.0,108,0.2339316069439492,0.0036130137741565704,100000
1452,0,14,7433,op,-0.14833333333333343,116,True,False,False,True,884.0,116,0.23369767533700525,0.005994542967528105,100000
1453,0,14,7433,op,0.6504221735000609,120,True,True,False,False,834.0,120,0.23346397766166824,0.005284341983497143,100000
1454,0,14,7433,op,-0.25100000000000006,102,True,False,False,True,893.0,102,0.23323051368400657,0.005924711003899574,100000
1455,0,14,7433,op,-0.22166666666666673,106,True,False,False,True,896.0,106,0.23299728317032256,0.005537857301533222,100000
1456,0,14,7433,op,-0.24366666666666675,103,True,False,False,True,895.0,103,0.23276428588715223,0.006182768382132053,100000
1457,0,14,7433,op,-0.18500000000000008,111,True,False,False,True,879.0,111,0.23253152160126508,0.006577359512448311,100000
1458,0,14,7433,op,0.6534633812904357,120,True,True,False,False,823.0,120,0.23229899007966381,0.004382065497338772,100000
1459,0,14,7433,op,-0.3683333333333334,86,True,False,False,True,899.0,86,0.23206669108958414,0.0052995639853179455,100000
1460,0,14,7433,op,0.6664575514793395,120,True,True,False,False,776.0,120,0.23183462439849456,0.004814239218831062,100000
1461,0,14,7433,op,-0.2730000000000001,99,True,False,False,True,899.0,99,0.23160278977409607,0.0046545411460101604,100000
1462,0,14,7433,op,0.6335573968887328,120,True,True,False,False,895.0,120,0.23137118698432196,0.004365610424429178,100000
1463,0,14,7433,op,-0.2656666666666667,100,True,False,False,True,885.0,100,0.23113981579733764,0.004136056639254093,100000
1464,0,14,7433,op,-0.2730000000000001,99,True,False,False,True,900.0,99,0.2309086759815403,0.004597949795424938,100000
1465,0,14,7433,op,-0.1630000000000001,114,True,False,False,True,900.0,114,0.23067776730555875,0.003678484819829464,100000
1466,0,14,7433,op,-0.1410000000000001,117,True,False,False,True,893.0,117,0.23044708953825319,0.005313128232955933,100000
1467,0,14,7433,op,-0.17766666666666675,112,True,False,False,True,899.0,112,0.23021664244871493,0.004420984536409378,100000
1468,0,14,7433,op,-0.18500000000000008,111,True,False,False,True,900.0,111,0.22998642580626621,0.0042066434398293495,100000
1469,0,14,7433,op,-0.24366666666666675,103,True,False,False,True,893.0,103,0.22975643938045995,0.005867626518011093,100000
1470,0,14,7433,op,-0.1410000000000001,117,True,False,False,True,876.0,117,0.2295266829410795,0.003958647605031729,100000
1471,0,14,7433,op,-0.17766666666666675,112,True,False,False,True,899.0,112,0.22929715625813843,0.004897641949355602,100000
1472,0,14,7433,op,-0.28766666666666674,97,True,False,False,True,893.0,97,0.2290678591018803,0.003861338132992387,100000
1473,0,14,7433,op,-0.1410000000000001,117,True,False,False,True,891.0,117,0.22883879124277842,0.00449704984202981,100000
1474,0,14,7433,op,0.6777929244041442,120,True,True,False,False,735.0,120,0.22860995245153565,0.004648890346288681,100000
1475,0,14,7433,op,-0.12633333333333344,119,True,False,False,True,891.0,119,0.22838134249908412,0.004535648040473461,100000
1476,0,14,7433,op,-0.17766666666666675,112,True,False,False,True,888.0,112,0.22815296115658504,0.003834339091554284,100000
1477,0,14,7433,op,-0.15566666666666676,115,True,False,False,True,880.0,115,0.22792480819542846,0.004188386723399162,100000
1478,0,14,7433,op,-0.12633333333333344,119,True,False,False,True,884.0,119,0.22769688338723304,0.0038296354468911886,100000
1479,0,14,7433,op,0.6426809606552123,120,True,True,False,False,862.0,120,0.22746918650384582,0.004472291097044945,100000
1480,0,14,7433,op,-0.1410000000000001,117,True,False,False,True,890.0,117,0.22724171731734197,0.00417301757261157,100000
1481,0,14,7433,op,-0.38300000000000006,84,True,False,False,True,893.0,84,0.22701447560002463,0.004802794195711613,100000
1482,0,14,7433,op,-0.15566666666666676,115,True,False,False,True,888.0,115,0.2267874611244246,0.004045889712870121,100000
1483,0,14,7433,op,0.6553986845016478,120,True,True,False,False,816.0,120,0.22656067366330018,0.0057144491001963615,100000
1484,0,14,7433,op,0.6448927102088927,120,True,True,False,False,854.0,120,0.22633411298963688,0.005701547488570213,100000
1485,0,14,7433,op,-0.17033333333333342,113,True,False,False,True,898.0,113,0.22610777887664724,0.005408870056271553,100000
1486,0,14,7433,op,0.6360456523895263,120,True,True,False,False,886.0,120,0.22588167109777058,0.004237719811499119,100000
1487,0,14,7433,op,-0.1630000000000001,114,True,False,False,True,894.0,114,0.2256557894266728,0.005019703879952431,100000
1488,0,14,7433,op,0.6462751207351684,120,True,True,False,False,849.0,120,0.22543013363724612,0.0057345228269696236,100000
1489,0,14,7433,op,-0.18500000000000008,111,True,False,False,True,898.0,111,0.22520470350360888,0.0053093526512384415,100000
1490,0,14,7433,op,-0.14833333333333343,116,True,False,False,True,890.0,116,0.2249794988001053,0.005456197075545788,100000
1491,0,14,7433,op,-0.13366666666666677,118,True,False,False,True,894.0,118,0.2247545193013052,0.004922409541904926,100000
1492,0,14,7433,op,-0.13366666666666677,118,True,False,False,True,882.0,118,0.22452976478200387,0.004834220744669437,100000
1493,0,14,7433,op,0.6324514923095702,120,True,True,False,False,899.0,120,0.22430523501722185,0.0037484278436750174,100000
1494,0,14,7433,op,-0.21433333333333343,107,True,False,False,True,898.0,107,0.22408092978220462,0.004946745466440916,100000
1495,0,14,7433,op,-0.18500000000000008,111,True,False,False,True,886.0,111,0.2238568488524224,0.004185779020190239,100000
1496,0,14,7433,op,-0.15566666666666676,115,True,False,False,True,899.0,115,0.22363299200356998,0.005085241515189409,100000
1497,0,14,7433,op,-0.15566666666666676,115,True,False,False,True,893.0,115,0.22340935901156642,0.006964054889976978,100000
1498,0,14,7433,op,-0.20700000000000007,108,True,False,False,True,894.0,108,0.22318594965255484,0.005153882782906294,100000
1499,0,14,7433,op,-0.13366666666666677,118,True,False,False,True,900.0,118,0.22296276370290227,0.004228743724524975,100000
