episode,scenario_idx,scenario_sos,scenario_cost,action_mode,reward,steps,done,terminated,truncated,dead_end,makespan,done_ops,epsilon,loss,replay_size
0,0,14,5758,rule,-10.201122254133224,104,True,False,True,True,896.0,104,0.995,,104
1,1,14,5683,rule,-10.212164103984833,92,True,False,True,True,893.0,92,0.990025,,196
2,2,14,5808,rule,-10.176179245114326,105,True,False,True,True,747.0,105,0.985074875,,301
3,3,14,7038,rule,-10.160460218787193,100,True,False,True,True,642.0,100,0.9801495006250001,,401
4,4,14,5938,rule,-10.205855444073677,95,True,False,True,True,900.0,95,0.9752487531218751,,496
5,5,14,7000,rule,-10.186644479632378,118,True,False,True,True,777.0,118,0.9703725093562657,0.1520814299583435,614
6,6,14,5043,rule,-10.094633631408215,58,True,False,True,True,395.0,58,0.9655206468094844,0.0004997269716113806,672
7,7,14,7220,rule,-10.160192117094994,114,True,False,True,True,668.0,114,0.960693043575437,0.0023801939096301794,786
8,8,14,6708,rule,-10.219566226005554,116,True,False,True,True,900.0,116,0.9558895783575597,0.1311158686876297,902
9,9,14,4828,rule,-10.190293207764626,90,True,False,True,True,792.0,90,0.9511101304657719,0.14441588521003723,992
10,10,14,7788,rule,-10.213445335626602,77,True,False,True,True,889.0,77,0.946354579813443,0.14321373403072357,1069
11,11,14,5610,rule,-10.103674598038197,52,True,False,True,True,443.0,52,0.9416228069143757,0.015478679910302162,1121
12,12,14,5300,rule,-10.207639917731285,117,True,False,True,True,886.0,117,0.9369146928798039,0.27648699283599854,1238
13,13,14,5618,rule,-10.203580752015114,62,True,False,True,True,830.0,62,0.9322301194154049,0.13747386634349823,1300
14,14,14,6778,rule,-10.182533919811249,103,True,False,True,True,788.0,103,0.9275689688183278,0.1254688948392868,1403
15,15,14,7063,rule,-10.203389421105385,97,True,False,True,True,888.0,97,0.9229311239742362,0.15527953207492828,1500
16,16,14,7110,rule,-10.215643271803856,100,True,False,True,True,885.0,100,0.918316468354365,0.00022668493329547346,1600
17,17,14,6668,rule,-0.18741193413734436,120,True,True,False,False,798.0,120,0.9137248860125932,0.0011901863617822528,1720
18,18,14,6963,rule,-10.208760187029839,93,True,False,True,True,896.0,93,0.9091562615825302,0.2828534245491028,1813
19,19,14,5978,rule,-10.192109435796738,81,True,False,True,True,784.0,81,0.9046104802746175,0.1556607037782669,1894
20,20,14,7295,rule,-10.213712587952614,106,True,False,True,True,879.0,106,0.9000874278732445,0.0054103475995361805,2000
21,21,14,6170,rule,-10.187749236822128,102,True,False,True,True,800.0,102,0.8955869907338783,0.0019457793096080422,2102
22,22,14,6700,rule,-10.205897122621536,114,True,False,True,True,845.0,114,0.8911090557802088,0.03960360214114189,2216
23,23,14,6870,rule,-10.208284363150597,118,True,False,True,True,890.0,118,0.8866535105013078,0.03941643610596657,2334
24,24,14,6218,rule,-10.204682305455208,113,True,False,True,True,883.0,113,0.8822202429488013,0.08203168958425522,2447
25,25,14,5945,rule,-10.201895996928215,109,True,False,True,True,852.0,109,0.8778091417340573,0.053790852427482605,2556
26,26,14,7348,rule,-10.211378574371338,96,True,False,True,True,888.0,96,0.8734200960253871,0.09501771628856659,2652
27,27,14,5093,rule,-10.161708489060402,88,True,False,True,True,674.0,88,0.8690529955452602,0.30820390582084656,2740
28,28,14,7463,rule,-10.207596555352211,117,True,False,True,True,880.0,117,0.8647077305675338,0.009406260214745998,2857
29,29,14,5658,rule,-10.210157096385956,108,True,False,True,True,898.0,108,0.8603841919146962,0.04665571078658104,2965
30,30,14,6678,rule,-10.180631816387177,72,True,False,True,True,789.0,72,0.8560822709551227,0.005678258836269379,3037
31,31,14,6200,rule,-10.21068723499775,85,True,False,True,True,895.0,85,0.851801859600347,0.01378725841641426,3122
32,32,14,7530,rule,-10.210427552461624,114,True,False,True,True,900.0,114,0.8475428503023453,0.10466983914375305,3236
33,33,14,6363,rule,-10.10587153583765,57,True,False,True,True,449.0,57,0.8433051360508336,0.008180586621165276,3293
34,34,14,7608,rule,-0.1842302829027176,120,True,True,False,False,736.0,120,0.8390886103705794,0.006328738294541836,3413
35,35,14,5978,rule,-10.181343913078308,114,True,False,True,True,764.0,114,0.8348931673187264,0.21373939514160156,3527
36,36,14,7130,rule,-10.206871807575226,96,True,False,True,True,849.0,96,0.8307187014821328,0.004700508434325457,3623
37,37,14,7355,rule,-10.219083175063133,117,True,False,True,True,884.0,117,0.8265651079747222,0.04343163222074509,3740
38,38,14,7368,rule,-0.15743829309940338,120,True,True,False,False,708.0,120,0.8224322824348486,0.006836662534624338,3860
39,39,14,6168,rule,-10.210637554526329,83,True,False,True,True,895.0,83,0.8183201210226743,0.010818125680088997,3943
40,40,14,5988,rule,-10.219758242368698,109,True,False,True,True,892.0,109,0.8142285204175609,0.00723697803914547,4052
41,41,14,7183,rule,-10.217843487858772,113,True,False,True,True,879.0,113,0.810157377815473,0.035154905170202255,4165
42,42,14,5215,rule,-10.206285163760185,103,True,False,True,True,873.0,103,0.8061065909263957,0.004874636884778738,4268
43,43,14,5648,rule,-10.193448707461357,93,True,False,True,True,815.0,93,0.8020760579717637,0.010309928096830845,4361
44,44,14,7383,rule,-0.16367033123970032,120,True,True,False,False,701.0,120,0.798065677681905,0.006183953955769539,4481
45,45,14,6275,rule,-0.19843527674674988,120,True,True,False,False,837.0,120,0.7940753492934954,0.0071097384206950665,4601
46,46,14,7458,rule,-0.1912093311548233,120,True,True,False,False,770.0,120,0.7901049725470279,0.012774014845490456,4721
47,47,14,6008,rule,-0.1788177341222763,120,True,True,False,False,726.0,120,0.7861544476842928,0.03931107372045517,4841
48,48,14,5248,rule,-10.192660570144653,106,True,False,True,True,798.0,106,0.7822236754458713,0.004376465454697609,4947
49,49,14,7195,rule,-10.203238934278488,112,True,False,True,True,866.0,112,0.778312557068642,0.09311237186193466,5059
50,0,14,5758,rule,-10.202019736170769,104,True,False,True,True,900.0,104,0.7744209942832988,0.019151177257299423,5163
51,1,14,5683,rule,-10.207650572061539,112,True,False,True,True,874.0,112,0.7705488893118823,0.21598747372627258,5275
52,2,14,5808,rule,-10.203301668167114,102,True,False,True,True,862.0,102,0.7666961448653229,0.2532964050769806,5377
53,3,14,7038,rule,-10.188953027129173,94,True,False,True,True,756.0,94,0.7628626641409962,0.19577468931674957,5471
54,4,14,5938,rule,-10.197849914431572,117,True,False,True,True,865.0,117,0.7590483508202912,0.06900836527347565,5588
55,5,14,7000,rule,-10.195291712880135,114,True,False,True,True,813.0,114,0.7552531090661897,0.19600968062877655,5702
56,6,14,5043,rule,-10.152372017502785,62,True,False,True,True,636.0,62,0.7514768435208588,0.011903277598321438,5764
57,7,14,7220,rule,-10.153956830501556,114,True,False,True,True,642.0,114,0.7477194593032545,0.0699303075671196,5878
58,8,14,6708,rule,-10.217370092868805,110,True,False,True,True,891.0,110,0.7439808620067382,0.015508102253079414,5988
59,9,14,4828,rule,-10.1934165507555,92,True,False,True,True,805.0,92,0.7402609576967045,0.014424393884837627,6080
60,10,14,7788,rule,-10.202160493470728,75,True,False,True,True,842.0,75,0.736559652908221,0.03243359923362732,6155
61,11,14,5610,rule,-10.084015682339668,53,True,False,True,True,359.0,53,0.7328768546436799,0.03716275095939636,6208
62,12,14,5300,rule,-10.209280878305435,97,True,False,True,True,893.0,97,0.7292124703704616,0.1411474049091339,6305
63,13,14,5618,rule,-10.19426055252552,66,True,False,True,True,792.0,66,0.7255664080186093,0.026340536773204803,6371
64,14,14,6778,rule,-10.181144312024117,104,True,False,True,True,782.0,104,0.7219385759785162,0.014334110543131828,6475
65,15,14,7063,rule,-10.20224443078041,99,True,False,True,True,883.0,99,0.7183288830986236,0.017837412655353546,6574
66,16,14,7110,rule,-10.214668586850166,94,True,False,True,True,881.0,94,0.7147372386831305,0.015802422538399696,6668
67,17,14,6668,rule,-10.202442586421967,111,True,False,True,True,862.0,111,0.7111635524897149,0.1813630908727646,6779
68,18,14,6963,rule,-10.20852705836296,100,True,False,True,True,895.0,100,0.7076077347272662,0.03736008703708649,6879
69,19,14,5978,rule,-10.197500944137573,82,True,False,True,True,806.0,82,0.7040696960536299,0.012706773355603218,6961
70,20,14,7295,rule,-10.210795044898987,106,True,False,True,True,867.0,106,0.7005493475733617,0.10268624126911163,7067
71,21,14,6170,rule,-10.182351529598236,105,True,False,True,True,777.0,105,0.697046600835495,0.066977858543396,7172
72,22,14,6700,rule,-10.20077969133854,115,True,False,True,True,824.0,115,0.6935613678313175,0.033581968396902084,7287
73,23,14,6870,rule,-10.207582116127014,117,True,False,True,True,887.0,117,0.6900935609921609,0.015564678236842155,7404
74,24,14,6218,rule,-10.205609381198883,108,True,False,True,True,887.0,108,0.6866430931872001,0.09265995770692825,7512
75,25,14,5945,rule,-10.184360355138779,116,True,False,True,True,778.0,116,0.6832098777212641,0.021178454160690308,7628
76,26,14,7348,rule,-10.20780785381794,94,True,False,True,True,873.0,94,0.6797938283326578,0.011767380870878696,7722
77,27,14,5093,rule,-10.177782967686653,93,True,False,True,True,741.0,93,0.6763948591909945,0.015305843204259872,7815
78,28,14,7463,rule,-10.206416681408882,118,True,False,True,True,875.0,118,0.6730128848950395,0.0609380379319191,7933
79,29,14,5658,rule,-10.184881821274757,103,True,False,True,True,790.0,103,0.6696478204705644,0.1395006626844406,8036
80,30,14,6678,rule,-10.177655965089798,74,True,False,True,True,776.0,74,0.6662995813682115,0.012297431007027626,8110
81,31,14,6200,rule,-10.210687771439552,87,True,False,True,True,895.0,87,0.6629680834613705,0.025110706686973572,8197
82,32,14,7530,rule,-0.16015899181365967,120,True,True,False,False,685.0,120,0.6596532430440636,0.010403983294963837,8317
83,33,14,6363,rule,-10.095260128378868,53,True,False,True,True,404.0,53,0.6563549768288433,0.012744788080453873,8370
84,34,14,7608,rule,-0.15193992853164673,120,True,True,False,False,607.0,120,0.653073201944699,0.004897402599453926,8490
85,35,14,5978,rule,-10.181818634271622,116,True,False,True,True,766.0,116,0.6498078359349755,0.021068962290883064,8606
86,36,14,7130,rule,-10.21271975338459,97,True,False,True,True,873.0,97,0.6465587967553006,0.005107256583869457,8703
87,37,14,7355,rule,-10.215117290616035,114,True,False,True,True,868.0,114,0.6433260027715241,0.00869721733033657,8817
88,38,14,7368,rule,-0.1476539969444275,120,True,True,False,False,664.0,120,0.6401093727576664,0.004666375461965799,8937
89,39,14,6168,rule,-10.2111084908247,84,True,False,True,True,897.0,84,0.6369088258938781,0.045309025794267654,9021
90,40,14,5988,rule,-10.21951188147068,115,True,False,True,True,891.0,115,0.6337242817644086,0.005070782732218504,9136
91,41,14,7183,rule,-0.21734820306301117,120,True,True,False,False,877.0,120,0.6305556603555866,0.025101222097873688,9256
92,42,14,5215,rule,-10.203213334083557,103,True,False,True,True,860.0,103,0.6274028820538087,0.3221878409385681,9359
93,43,14,5648,rule,-10.190125808119774,104,True,False,True,True,801.0,104,0.6242658676435396,0.14574870467185974,9463
94,44,14,7383,rule,-0.14429138600826263,120,True,True,False,False,618.0,120,0.6211445383053219,0.13381259143352509,9583
95,45,14,6275,rule,-0.17852061986923218,120,True,True,False,False,753.0,120,0.6180388156137953,0.027016399428248405,9703
96,46,14,7458,rule,-0.19319592416286469,120,True,True,False,False,778.0,120,0.6149486215357263,0.008719699457287788,9823
97,47,14,6008,rule,-0.17586207389831543,120,True,True,False,False,714.0,120,0.6118738784280476,0.024854326620697975,9943
98,48,14,5248,rule,-10.190004736185074,118,True,False,True,True,787.0,118,0.6088145090359074,0.004580158740282059,10000
99,49,14,7195,rule,-10.186107009649277,115,True,False,True,True,793.0,115,0.6057704364907278,0.05826875567436218,10000
100,0,14,5758,rule,-10.201346799731255,115,True,False,True,True,897.0,115,0.6027415843082742,0.005440952256321907,10000
101,1,14,5683,rule,-10.212877467274666,106,True,False,True,True,896.0,106,0.5997278763867329,0.0367688424885273,10000
102,2,14,5808,rule,-10.157782912254333,110,True,False,True,True,669.0,110,0.5967292370047992,0.1593143343925476,10000
103,3,14,7038,rule,-10.189952298998833,92,True,False,True,True,760.0,92,0.5937455908197752,0.008261527866125107,10000
104,4,14,5938,rule,-10.205626770853996,117,True,False,True,True,899.0,117,0.5907768628656763,0.005440111272037029,10000
105,5,14,7000,rule,-0.191928893327713,120,True,True,False,False,799.0,120,0.5878229785513479,0.006883598398417234,10000
106,6,14,5043,rule,-10.092955984175205,54,True,False,True,True,388.0,54,0.5848838636585911,0.006810199469327927,10000
107,7,14,7220,rule,-10.15851305425167,117,True,False,True,True,661.0,117,0.5819594443402982,0.01707099750638008,10000
108,8,14,6708,rule,-10.213954329490662,116,True,False,True,True,877.0,116,0.5790496471185967,0.004272132646292448,10000
109,9,14,4828,rule,-10.179240733385086,94,True,False,True,True,746.0,94,0.5761543988830038,0.1736915558576584,10000
110,10,14,7788,rule,-10.205521747469902,78,True,False,True,True,856.0,78,0.5732736268885887,0.009615794755518436,10000
111,11,14,5610,rule,-10.079334907233715,51,True,False,True,True,339.0,51,0.5704072587541458,0.015183252282440662,10000
112,12,14,5300,rule,-10.205531105399132,115,True,False,True,True,877.0,115,0.567555222460375,0.003980383276939392,10000
113,13,14,5618,rule,-10.205297693610191,66,True,False,True,True,837.0,66,0.5647174463480732,0.005724191665649414,10000
114,14,14,6778,rule,-10.19342140853405,105,True,False,True,True,835.0,105,0.5618938591163328,0.007513740565627813,10000
115,15,14,7063,rule,-10.198579862713814,107,True,False,True,True,867.0,107,0.5590843898207511,0.024097975343465805,10000
116,16,14,7110,rule,-10.213450759649277,94,True,False,True,True,876.0,94,0.5562889678716474,0.007852060720324516,10000
117,17,14,6668,rule,-0.18647252023220062,120,True,True,False,False,794.0,120,0.5535075230322891,0.012357140891253948,10000
118,18,14,6963,rule,-10.204101115465164,108,True,False,True,True,876.0,108,0.5507399854171277,0.008137102238833904,10000
119,19,14,5978,rule,-10.192599579691887,90,True,False,True,True,786.0,90,0.547986285490042,0.0054500289261341095,10000
120,20,14,7295,rule,-10.21371215581894,108,True,False,True,True,879.0,108,0.5452463540625918,0.007571143098175526,10000
121,21,14,6170,rule,-10.19619795680046,106,True,False,True,True,836.0,106,0.5425201222922789,0.008844994939863682,10000
122,22,14,6700,rule,-10.188596457242966,116,True,False,True,True,774.0,116,0.5398075216808175,0.006329875439405441,10000
123,23,14,6870,rule,-10.20594409108162,118,True,False,True,True,880.0,118,0.5371084840724134,0.010678092017769814,10000
124,24,14,6218,rule,-0.20259620249271393,120,True,True,False,False,874.0,120,0.5344229416520513,0.003160999622195959,10000
125,25,14,5945,rule,-10.1827013194561,119,True,False,True,True,771.0,119,0.531750826943791,0.0062899524345994,10000
126,26,14,7348,rule,-10.208522111177444,98,True,False,True,True,876.0,98,0.5290920728090721,0.0035263379104435444,10000
127,27,14,5093,rule,-10.159069329500198,89,True,False,True,True,663.0,89,0.5264466124450268,0.008080650120973587,10000
128,28,14,7463,rule,-10.20382173359394,118,True,False,True,True,864.0,118,0.5238143793828016,0.04790504276752472,10000
129,29,14,5658,rule,-10.197987660765648,108,True,False,True,True,846.0,108,0.5211953074858876,0.010936100035905838,10000
130,30,14,6678,rule,-10.181547343730927,73,True,False,True,True,793.0,73,0.5185893309484582,0.0026629609055817127,10000
131,31,14,6200,rule,-10.205508217215538,84,True,False,True,True,873.0,84,0.5159963842937159,0.00383133627474308,10000
132,32,14,7530,rule,-0.1325695514678955,120,True,True,False,False,567.0,120,0.5134164023722473,0.0018856192473322153,10000
133,33,14,6363,rule,-10.090309143066406,60,True,False,True,True,383.0,60,0.510849320360386,0.030510511249303818,10000
134,34,14,7608,rule,-0.14342927932739258,120,True,True,False,False,573.0,120,0.5082950737585841,0.003523788880556822,10000
135,35,14,5978,rule,-10.2079276740551,107,True,False,True,True,876.0,107,0.5057535983897912,0.0027710688300430775,10000
136,36,14,7130,rule,-10.203947335481644,96,True,False,True,True,837.0,96,0.5032248303978422,0.0018201135098934174,10000
137,37,14,7355,rule,-10.214374378323555,117,True,False,True,True,865.0,117,0.500708706245853,0.007386916317045689,10000
138,38,14,7368,rule,-0.15855014324188232,120,True,True,False,False,713.0,120,0.4982051627146237,0.007763303816318512,10000
139,39,14,6168,rule,-10.211579382419586,81,True,False,True,True,899.0,81,0.49571413690105054,0.015013592317700386,10000
140,40,14,5988,rule,-10.22025129199028,107,True,False,True,True,894.0,107,0.4932355662165453,0.03867190703749657,10000
141,41,14,7183,rule,-0.2213135063648224,120,True,True,False,False,893.0,120,0.4907693883854626,0.0049058496952056885,10000
142,42,14,5215,rule,-10.21030230820179,102,True,False,True,True,890.0,102,0.4883155414435353,0.0033581003081053495,10000
143,43,14,5648,rule,-10.197958633303642,111,True,False,True,True,834.0,111,0.4858739637363176,0.0028737070970237255,10000
144,44,14,7383,rule,-0.16927386820316315,120,True,True,False,False,725.0,120,0.483444593917636,0.006487227510660887,10000
145,45,14,6275,rule,-0.19393077492713928,120,True,True,False,False,818.0,120,0.4810273709480478,0.007164232432842255,10000
146,46,14,7458,rule,-0.19443754851818085,120,True,True,False,False,783.0,120,0.47862223409330756,0.0024209613911807537,10000
147,47,14,6008,rule,-0.17709359526634216,120,True,True,False,False,719.0,120,0.47622912292284103,0.004837314132601023,10000
148,48,14,5248,rule,-10.186624675989151,106,True,False,True,True,773.0,106,0.4738479773082268,0.005639498122036457,10000
149,49,14,7195,rule,-10.205350950360298,114,True,False,True,True,875.0,114,0.47147873742168567,0.0035731822717934847,10000
150,0,14,5758,rule,-10.1979800760746,108,True,False,True,True,882.0,108,0.46912134373457726,0.002724074525758624,10000
151,1,14,5683,rule,-10.213114798069,116,True,False,True,True,897.0,116,0.46677573701590436,0.003716242266818881,10000
152,2,14,5808,rule,-10.160613045096397,112,True,False,True,True,681.0,112,0.46444185833082485,0.006005935370922089,10000
153,3,14,7038,rule,-10.192951560020447,86,True,False,True,True,772.0,86,0.46211964903917074,0.007218318525701761,10000
154,4,14,5938,rule,-10.198993638157845,119,True,False,True,True,870.0,119,0.4598090507939749,0.014066435396671295,10000
155,5,14,7000,rule,-0.16406437754631042,120,True,True,False,False,683.0,120,0.457510005540005,0.002872929209843278,10000
156,6,14,5043,rule,-10.110445514321327,59,True,False,True,True,461.0,59,0.45522245551230495,0.0038940070662647486,10000
157,7,14,7220,rule,-0.15419664978981018,120,True,True,False,False,643.0,120,0.4529463432347434,0.002372997347265482,10000
158,8,14,6708,rule,-0.1944376677274704,120,True,True,False,False,797.0,120,0.4506816115185697,0.004227753728628159,10000
159,9,14,4828,rule,-10.188851490616798,96,True,False,True,True,786.0,96,0.4484282034609769,0.0032711620442569256,10000
160,10,14,7788,rule,-10.188955931924284,74,True,False,True,True,787.0,74,0.446186062443672,0.003869903739541769,10000
161,11,14,5610,rule,-10.085185579955578,53,True,False,True,True,364.0,53,0.4439551321314536,0.003766261041164398,10000
162,12,14,5300,rule,-10.206702768802643,119,True,False,True,True,882.0,119,0.4417353564707963,0.015964314341545105,10000
163,13,14,5618,rule,-10.205297693610191,66,True,False,True,True,837.0,66,0.43952667968844233,0.0016210515750572085,10000
164,14,14,6778,rule,-10.19527454674244,107,True,False,True,True,843.0,107,0.43732904629000013,0.014374542981386185,10000
165,15,14,7063,rule,-10.186211451888084,110,True,False,True,True,813.0,110,0.4351424010585501,0.0034817764535546303,10000
166,16,14,7110,rule,-10.213450282812119,99,True,False,True,True,876.0,99,0.43296668905325736,0.0074801575392484665,10000
167,17,14,6668,rule,-0.18999530375003815,120,True,True,False,False,809.0,120,0.43080185560799106,0.00292087160050869,10000
168,18,14,6963,rule,-10.202469781041145,106,True,False,True,True,869.0,106,0.4286478463299511,0.002612512093037367,10000
169,19,14,5978,rule,-10.188434556126595,85,True,False,True,True,769.0,85,0.42650460709830135,0.0029433907475322485,10000
170,20,14,7295,rule,-10.216387063264847,111,True,False,True,True,890.0,111,0.42437208406280985,0.0036283456720411777,10000
171,21,14,6170,rule,-10.186341613531113,105,True,False,True,True,794.0,105,0.4222502236424958,0.0023118501994758844,10000
172,22,14,6700,rule,-10.189814776182175,114,True,False,True,True,779.0,114,0.42013897252428334,0.009239399805665016,10000
173,23,14,6870,rule,-10.203369781374931,115,True,False,True,True,869.0,115,0.4180382776616619,0.007196745835244656,10000
174,24,14,6218,rule,-10.202596127986908,119,True,False,True,True,874.0,119,0.4159480862733536,0.02458084188401699,10000
175,25,14,5945,rule,-10.189573273062706,116,True,False,True,True,800.0,116,0.41386834584198684,0.007064308971166611,10000
176,26,14,7348,rule,-10.213520362973213,96,True,False,True,True,897.0,96,0.4117990041127769,0.00992530770599842,10000
177,27,14,5093,rule,-10.211852207779884,76,True,False,True,True,883.0,76,0.40974000909221303,0.0027302976232022047,10000
178,28,14,7463,rule,-10.203113675117493,114,True,False,True,True,861.0,114,0.40769130904675194,0.0024969992227852345,10000
179,29,14,5658,rule,-10.19962528347969,106,True,False,True,True,853.0,106,0.40565285250151817,0.13830259442329407,10000
180,30,14,6678,rule,-10.195283502340317,72,True,False,True,True,853.0,72,0.4036245882390106,0.018160391598939896,10000
181,31,14,6200,rule,-10.207626700401306,86,True,False,True,True,882.0,86,0.4016064652978155,0.01690087467432022,10000
182,32,14,7530,rule,-0.14238952100276947,120,True,True,False,False,609.0,120,0.3995984329713264,0.0024504431057721376,10000
183,33,14,6363,rule,-10.082056120038033,60,True,False,True,True,348.0,60,0.3976004408064698,0.0030379374511539936,10000
184,34,14,7608,rule,-0.15769712626934052,120,True,True,False,False,630.0,120,0.39561243860243744,0.007263874635100365,10000
185,35,14,5978,rule,-10.168525606393814,117,True,False,True,True,710.0,117,0.3936343764094253,0.003108855104073882,10000
186,36,14,7130,rule,-10.2007797062397,93,True,False,True,True,824.0,93,0.39166620452737816,0.0024673165753483772,10000
187,37,14,7355,rule,-0.22304832935333252,120,True,True,False,False,900.0,120,0.3897078735047413,0.006586115807294846,10000
188,38,14,7368,rule,-0.16566599905490875,120,True,True,False,False,745.0,120,0.3877593341372176,0.06666189432144165,10000
189,39,14,6168,rule,-10.211579009890556,78,True,False,True,True,899.0,78,0.3858205374665315,0.01782679557800293,10000
190,40,14,5988,rule,-10.220497652888298,115,True,False,True,True,895.0,115,0.38389143477919885,0.006360506638884544,10000
191,41,14,7183,rule,-10.214374661445618,119,True,False,True,True,865.0,119,0.3819719776053028,0.011724526062607765,10000
192,42,14,5215,rule,-10.210065886378288,112,True,False,True,True,889.0,112,0.3800621177172763,0.007342982105910778,10000
193,43,14,5648,rule,-10.187752395868301,87,True,False,True,True,791.0,87,0.37816180712868996,0.015084144659340382,10000
194,44,14,7383,rule,-0.14569227397441864,120,True,True,False,False,624.0,120,0.37627099809304654,0.007865618914365768,10000
195,45,14,6275,rule,-0.18065433204174042,120,True,True,False,False,762.0,120,0.3743896431025813,0.0026607078034430742,10000
196,46,14,7458,rule,-0.19468587636947632,120,True,True,False,False,784.0,120,0.37251769488706843,0.005595565773546696,10000
197,47,14,6008,rule,-0.1667487621307373,120,True,True,False,False,677.0,120,0.3706551064126331,0.06573990732431412,10000
198,48,14,5248,rule,-10.183003559708595,119,True,False,True,True,758.0,119,0.36880183088056995,0.03367121145129204,10000
199,49,14,7195,rule,-10.201595544815063,106,True,False,True,True,859.0,106,0.3669578217261671,0.0036964062601327896,10000
200,0,14,5758,rule,-10.201795518398285,117,True,False,True,True,899.0,117,0.36512303261753626,0.005311319138854742,10000
201,1,14,5683,rule,-10.21311442553997,112,True,False,True,True,897.0,112,0.3632974174544486,0.018770214170217514,10000
202,2,14,5808,rule,-10.208962053060532,99,True,False,True,True,886.0,99,0.3614809303671764,0.019778678193688393,10000
203,3,14,7038,rule,-10.157460182905197,99,True,False,True,True,630.0,99,0.3596735257153405,0.00955987349152565,10000
204,4,14,5938,rule,-10.196477979421616,119,True,False,True,True,859.0,119,0.3578751580867638,0.0032114177010953426,10000
205,5,14,7000,rule,-0.1563776135444641,120,True,True,False,False,651.0,120,0.35608578229633,0.008473996073007584,10000
206,6,14,5043,rule,-10.09846667200327,57,True,False,True,True,411.0,57,0.3543053533848483,0.016727671027183533,10000
207,7,14,7220,rule,-10.152038365602493,114,True,False,True,True,634.0,114,0.35253382661792404,0.03133203089237213,10000
208,8,14,6708,rule,-10.217125833034515,118,True,False,True,True,890.0,118,0.3507711574848344,0.007914476096630096,10000
209,9,14,4828,rule,-10.193657323718071,97,True,False,True,True,806.0,97,0.34901730169741024,0.004510632716119289,10000
210,10,14,7788,rule,-10.200719906948507,76,True,False,True,True,836.0,76,0.3472722151889232,0.004495635628700256,10000
211,11,14,5610,rule,-10.080505184829235,53,True,False,True,True,344.0,53,0.3455358541129786,0.007890598848462105,10000
212,12,14,5300,rule,-10.206937029957771,117,True,False,True,True,883.0,117,0.3438081748424137,0.003589057829231024,10000
213,13,14,5618,rule,-10.208976984024048,65,True,False,True,True,852.0,65,0.3420891339682016,0.002819500397890806,10000
214,14,14,6778,rule,-10.181376308202744,106,True,False,True,True,783.0,106,0.3403786882983606,0.007364483550190926,10000
215,15,14,7063,rule,-10.199495702981949,108,True,False,True,True,871.0,108,0.3386767948568688,0.008361020125448704,10000
216,16,14,7110,rule,-10.21881091594696,97,True,False,True,True,898.0,97,0.33698341088258443,0.015928195789456367,10000
217,17,14,6668,rule,-10.201268211007118,119,True,False,True,True,857.0,119,0.3352984938281715,0.002165253274142742,10000
218,18,14,6963,rule,-10.204800084233284,103,True,False,True,True,879.0,103,0.33362200135903064,0.021813832223415375,10000
219,19,14,5978,rule,-10.194559887051582,82,True,False,True,True,794.0,82,0.33195389135223546,0.003655406180769205,10000
220,20,14,7295,rule,-10.21663011610508,108,True,False,True,True,891.0,108,0.3302941218954743,0.005637957714498043,10000
221,21,14,6170,rule,-10.18704505264759,83,True,False,True,True,797.0,83,0.32864265128599696,0.004904844798147678,10000
222,22,14,6700,rule,-10.183967307209969,118,True,False,True,True,755.0,118,0.326999438029567,0.003386243712157011,10000
223,23,14,6870,rule,-10.208284884691238,116,True,False,True,True,890.0,116,0.3253644408394192,0.022085709497332573,10000
224,24,14,6218,rule,-10.203059941530228,119,True,False,True,True,876.0,119,0.3237376186352221,0.019366206601262093,10000
225,25,14,5945,rule,-10.186966598033905,119,True,False,True,True,789.0,119,0.322118930542046,0.004243102855980396,10000
226,26,14,7348,rule,-10.212806805968285,96,True,False,True,True,894.0,96,0.32050833588933575,0.003346263663843274,10000
227,27,14,5093,rule,-10.155230328440666,90,True,False,True,True,647.0,90,0.31890579420988907,0.006283678114414215,10000
228,28,14,7463,rule,-0.18518517911434174,120,True,True,False,False,785.0,120,0.3173112652388396,0.0014342953218147159,10000
229,29,14,5658,rule,-10.205242186784744,100,True,False,True,True,877.0,100,0.3157247089126454,0.004165122751146555,10000
230,30,14,6678,rule,-10.200777992606163,62,True,False,True,True,877.0,62,0.3141460853680822,0.007990876212716103,10000
231,31,14,6200,rule,-10.205743610858917,85,True,False,True,True,874.0,85,0.3125753549412418,0.029318690299987793,10000
232,32,14,7530,rule,-0.14402619004249573,120,True,True,False,False,616.0,120,0.31101247816653554,0.0015800222754478455,10000
233,33,14,6363,rule,-10.08488591760397,61,True,False,True,True,360.0,61,0.30945741577570285,0.0022855279967188835,10000
234,34,14,7608,rule,-0.15969961881637573,120,True,True,False,False,638.0,120,0.3079101286968243,0.0163479745388031,10000
235,35,14,5978,rule,-10.2079276740551,98,True,False,True,True,876.0,98,0.3063705780533402,0.004518082365393639,10000
236,36,14,7130,rule,-10.201267033815384,91,True,False,True,True,826.0,91,0.30483872516307353,0.004363475367426872,10000
237,37,14,7355,rule,-10.214870229363441,116,True,False,True,True,867.0,116,0.3033145315372582,0.0017344019142910838,10000
238,38,14,7368,rule,-0.1474316269159317,120,True,True,False,False,663.0,120,0.3017979588795719,0.0016996425110846758,10000
239,39,14,6168,rule,-10.211343735456467,86,True,False,True,True,898.0,86,0.30028896908517405,0.006620214786380529,10000
240,40,14,5988,rule,-10.21877309679985,114,True,False,True,True,888.0,114,0.2987875242397482,0.012109396979212761,10000
241,41,14,7183,rule,-0.20817844569683075,120,True,True,False,False,840.0,120,0.29729358661854943,0.0020163082517683506,10000
242,42,14,5215,rule,-10.211483836174011,102,True,False,True,True,895.0,102,0.29580711868545667,0.006896155420690775,10000
243,43,14,5648,rule,-10.190362691879272,111,True,False,True,True,802.0,111,0.2943280830920294,0.004205481614917517,10000
244,44,14,7383,rule,-0.13985523581504822,120,True,True,False,False,599.0,120,0.29285644267656924,0.005119835492223501,10000
245,45,14,6275,rule,-0.20697012543678284,120,True,True,False,False,873.0,120,0.2913921604631864,0.0026201806031167507,10000
246,46,14,7458,rule,-0.19369257986545563,120,True,True,False,False,780.0,120,0.28993519966087045,0.003973242826759815,10000
247,47,14,6008,rule,-0.16009852290153503,120,True,True,False,False,650.0,120,0.2884855236625661,0.0036496135871857405,10000
248,48,14,5248,rule,-10.189039051532745,119,True,False,True,True,783.0,119,0.28704309604425327,0.00631072698161006,10000
249,49,14,7195,rule,-10.180943116545677,116,True,False,True,True,771.0,116,0.285607880564032,0.0021595139987766743,10000
250,0,14,5758,rule,-10.198877483606339,115,True,False,True,True,886.0,115,0.28417984116121187,0.002860692562535405,10000
251,1,14,5683,rule,-10.21359008550644,116,True,False,True,True,899.0,116,0.2827589419554058,0.021605107933282852,10000
252,2,14,5808,rule,-10.165565818548203,108,True,False,True,True,702.0,108,0.28134514724562876,0.006402032915502787,10000
253,3,14,7038,rule,-10.171457394957542,96,True,False,True,True,686.0,96,0.2799384215094006,0.003229100489988923,10000
254,4,14,5938,rule,-10.205626428127289,117,True,False,True,True,899.0,117,0.27853872940185365,0.0024942285381257534,10000
255,5,14,7000,rule,-0.15565697848796844,120,True,True,False,False,648.0,120,0.27714603575484437,0.0012251392472535372,10000
256,6,14,5043,rule,-10.100143983960152,61,True,False,True,True,418.0,61,0.2757603055760701,0.005411945283412933,10000
257,7,14,7220,rule,-10.149880230426788,119,True,False,True,True,625.0,119,0.2743815040481898,0.0062496415339410305,10000
258,8,14,6708,rule,-10.213954389095306,119,True,False,True,True,877.0,119,0.2730095965279488,0.0018364704446867108,10000
259,9,14,4828,rule,-10.176597371697426,95,True,False,True,True,735.0,95,0.27164454854530906,0.0019457167945802212,10000
260,10,14,7788,rule,-10.202160984277725,76,True,False,True,True,842.0,76,0.2702863258025825,0.004579472821205854,10000
261,11,14,5610,rule,-10.09431329369545,54,True,False,True,True,403.0,54,0.2689348941735696,0.002163953147828579,10000
262,12,14,5300,rule,-0.18139207363128662,120,True,True,False,False,774.0,120,0.26759021970270175,0.003326280042529106,10000
263,13,14,5618,rule,-10.205052688717842,64,True,False,True,True,836.0,64,0.2662522686041882,0.011514313519001007,10000
264,14,14,6778,rule,-10.183460488915443,104,True,False,True,True,792.0,104,0.2649210072611673,0.014355525374412537,10000
265,15,14,7063,rule,-10.205909386277199,104,True,False,True,True,899.0,104,0.26359640222486147,0.026953067630529404,10000
266,16,14,7110,rule,-10.21734893321991,98,True,False,True,True,892.0,98,0.26227842021373715,0.0024572666734457016,10000
267,17,14,6668,rule,-0.1796618103981018,120,True,True,False,False,765.0,120,0.2609670281126685,0.003163338638842106,10000
268,18,14,6963,rule,-10.204800054430962,73,True,False,True,True,879.0,73,0.25966219297210513,0.11225585639476776,10000
269,19,14,5978,rule,-10.2070572078228,88,True,False,True,True,845.0,88,0.2583638820072446,0.00275545590557158,10000
270,20,14,7295,rule,-10.21517138183117,110,True,False,True,True,885.0,110,0.2570720625972084,0.006360118743032217,10000
271,21,14,6170,rule,-10.185167640447617,108,True,False,True,True,789.0,108,0.25578670228422234,0.015976212918758392,10000
272,22,14,6700,rule,-10.187378615140915,118,True,False,True,True,769.0,118,0.25450776877280124,0.0029861368238925934,10000
273,23,14,6870,rule,-10.207582905888557,112,True,False,True,True,887.0,112,0.2532352299289372,0.0027504328172653913,10000
274,24,14,6218,rule,-0.19007880985736847,120,True,True,False,False,820.0,120,0.2519690537792925,0.002001348417252302,10000
275,25,14,5945,rule,-10.181516349315643,119,True,False,True,True,766.0,119,0.2507092085103961,0.004814822226762772,10000
276,26,14,7348,rule,-10.211378589272499,95,True,False,True,True,888.0,95,0.2494556624678441,0.003605873789638281,10000
277,27,14,5093,rule,-10.15235148370266,90,True,False,True,True,635.0,90,0.24820838415550486,0.005424025468528271,10000
278,28,14,7463,rule,-0.15829205513000488,120,True,True,False,False,671.0,120,0.24696734223472733,0.004157603718340397,10000
279,29,14,5658,rule,-10.204539895057678,107,True,False,True,True,874.0,107,0.2457325055235537,0.12255420535802841,10000
280,30,14,6678,rule,-10.18200595676899,74,True,False,True,True,795.0,74,0.24450384299593592,0.006166378036141396,10000
281,31,14,6200,rule,-10.210687384009361,84,True,False,True,True,895.0,84,0.24328132378095624,0.0016017607413232327,10000
282,32,14,7530,rule,-0.1325695514678955,120,True,True,False,False,567.0,120,0.24206491716205145,0.003909796476364136,10000
283,33,14,6363,rule,-10.086536459624767,60,True,False,True,True,367.0,60,0.2408545925762412,0.0020722136832773685,10000
284,34,14,7608,rule,-0.1381727159023285,120,True,True,False,False,552.0,120,0.23965031961336,0.0027451340574771166,10000
285,35,14,5978,rule,-10.198908597230911,108,True,False,True,True,838.0,108,0.2384520680152932,0.00299585098400712,10000
286,36,14,7130,rule,-10.190789446234703,91,True,False,True,True,783.0,91,0.23725980767521673,0.0023334056604653597,10000
287,37,14,7355,rule,-10.214621663093567,118,True,False,True,True,866.0,118,0.23607350863684065,0.002276795683428645,10000
288,38,14,7368,rule,-10.199688583612442,111,True,False,True,True,898.0,111,0.23489314109365644,0.002732684835791588,10000
289,39,14,6168,rule,-10.209931746125221,86,True,False,True,True,892.0,86,0.23371867538818816,0.004355008713901043,10000
290,40,14,5988,rule,-10.216556116938591,117,True,False,True,True,879.0,117,0.23255008201124722,0.0031476938165724277,10000
291,41,14,7183,rule,-10.214869424700737,118,True,False,True,True,867.0,118,0.231387331601191,0.0014534855727106333,10000
292,42,14,5215,rule,-10.202268153429031,106,True,False,True,True,856.0,106,0.23023039494318503,0.008383190259337425,10000
293,43,14,5648,rule,-10.19439822435379,112,True,False,True,True,819.0,112,0.2290792429684691,0.003446494694799185,10000
294,44,14,7383,rule,-0.16530469059944153,120,True,True,False,False,708.0,120,0.22793384675362674,0.0024749382864683867,10000
295,45,14,6275,rule,-10.213371694087982,109,True,False,True,True,900.0,109,0.22679417751985861,0.0019773172680288553,10000
296,46,14,7458,rule,-0.21753166615962982,120,True,True,False,False,876.0,120,0.22566020663225933,0.0011105304583907127,10000
297,47,14,6008,rule,-0.16108374297618866,120,True,True,False,False,654.0,120,0.22453190559909803,0.004309405107051134,10000
298,48,14,5248,rule,-0.17648479342460632,120,True,True,False,False,731.0,120,0.22340924607110255,0.0030877552926540375,10000
299,49,14,7195,rule,-10.203942403197289,110,True,False,True,True,869.0,110,0.22229219984074702,0.003108683507889509,10000
300,0,14,5758,rule,-10.19820436835289,82,True,False,True,True,883.0,82,0.2211807388415433,0.0013109082356095314,10000
301,1,14,5683,rule,-10.213352501392365,117,True,False,True,True,898.0,117,0.22007483514733558,0.0025995424948632717,10000
302,2,14,5808,rule,-10.173820942640305,107,True,False,True,True,737.0,107,0.2189744609715989,0.018230978399515152,10000
303,3,14,7038,rule,-10.190202713012695,96,True,False,True,True,761.0,96,0.2178795886667409,0.0013842866756021976,10000
304,4,14,5938,rule,-10.197392240166664,119,True,False,True,True,863.0,119,0.2167901907234072,0.02677719108760357,10000
305,5,14,7000,rule,-10.187365338206291,117,True,False,True,True,780.0,117,0.21570623976979014,0.05955732986330986,10000
306,6,14,5043,rule,-10.08600826561451,60,True,False,True,True,359.0,60,0.21462770857094118,0.00598622253164649,10000
307,7,14,7220,rule,-10.155395925045013,118,True,False,True,True,648.0,118,0.21355457002808648,0.004312247969210148,10000
308,8,14,6708,rule,-10.204440042376518,119,True,False,True,True,838.0,119,0.21248679717794605,0.0033817796502262354,10000
309,9,14,4828,rule,-10.17131145298481,93,True,False,True,True,713.0,93,0.21142436319205632,0.0018764170818030834,10000
310,10,14,7788,rule,-10.211284145712852,78,True,False,True,True,880.0,78,0.21036724137609603,0.0036669571418315172,10000
311,11,14,5610,rule,-10.09992941468954,53,True,False,True,True,427.0,53,0.20931540516921554,0.008413085713982582,10000
312,12,14,5300,rule,-10.20881174504757,119,True,False,True,True,891.0,119,0.20826882814336947,0.010238011367619038,10000
313,13,14,5618,rule,-10.206769451498985,67,True,False,True,True,843.0,67,0.20722748400265262,0.0030707798432558775,10000
314,14,14,6778,rule,-10.18485014140606,109,True,False,True,True,798.0,109,0.20619134658263935,0.08126368373632431,10000
315,15,14,7063,rule,-10.197892755270004,112,True,False,True,True,864.0,112,0.20516038984972615,0.0034034522250294685,10000
316,16,14,7110,rule,-10.214425429701805,92,True,False,True,True,880.0,92,0.2041345879004775,0.010793028399348259,10000
317,17,14,6668,rule,-10.204086482524872,118,True,False,True,True,869.0,118,0.2031139149609751,0.005046112462878227,10000
318,18,14,6963,rule,-10.208294168114662,108,True,False,True,True,894.0,108,0.20209834538617025,0.001823720638640225,10000
319,19,14,5978,rule,-10.204116761684418,89,True,False,True,True,833.0,89,0.2010878536592394,0.0314677469432354,10000
320,20,14,7295,rule,-10.217359900474548,110,True,False,True,True,894.0,110,0.2000824143909432,0.00827707163989544,10000
321,21,14,6170,rule,-10.189861416816711,109,True,False,True,True,809.0,109,0.19908200231898848,0.00416257930919528,10000
322,22,14,6700,rule,-10.187378168106079,116,True,False,True,True,769.0,116,0.19808659230739353,0.002232667524367571,10000
323,23,14,6870,rule,-10.201965615153313,118,True,False,True,True,863.0,118,0.19709615934585656,0.004183266311883926,10000
324,24,14,6218,rule,-0.19471488893032074,120,True,True,False,False,840.0,120,0.19611067854912728,0.0695483535528183,10000
325,25,14,5945,rule,-10.184122994542122,118,True,False,True,True,777.0,118,0.19513012515638165,0.0012493790127336979,10000
326,26,14,7348,rule,-10.211378574371338,87,True,False,True,True,888.0,87,0.19415447453059972,0.0022134906612336636,10000
327,27,14,5093,rule,-10.167466267943382,92,True,False,True,True,698.0,92,0.19318370215794672,0.0016536458861082792,10000
328,28,14,7463,rule,-0.1684359461069107,120,True,True,False,False,714.0,120,0.192217783647157,0.0015716186026111245,10000
329,29,14,5658,rule,-10.185116171836853,107,True,False,True,True,791.0,107,0.1912566947289212,0.004258551634848118,10000
330,30,14,6678,rule,-10.191621229052544,76,True,False,True,True,837.0,76,0.1903004112552766,0.001315226429142058,10000
331,31,14,6200,rule,-10.211864441633224,88,True,False,True,True,900.0,88,0.18934890919900021,0.005268717184662819,10000
332,32,14,7530,rule,-0.13093289732933044,120,True,True,False,False,560.0,120,0.18840216465300522,0.0023552807979285717,10000
333,33,14,6363,rule,-10.100211851298809,56,True,False,True,True,425.0,56,0.18746015382974018,0.0035068336874246597,10000
334,34,14,7608,rule,-0.1531914919614792,120,True,True,False,False,612.0,120,0.1865228530605915,0.007133822422474623,10000
335,35,14,5978,rule,-10.152860268950462,119,True,False,True,True,644.0,119,0.18559023879528855,0.1267772912979126,10000
336,36,14,7130,rule,-10.193469792604446,96,True,False,True,True,794.0,96,0.1846622876013121,0.0011290840338915586,10000
337,37,14,7355,rule,-10.22230464220047,113,True,False,True,True,897.0,113,0.18373897616330553,0.03179341182112694,10000
338,38,14,7368,rule,-0.14231710135936737,120,True,True,False,False,640.0,120,0.182820281282489,0.007235481403768063,10000
339,39,14,6168,rule,-10.211814627051353,86,True,False,True,True,900.0,86,0.18190617987607657,0.036270033568143845,10000
340,40,14,5988,rule,-0.21680216491222382,120,True,True,False,False,880.0,120,0.18099664897669618,0.001893872395157814,10000
341,41,14,7183,rule,-0.21561338007450104,120,True,True,False,False,870.0,120,0.1800916657318127,0.0029380531050264835,10000
342,42,14,5215,rule,-10.208412289619446,108,True,False,True,True,882.0,108,0.17919120740315364,0.00479130307212472,10000
343,43,14,5648,rule,-10.196297109127045,110,True,False,True,True,827.0,110,0.17829525136613786,0.004385598469525576,10000
344,44,14,7383,rule,-0.14335745573043823,120,True,True,False,False,614.0,120,0.17740377510930716,0.001232790295034647,10000
345,45,14,6275,rule,-0.18112850189208984,120,True,True,False,False,764.0,120,0.17651675623376062,0.002103029750287533,10000
346,46,14,7458,rule,-0.1959274858236313,120,True,True,False,False,789.0,120,0.1756341724525918,0.12142439931631088,10000
347,47,14,6008,rule,-0.1625615805387497,120,True,True,False,False,660.0,120,0.17475600159032884,0.0010535006877034903,10000
348,48,14,5248,rule,-0.1810719519853592,120,True,True,False,False,750.0,120,0.17388222158237718,0.05925733968615532,10000
349,49,14,7195,rule,-10.184933200478554,116,True,False,True,True,788.0,116,0.1730128104744653,0.030214441940188408,10000
350,0,14,5758,rule,-10.197530657052994,107,True,False,True,True,880.0,107,0.17214774642209296,0.0039643654599785805,10000
351,1,14,5683,rule,-10.209075823426247,117,True,False,True,True,880.0,117,0.1712870076899825,0.005489625968039036,10000
352,2,14,5808,rule,-10.165330663323402,113,True,False,True,True,701.0,113,0.17043057265153258,0.002215670421719551,10000
353,3,14,7038,rule,-10.157460674643517,104,True,False,True,True,630.0,104,0.16957841978827493,0.0909060686826706,10000
354,4,14,5938,rule,-0.19167429208755493,120,True,True,False,False,838.0,120,0.16873052768933355,0.059003427624702454,10000
355,5,14,7000,rule,-0.15133316814899445,120,True,True,False,False,630.0,120,0.1678868750508869,0.001976990606635809,10000
356,6,14,5043,rule,-10.080977067351341,60,True,False,True,True,338.0,60,0.16704744067563246,0.0019249706529080868,10000
357,7,14,7220,rule,-0.13717027008533478,120,True,True,False,False,572.0,120,0.1662122034722543,0.002391551621258259,10000
358,8,14,6708,rule,-0.19492559134960175,120,True,True,False,False,799.0,120,0.16538114245489302,0.0017106165178120136,10000
359,9,14,4828,rule,-10.179000467061996,95,True,False,True,True,745.0,95,0.16455423674261854,0.001719171879813075,10000
360,10,14,7788,rule,-10.19231666624546,75,True,False,True,True,801.0,75,0.16373146555890544,0.002232206519693136,10000
361,11,14,5610,rule,-10.072314530611038,51,True,False,True,True,309.0,51,0.16291280823111093,0.0019600256346166134,10000
362,12,14,5300,rule,-0.20389032363891602,120,True,True,False,False,870.0,120,0.16209824418995536,0.13401132822036743,10000
363,13,14,5618,rule,-10.204807385802269,64,True,False,True,True,835.0,64,0.16128775296900558,0.004689035005867481,10000
364,14,14,6778,rule,-10.180217996239662,110,True,False,True,True,778.0,110,0.16048131420416054,0.0044944556429982185,10000
365,15,14,7063,rule,-10.18094365298748,109,True,False,True,True,790.0,109,0.15967890763313974,0.002435059519484639,10000
366,16,14,7110,rule,-10.217348918318748,95,True,False,True,True,892.0,95,0.15888051309497406,0.0033650556579232216,10000
367,17,14,6668,rule,-0.17778299748897552,120,True,True,False,False,757.0,120,0.1580861105294992,0.01432058960199356,10000
368,18,14,6963,rule,-10.203401684761047,111,True,False,True,True,873.0,111,0.1572956799768517,0.00853014551103115,10000
369,19,14,5978,rule,-10.18965968489647,81,True,False,True,True,774.0,81,0.15650920157696743,0.06456715613603592,10000
370,20,14,7295,rule,-10.208606377243996,106,True,False,True,True,858.0,106,0.1557266555690826,0.005236898083239794,10000
371,21,14,6170,rule,-10.182117134332657,103,True,False,True,True,776.0,103,0.1549480222912372,0.0059699746780097485,10000
372,22,14,6700,rule,-10.189814776182175,118,True,False,True,True,779.0,118,0.15417328217978102,0.06039871647953987,10000
373,23,14,6870,rule,-10.20594422519207,115,True,False,True,True,880.0,115,0.1534024157688821,0.011174953542649746,10000
374,24,14,6218,rule,-0.1745479851961136,120,True,True,False,False,753.0,120,0.1526354036900377,0.001695411279797554,10000
375,25,14,5945,rule,-0.17559242248535156,120,True,True,False,False,741.0,120,0.1518722266715875,0.0016373265534639359,10000
376,26,14,7348,rule,-10.21113996207714,99,True,False,True,True,887.0,99,0.15111286553822956,0.0030106501653790474,10000
377,27,14,5093,rule,-10.154030710458755,91,True,False,True,True,642.0,91,0.15035730121053842,0.0022082896903157234,10000
378,28,14,7463,rule,-0.18046708405017853,120,True,True,False,False,765.0,120,0.14960551470448571,0.0027264452073723078,10000
379,29,14,5658,rule,-10.184179797768593,107,True,False,True,True,787.0,107,0.14885748713096328,0.003236885415390134,10000
380,30,14,6678,rule,-10.184065535664558,74,True,False,True,True,804.0,74,0.14811319969530845,0.001961398869752884,10000
381,31,14,6200,rule,-10.20880414545536,85,True,False,True,True,887.0,85,0.1473726336968319,0.050046563148498535,10000
382,32,14,7530,rule,-0.127191960811615,120,True,True,False,False,544.0,120,0.14663577052834775,0.0013054197188466787,10000
383,33,14,6363,rule,-10.083470426499844,61,True,False,True,True,354.0,61,0.14590259167570602,0.0036337864585220814,10000
384,34,14,7608,rule,-0.13892365992069244,120,True,True,False,False,555.0,120,0.1451730787173275,0.005229673348367214,10000
385,35,14,5978,rule,-10.169712409377098,118,True,False,True,True,715.0,118,0.14444721332374086,0.007843821309506893,10000
386,36,14,7130,rule,-10.19517496228218,99,True,False,True,True,801.0,99,0.14372497725712216,0.004952877294272184,10000
387,37,14,7355,rule,-10.222553059458733,114,True,False,True,True,898.0,114,0.14300635237083656,0.010611076839268208,10000
388,38,14,7368,rule,-0.1436513215303421,120,True,True,False,False,646.0,120,0.14229132060898236,0.0020496263168752193,10000
389,39,14,6168,rule,-10.210167095065117,87,True,False,True,True,893.0,87,0.14157986400593744,0.0026320279575884342,10000
390,40,14,5988,rule,-10.215570330619812,117,True,False,True,True,875.0,117,0.14087196468590776,0.002430432243272662,10000
391,41,14,7183,rule,-0.22280049324035645,120,True,True,False,False,899.0,120,0.14016760486247823,0.003665525931864977,10000
392,42,14,5215,rule,-10.183837279677391,100,True,False,True,True,778.0,100,0.13946676683816583,0.0013326720800250769,10000
393,43,14,5648,rule,-10.198670715093613,111,True,False,True,True,837.0,111,0.138769433003975,0.003822777885943651,10000
394,44,14,7383,rule,-0.15316367149353027,120,True,True,False,False,656.0,120,0.13807558583895513,0.009509365074336529,10000
395,45,14,6275,rule,-0.1759127527475357,120,True,True,False,False,742.0,120,0.13738520790976036,0.0029122147243469954,10000
396,46,14,7458,rule,-0.18500123918056488,120,True,True,False,False,745.0,120,0.13669828187021155,0.007305913604795933,10000
397,47,14,6008,rule,-0.16477832198143005,120,True,True,False,False,669.0,120,0.13601479046086049,0.002775391098111868,10000
398,48,14,5248,rule,-0.17286334931850433,120,True,True,False,False,716.0,120,0.1353347165085562,0.00141860859002918,10000
399,49,14,7195,rule,-10.200891897082329,113,True,False,True,True,856.0,113,0.1346580429260134,0.0072400979697704315,10000
400,0,14,5758,rule,-10.201571270823479,119,True,False,True,True,898.0,119,0.13398475271138335,0.07630021125078201,10000
401,1,14,5683,rule,-10.210976779460907,114,True,False,True,True,888.0,114,0.13331482894782642,0.1358434557914734,10000
402,2,14,5808,rule,-10.159669414162636,114,True,False,True,True,677.0,114,0.13264825480308728,0.002381363417953253,10000
403,3,14,7038,rule,-10.140215307474136,113,True,False,True,True,561.0,113,0.13198501352907185,0.1243419498205185,10000
404,4,14,5938,rule,-10.19762097299099,116,True,False,True,True,864.0,116,0.1313250884614265,0.0024938129354268312,10000
405,5,14,7000,rule,-0.16742733120918274,120,True,True,False,False,697.0,120,0.13066846301911936,0.0011722526978701353,10000
406,6,14,5043,rule,-10.123622298240662,60,True,False,True,True,516.0,60,0.13001512070402377,0.008478060364723206,10000
407,7,14,7220,rule,-10.157073959708214,115,True,False,True,True,655.0,115,0.12936504510050365,0.004749614279717207,10000
408,8,14,6708,rule,-10.21688175201416,118,True,False,True,True,889.0,118,0.12871821987500112,0.0030679134652018547,10000
409,9,14,4828,rule,-10.163142740726471,94,True,False,True,True,679.0,94,0.12807462877562611,0.001688077230937779,10000
410,10,14,7788,rule,-10.19063651561737,76,True,False,True,True,794.0,76,0.12743425563174798,0.0030522672459483147,10000
411,11,14,5610,rule,-10.082845896482468,54,True,False,True,True,354.0,54,0.12679708435358925,0.04643694683909416,10000
412,12,14,5300,rule,-10.201780691742897,115,True,False,True,True,861.0,115,0.1261630989318213,0.10147939622402191,10000
413,13,14,5618,rule,-10.195977181196213,65,True,False,True,True,799.0,65,0.1255322834371622,0.008437448181211948,10000
414,14,14,6778,rule,-10.182534515857697,106,True,False,True,True,788.0,106,0.12490462201997637,0.002368604764342308,10000
415,15,14,7063,rule,-10.187356650829315,111,True,False,True,True,818.0,111,0.1242800989098765,0.009635765105485916,10000
416,16,14,7110,rule,-10.219298675656319,99,True,False,True,True,900.0,99,0.12365869841532712,0.0027709100395441055,10000
417,17,14,6668,rule,-0.20596523582935333,120,True,True,False,False,877.0,120,0.12304040492325048,0.003465797984972596,10000
418,18,14,6963,rule,-10.201304271817207,109,True,False,True,True,864.0,109,0.12242520289863423,0.006536801345646381,10000
419,19,14,5978,rule,-10.195540487766266,89,True,False,True,True,798.0,89,0.12181307688414106,0.003021853743121028,10000
420,20,14,7295,rule,-10.218089193105698,101,True,False,True,True,897.0,101,0.12120401149972035,0.0034397118724882603,10000
421,21,14,6170,rule,-10.180708423256874,106,True,False,True,True,770.0,106,0.12059799144222175,0.0015424673911184072,10000
422,22,14,6700,rule,-10.19200824201107,118,True,False,True,True,788.0,118,0.11999500148501063,0.004950200207531452,10000
423,23,14,6870,rule,-10.205242201685905,119,True,False,True,True,877.0,119,0.11939502647758558,0.0028246550355106592,10000
424,24,14,6218,rule,-0.1740843802690506,120,True,True,False,False,751.0,120,0.11879805134519765,0.004491201601922512,10000
425,25,14,5945,rule,-0.18554502725601196,120,True,True,False,False,783.0,120,0.11820406108847166,0.00935885775834322,10000
426,26,14,7348,rule,-10.209949776530266,93,True,False,True,True,882.0,93,0.1176130407830293,0.002164206001907587,10000
427,27,14,5093,rule,-10.158109411597252,92,True,False,True,True,659.0,92,0.11702497557911415,0.003395548788830638,10000
428,28,14,7463,rule,-0.1651332825422287,120,True,True,False,False,700.0,120,0.11643985070121858,0.005169295240193605,10000
429,29,14,5658,rule,-10.204540327191353,108,True,False,True,True,874.0,108,0.11585765144771248,0.010847392491996288,10000
430,30,14,6678,rule,-10.182234212756157,73,True,False,True,True,796.0,73,0.11527836319047392,0.07781276106834412,10000
431,31,14,6200,rule,-10.21021656692028,86,True,False,True,True,893.0,86,0.11470197137452155,0.010572856292128563,10000
432,32,14,7530,rule,-0.13420622050762177,120,True,True,False,False,574.0,120,0.11412846151764894,0.007749918848276138,10000
433,33,14,6363,rule,-10.083470642566681,62,True,False,True,True,354.0,62,0.1135578192100607,0.007797607220709324,10000
434,34,14,7608,rule,-0.14493116736412048,120,True,True,False,False,579.0,120,0.11299003011401039,0.001417122664861381,10000
435,35,14,5978,rule,-0.14811298251152039,120,True,True,False,False,624.0,120,0.11242507996344034,0.0030258172191679478,10000
436,36,14,7130,rule,-10.192982450127602,97,True,False,True,True,792.0,97,0.11186295456362313,0.017659228295087814,10000
437,37,14,7355,rule,-0.21734820306301117,120,True,True,False,False,877.0,120,0.11130363979080501,0.1286080777645111,10000
438,38,14,7368,rule,-0.1378696858882904,120,True,True,False,False,620.0,120,0.11074712159185099,0.056835781782865524,10000
439,39,14,6168,rule,-10.21157918870449,88,True,False,True,True,899.0,88,0.11019338598389174,0.0064298901706933975,10000
440,40,14,5988,rule,-0.21803399920463562,120,True,True,False,False,885.0,120,0.10964241905397228,0.0019585404079407454,10000
441,41,14,7183,rule,-10.222552210092545,114,True,False,True,True,898.0,114,0.10909420695870241,0.004590287804603577,10000
442,42,14,5215,rule,-10.186672821640968,113,True,False,True,True,790.0,113,0.1085487359239089,0.020820211619138718,10000
443,43,14,5648,rule,-10.197009190917015,111,True,False,True,True,830.0,111,0.10800599224428936,0.006647950503975153,10000
444,44,14,7383,rule,-0.134018212556839,120,True,True,False,False,574.0,120,0.10746596228306791,0.005089406855404377,10000
445,45,14,6275,rule,-0.17164532840251923,120,True,True,False,False,724.0,120,0.10692863247165257,0.004967974964529276,10000
446,46,14,7458,rule,-10.220014616847038,116,True,False,True,True,886.0,116,0.1063939893092943,0.08998067677021027,10000
447,47,14,6008,rule,-0.1625615805387497,120,True,True,False,False,660.0,120,0.10586201936274783,0.002346162684261799,10000
448,48,14,5248,rule,-10.185659006237984,117,True,False,True,True,769.0,117,0.10533270926593409,0.13632993400096893,10000
449,49,14,7195,rule,-10.184463620185852,114,True,False,True,True,786.0,114,0.10480604571960442,0.132347971200943,10000
450,0,14,5758,rule,-0.19977553188800812,120,True,True,False,False,890.0,120,0.1042820154910064,0.003688199445605278,10000
451,1,14,5683,rule,-10.21358996629715,114,True,False,True,True,899.0,114,0.10376060541355137,0.003505947068333626,10000
452,2,14,5808,rule,-10.15235848724842,114,True,False,True,True,646.0,114,0.1032418023864836,0.004101824015378952,10000
453,3,14,7038,rule,-10.143213778734207,114,True,False,True,True,573.0,114,0.10272559337455119,0.1441224366426468,10000
454,4,14,5938,rule,-0.19167429208755493,120,True,True,False,False,838.0,120,0.10221196540767843,0.0037616759072989225,10000
455,5,14,7000,rule,-0.1496516913175583,120,True,True,False,False,623.0,120,0.10170090558064004,0.0035453164018690586,10000
456,6,14,5043,rule,-10.074987970292568,60,True,False,True,True,313.0,60,0.10119240105273684,0.002411146182566881,10000
457,7,14,7220,rule,-0.14244604110717773,120,True,True,False,False,594.0,120,0.10068643904747315,0.005067789927124977,10000
458,8,14,6708,rule,-0.1888265460729599,120,True,True,False,False,774.0,120,0.10018300685223579,0.00228139478713274,10000
459,9,14,4828,rule,-10.176116839051247,94,True,False,True,True,733.0,94,0.0996820918179746,0.00371000450104475,10000
460,10,14,7788,rule,-10.215846300125122,73,True,False,True,True,899.0,73,0.09918368135888474,0.004159480798989534,10000
461,11,14,5610,rule,-10.07442032545805,53,True,False,True,True,318.0,53,0.09868776295209031,0.006058784201741219,10000
462,12,14,5300,rule,-0.1806890070438385,120,True,True,False,False,771.0,120,0.09819432413732986,0.0033679509069770575,10000
463,13,14,5618,rule,-10.200882956385612,66,True,False,True,True,819.0,66,0.09770335251664321,0.002213401021435857,10000
464,14,14,6778,rule,-10.185081988573074,104,True,False,True,True,799.0,104,0.09721483575406,0.004366712644696236,10000
465,15,14,7063,rule,-10.202702790498734,95,True,False,True,True,885.0,95,0.09672876157528969,0.0036742454394698143,10000
466,16,14,7110,rule,-10.219054564833641,101,True,False,True,True,899.0,101,0.09624511776741324,0.001539919525384903,10000
467,17,14,6668,rule,-0.17073743045330048,120,True,True,False,False,727.0,120,0.09576389217857617,0.00219449563883245,10000
468,18,14,6963,rule,-10.206430569291115,111,True,False,True,True,886.0,111,0.09528507271768329,0.001949296216480434,10000
469,19,14,5978,rule,-10.195050299167633,84,True,False,True,True,796.0,84,0.09480864735409487,0.0017704739002510905,10000
470,20,14,7295,rule,-10.217116624116898,104,True,False,True,True,893.0,104,0.0943346041173244,0.0015449898783117533,10000
471,21,14,6170,rule,-10.183759480714798,113,True,False,True,True,783.0,113,0.09386293109673778,0.0017032859614118934,10000
472,22,14,6700,rule,-10.193713411688805,119,True,False,True,True,795.0,119,0.09339361644125409,0.003940756898373365,10000
473,23,14,6870,rule,-0.21015679836273193,120,True,True,False,False,898.0,120,0.09292664835904782,0.0027454993687570095,10000
474,24,14,6218,rule,-0.17570699751377106,120,True,True,False,False,758.0,120,0.09246201511725258,0.002089216373860836,10000
475,25,14,5945,rule,-0.17440758645534515,120,True,True,False,False,736.0,120,0.09199970504166631,0.13179153203964233,10000
476,26,14,7348,rule,-10.213996440172195,100,True,False,True,True,899.0,100,0.09153970651645797,0.0067835357040166855,10000
477,27,14,5093,rule,-10.150671780109406,91,True,False,True,True,628.0,91,0.09108200798387568,0.0027069835923612118,10000
478,28,14,7463,rule,-0.1648973822593689,120,True,True,False,False,699.0,120,0.0906265979439563,0.08333389461040497,10000
479,29,14,5658,rule,-10.204540476202965,105,True,False,True,True,874.0,105,0.09017346495423652,0.003845579456537962,10000
480,30,14,6678,rule,-10.18360760807991,77,True,False,True,True,802.0,77,0.08972259762946533,0.007090431172400713,10000
481,31,14,6200,rule,-10.209981173276901,85,True,False,True,True,892.0,85,0.089273984641318,0.005029020365327597,10000
482,32,14,7530,rule,-0.12882861495018005,120,True,True,False,False,551.0,120,0.0888276147181114,0.00249751890078187,10000
483,33,14,6363,rule,-10.141711473464966,58,True,False,True,True,601.0,58,0.08838347664452084,0.006638547405600548,10000
484,34,14,7608,rule,-0.14192740619182587,120,True,True,False,False,567.0,120,0.08794155926129824,0.004135456867516041,10000
485,35,14,5978,rule,-10.147638469934464,119,True,False,True,True,622.0,119,0.08750185146499175,0.002949804300442338,10000
486,36,14,7130,rule,-10.209795773029327,98,True,False,True,True,861.0,98,0.08706434220766679,0.01722189411520958,10000
487,37,14,7355,rule,-10.22131310403347,118,True,False,True,True,893.0,118,0.08662902049662846,0.0014972222270444036,10000
488,38,14,7368,rule,-0.13920392096042633,120,True,True,False,False,626.0,120,0.08619587539414532,0.051795996725559235,10000
489,39,14,6168,rule,-10.210637971758842,80,True,False,True,True,895.0,80,0.08576489601717459,0.0011055627837777138,10000
490,40,14,5988,rule,-0.22172948718070984,120,True,True,False,False,900.0,120,0.08533607153708872,0.0032473667524755,10000
491,41,14,7183,rule,-10.223048329353333,118,True,False,True,True,900.0,118,0.08490939117940327,0.002007573377341032,10000
492,42,14,5215,rule,-10.198250979185104,115,True,False,True,True,839.0,115,0.08448484422350626,0.005231581628322601,10000
493,43,14,5648,rule,-10.189651399850845,93,True,False,True,True,799.0,93,0.08406242000238873,0.0033905720338225365,10000
494,44,14,7383,rule,-0.15129582583904266,120,True,True,False,False,648.0,120,0.08364210790237678,0.06801328808069229,10000
495,45,14,6275,rule,-0.18018017709255219,120,True,True,False,False,760.0,120,0.0832238973628649,0.004518804606050253,10000
496,46,14,7458,rule,-10.214054688811302,119,True,False,True,True,862.0,119,0.08280777787605056,0.07433130592107773,10000
497,47,14,6008,rule,-0.1588670015335083,120,True,True,False,False,645.0,120,0.08239373898667031,0.14190271496772766,10000
498,48,14,5248,rule,-10.190005168318748,115,True,False,True,True,787.0,115,0.08198177029173696,0.0038092867471277714,10000
499,49,14,7195,rule,-10.21004468202591,112,True,False,True,True,895.0,112,0.08157186144027828,0.003579366486519575,10000
500,0,14,5758,rule,-0.19797979295253754,120,True,True,False,False,882.0,120,0.0811640021330769,0.002106543630361557,10000
501,1,14,5683,rule,-10.208600774407387,110,True,False,True,True,878.0,110,0.08075818212241151,0.010771828703582287,10000
502,2,14,5808,rule,-10.152122646570206,113,True,False,True,True,645.0,113,0.08035439121179945,0.002219217363744974,10000
503,3,14,7038,rule,-10.147463321685791,111,True,False,True,True,590.0,111,0.07995261925574046,0.0018699250649660826,10000
504,4,14,5938,rule,-0.19670630991458893,120,True,True,False,False,860.0,120,0.07955285615946175,0.004441220313310623,10000
505,5,14,7000,rule,-0.18039874732494354,120,True,True,False,False,751.0,120,0.07915509187866444,0.0012698497157543898,10000
506,6,14,5043,rule,-10.077144227921963,60,True,False,True,True,322.0,60,0.07875931641927113,0.003617203328758478,10000
507,7,14,7220,rule,-0.13285371661186218,120,True,True,False,False,554.0,120,0.07836551983717477,0.0021714679896831512,10000
508,8,14,6708,rule,-10.21078334748745,119,True,False,True,True,864.0,119,0.07797369223798889,0.004361229483038187,10000
509,9,14,4828,rule,-10.175636291503906,97,True,False,True,True,731.0,97,0.07758382377679894,0.06027662754058838,10000
510,10,14,7788,rule,-10.187034904956818,75,True,False,True,True,779.0,75,0.07719590465791494,0.002601317595690489,10000
511,11,14,5610,rule,-10.082845896482468,54,True,False,True,True,354.0,54,0.07680992513462537,0.0015645782696083188,10000
512,12,14,5300,rule,-0.18350128829479218,120,True,True,False,False,783.0,120,0.07642587550895225,0.0009217893821187317,10000
513,13,14,5618,rule,-10.195977196097374,68,True,False,True,True,799.0,68,0.07604374613140748,0.004387112334370613,10000
514,14,14,6778,rule,-10.19156862795353,109,True,False,True,True,827.0,109,0.07566352740075044,0.002673233160749078,10000
515,15,14,7063,rule,-10.184379383921623,109,True,False,True,True,805.0,109,0.07528520976374668,0.002691873349249363,10000
516,16,14,7110,rule,-10.218567699193954,101,True,False,True,True,897.0,101,0.07490878371492794,0.0023939674720168114,10000
517,17,14,6668,rule,-0.17238140106201172,120,True,True,False,False,734.0,120,0.0745342397963533,0.0028672642074525356,10000
518,18,14,6963,rule,-10.208993047475815,111,True,False,True,True,897.0,111,0.07416156859737154,0.0015112701803445816,10000
519,19,14,5978,rule,-10.194560393691063,90,True,False,True,True,794.0,90,0.07379076075438468,0.002979804528877139,10000
520,20,14,7295,rule,-10.217602252960205,107,True,False,True,True,895.0,107,0.07342180695061275,0.12179350107908249,10000
521,21,14,6170,rule,-10.186810657382011,113,True,False,True,True,796.0,113,0.07305469791585968,0.026432499289512634,10000
522,22,14,6700,rule,-10.193713903427124,119,True,False,True,True,795.0,119,0.07268942442628039,0.00272122654132545,10000
523,23,14,6870,rule,-10.205241829156876,112,True,False,True,True,877.0,112,0.07232597730414898,0.006138627417385578,10000
524,24,14,6218,rule,-0.1812702864408493,120,True,True,False,False,782.0,120,0.07196434741762824,0.07323145866394043,10000
525,25,14,5945,rule,-10.18507106602192,114,True,False,True,True,781.0,114,0.0716045256805401,0.0032226028852164745,10000
526,26,14,7348,rule,-10.214234486222267,99,True,False,True,True,900.0,99,0.0712465030521374,0.013798555359244347,10000
527,27,14,5093,rule,-10.154990509152412,92,True,False,True,True,646.0,92,0.0708902705368767,0.002209585625678301,10000
528,28,14,7463,rule,-10.204765692353249,111,True,False,True,True,868.0,111,0.07053581918419231,0.002610265277326107,10000
529,29,14,5658,rule,-10.210624635219574,108,True,False,True,True,900.0,108,0.07018314008827135,0.0036178450100123882,10000
530,30,14,6678,rule,-10.182234272360802,74,True,False,True,True,796.0,74,0.06983222438783,0.0034116911701858044,10000
531,31,14,6200,rule,-10.208804100751877,89,True,False,True,True,887.0,89,0.06948306326589085,0.00154758314602077,10000
532,32,14,7530,rule,-0.15407995879650116,120,True,True,False,False,659.0,120,0.0691356479495614,0.0021504268515855074,10000
533,33,14,6363,rule,-10.107049860060215,60,True,False,True,True,454.0,60,0.06878996970981359,0.0027265429962426424,10000
534,34,14,7608,rule,-0.16670837998390198,120,True,True,False,False,666.0,120,0.06844601986126451,0.009677590802311897,10000
535,35,14,5978,rule,-10.165677279233932,118,True,False,True,True,698.0,118,0.06810378976195819,0.004085790365934372,10000
536,36,14,7130,rule,-10.192739248275757,94,True,False,True,True,791.0,94,0.0677632708131484,0.014488084241747856,10000
537,37,14,7355,rule,-10.21957916021347,119,True,False,True,True,886.0,119,0.06742445445908266,0.0022670559119433165,10000
538,38,14,7368,rule,-0.15098954737186432,120,True,True,False,False,679.0,120,0.06708733218678724,0.003150119911879301,10000
539,39,14,6168,rule,-10.210167407989502,87,True,False,True,True,893.0,87,0.0667518955258533,0.0016816386487334967,10000
540,40,14,5988,rule,-0.21680216491222382,120,True,True,False,False,880.0,120,0.06641813604822402,0.002466977573931217,10000
541,41,14,7183,rule,-10.21957916021347,119,True,False,True,True,886.0,119,0.0660860453679829,0.0020301330368965864,10000
542,42,14,5215,rule,-10.206285297870636,112,True,False,True,True,873.0,112,0.06575561514114299,0.002488077152520418,10000
543,43,14,5648,rule,-10.200807183980942,108,True,False,True,True,846.0,108,0.06542683706543727,0.0021698924247175455,10000
544,44,14,7383,rule,-0.13285081088542938,120,True,True,False,False,569.0,120,0.06509970288011008,0.01946144923567772,10000
545,45,14,6275,rule,-0.1789947897195816,120,True,True,False,False,755.0,120,0.06477420436570952,0.0008851122693158686,10000
546,46,14,7458,rule,-0.178544819355011,120,True,True,False,False,719.0,120,0.06445033334388098,0.0021265652030706406,10000
547,47,14,6008,rule,-0.16403940320014954,120,True,True,False,False,666.0,120,0.06412808167716157,0.0016447091475129128,10000
548,48,14,5248,rule,-0.1735876351594925,120,True,True,False,False,719.0,120,0.06380744126877576,0.0011210371740162373,10000
549,49,14,7195,rule,-10.206054672598839,114,True,False,True,True,878.0,114,0.06348840406243188,0.003644991898909211,10000
550,0,14,5758,rule,-10.200000390410423,118,True,False,True,True,891.0,118,0.06317096204211972,0.0030737665947526693,10000
551,1,14,5683,rule,-10.209075585007668,115,True,False,True,True,880.0,115,0.06285510723190912,0.028983941301703453,10000
552,2,14,5808,rule,-10.15235848724842,115,True,False,True,True,646.0,115,0.06254083169574957,0.0034197496715933084,10000
553,3,14,7038,rule,-10.158460438251495,104,True,False,True,True,634.0,104,0.062228127537270826,0.005241933278739452,10000
554,4,14,5938,rule,-10.203568205237389,118,True,False,True,True,890.0,118,0.06191698689958447,0.0029750175308436155,10000
555,5,14,7000,rule,-0.15037232637405396,120,True,True,False,False,626.0,120,0.061607401965086545,0.09573345631361008,10000
556,6,14,5043,rule,-10.101102322340012,63,True,False,True,True,422.0,63,0.06129936495526111,0.001895657042041421,10000
557,7,14,7220,rule,-0.13549160957336426,120,True,True,False,False,565.0,120,0.0609928681304848,0.0038860985077917576,10000
558,8,14,6708,rule,-0.18907050788402557,120,True,True,False,False,775.0,120,0.060687903789832374,0.001562365097925067,10000
559,9,14,4828,rule,-10.155934542417526,96,True,False,True,True,649.0,96,0.06038446427088321,0.0012891227379441261,10000
560,10,14,7788,rule,-10.193757206201553,80,True,False,True,True,807.0,80,0.06008254194952879,0.0019110915018245578,10000
561,11,14,5610,rule,-10.081207886338234,54,True,False,True,True,347.0,54,0.05978212923978115,0.04125530645251274,10000
562,12,14,5300,rule,-0.1860792189836502,120,True,True,False,False,794.0,120,0.05948321859358224,0.0011885679559782147,10000
563,13,14,5618,rule,-10.20505242049694,65,True,False,True,True,836.0,65,0.05918580250061433,0.0048007844015955925,10000
564,14,14,6778,rule,-10.182302325963974,104,True,False,True,True,787.0,104,0.058889873488111255,0.0037133716978132725,10000
565,15,14,7063,rule,-10.188502356410027,107,True,False,True,True,823.0,107,0.058595424120670696,0.0796368271112442,10000
566,16,14,7110,rule,-10.215400084853172,101,True,False,True,True,884.0,101,0.05830244700006734,0.002122085075825453,10000
567,17,14,6668,rule,-0.17073743045330048,120,True,True,False,False,727.0,120,0.058010934765067,0.0023961167316883802,10000
568,18,14,6963,rule,-10.208061173558235,112,True,False,True,True,893.0,112,0.05772088009124167,0.0029076519422233105,10000
569,19,14,5978,rule,-10.196520745754242,92,True,False,True,True,802.0,92,0.05743227569078546,0.0023199666757136583,10000
570,20,14,7295,rule,-10.212010696530342,111,True,False,True,True,872.0,111,0.05714511431233153,0.004339932464063168,10000
571,21,14,6170,rule,-10.184698432683945,113,True,False,True,True,787.0,113,0.05685938874076987,0.004278483800590038,10000
572,22,14,6700,rule,-10.191764116287231,118,True,False,True,True,787.0,118,0.056575091797066025,0.0018290942534804344,10000
573,23,14,6870,rule,-0.20594429969787598,120,True,True,False,False,880.0,120,0.056292216338080694,0.006715863943099976,10000
574,24,14,6218,rule,-0.17848864197731018,120,True,True,False,False,770.0,120,0.05601075525639029,0.0010007222881540656,10000
575,25,14,5945,rule,-0.17582938075065613,120,True,True,False,False,742.0,120,0.05573070148010834,0.0007451060228049755,10000
576,26,14,7348,rule,-10.212568208575249,100,True,False,True,True,893.0,100,0.0554520479727078,0.058627352118492126,10000
577,27,14,5093,rule,-10.16074900329113,89,True,False,True,True,670.0,89,0.05517478773284426,0.008891789242625237,10000
578,28,14,7463,rule,-0.1604151874780655,120,True,True,False,False,680.0,120,0.05489891379418004,0.0052813696675002575,10000
579,29,14,5658,rule,-10.1991578489542,105,True,False,True,True,851.0,105,0.05462441922520914,0.000753915635868907,10000
580,30,14,6678,rule,-10.177655681967735,76,True,False,True,True,776.0,76,0.0543512971290831,0.003796869656071067,10000
581,31,14,6200,rule,-10.208803921937943,86,True,False,True,True,887.0,86,0.05407954064343768,0.04116695374250412,10000
582,32,14,7530,rule,-0.13724572956562042,120,True,True,False,False,587.0,120,0.05380914294022049,0.004356269724667072,10000
583,33,14,6363,rule,-10.13510924577713,51,True,False,True,True,573.0,51,0.05354009722551939,0.0012170670088380575,10000
584,34,14,7608,rule,-0.15444305539131165,120,True,True,False,False,617.0,120,0.05327239673939179,0.007391364313662052,10000
585,35,14,5978,rule,-10.1459771245718,119,True,False,True,True,615.0,119,0.053006034755694834,0.002415996976196766,10000
586,36,14,7130,rule,-10.19444490969181,96,True,False,True,True,798.0,96,0.052741004581916356,0.003145276801660657,10000
587,37,14,7355,rule,-10.222056970000267,118,True,False,True,True,896.0,118,0.052477299559006776,0.008615437895059586,10000
588,38,14,7368,rule,-0.14676451683044434,120,True,True,False,False,660.0,120,0.052214913061211746,0.003977012820541859,10000
589,39,14,6168,rule,-10.204518973827362,87,True,False,True,True,869.0,87,0.05195383849590569,0.0016053838189691305,10000
590,40,14,5988,rule,-10.217787638306618,116,True,False,True,True,884.0,116,0.05169406930342616,0.0041315010748803616,10000
591,41,14,7183,rule,-10.221313044428825,118,True,False,True,True,893.0,118,0.05143559895690903,0.001144962152466178,10000
592,42,14,5215,rule,-10.195415988564491,114,True,False,True,True,827.0,114,0.051178420962124486,0.004284845665097237,10000
593,43,14,5648,rule,-10.199857413768768,107,True,False,True,True,842.0,107,0.05092252885731386,0.0011133054504171014,10000
594,44,14,7383,rule,-0.16787298023700714,120,True,True,False,False,719.0,120,0.05066791621302729,0.002653449308127165,10000
595,45,14,6275,rule,-0.172830730676651,120,True,True,False,False,729.0,120,0.05041457663196215,0.0010457595344632864,10000
596,46,14,7458,rule,-0.18177303671836853,120,True,True,False,False,732.0,120,0.050162503748802344,0.0013037372846156359,10000
597,47,14,6008,rule,-0.1741379350423813,120,True,True,False,False,707.0,120,0.05,0.003709174692630768,10000
598,48,14,5248,rule,-0.17769193649291992,120,True,True,False,False,736.0,120,0.05,0.0017987138126045465,10000
599,49,14,7195,rule,-10.206054672598839,116,True,False,True,True,878.0,116,0.05,0.0018654605373740196,10000
600,0,14,5758,rule,-0.19685746729373932,120,True,True,False,False,877.0,120,0.05,0.001655422616750002,10000
601,1,14,5683,rule,-10.208363071084023,108,True,False,True,True,877.0,108,0.05,0.0029871754813939333,10000
602,2,14,5808,rule,-10.149528756737709,115,True,False,True,True,634.0,115,0.05,0.09989044815301895,10000
603,3,14,7038,rule,-10.145214155316353,112,True,False,True,True,581.0,112,0.05,0.003592375200241804,10000
604,4,14,5938,rule,-0.1868709921836853,120,True,True,False,False,817.0,120,0.05,0.003019027877599001,10000
605,5,14,7000,rule,-0.15061253309249878,120,True,True,False,False,627.0,120,0.05,0.004714419133961201,10000
606,6,14,5043,rule,-10.088883981108665,61,True,False,True,True,371.0,61,0.05,0.00494645070284605,10000
607,7,14,7220,rule,-0.1342925727367401,120,True,True,False,False,560.0,120,0.05,0.005452074110507965,10000
608,8,14,6708,rule,-0.1888265460729599,120,True,True,False,False,774.0,120,0.05,0.004629257135093212,10000
609,9,14,4828,rule,-10.159538805484772,97,True,False,True,True,664.0,97,0.05,0.0068632569164037704,10000
610,10,14,7788,rule,-10.191356778144836,76,True,False,True,True,797.0,76,0.05,0.0032517407089471817,10000
611,11,14,5610,rule,-10.088930457830429,54,True,False,True,True,380.0,54,0.05,0.0013165692798793316,10000
612,12,14,5300,rule,-0.18889150023460388,120,True,True,False,False,806.0,120,0.05,0.0014675246784463525,10000
613,13,14,5618,rule,-10.206279069185257,67,True,False,True,True,841.0,67,0.05,0.0012281686067581177,10000
614,14,14,6778,rule,-10.189946919679642,108,True,False,True,True,820.0,108,0.05,0.08033199608325958,10000
615,15,14,7063,rule,-10.190563067793846,112,True,False,True,True,832.0,112,0.05,0.06842165440320969,10000
616,16,14,7110,rule,-10.218567684292793,98,True,False,True,True,897.0,98,0.05,0.005418173037469387,10000
617,17,14,6668,rule,-0.17003287374973297,120,True,True,False,False,724.0,120,0.05,0.001330940518528223,10000
618,18,14,6963,rule,-10.208294168114662,111,True,False,True,True,894.0,111,0.05,0.008514761924743652,10000
619,19,14,5978,rule,-10.194805592298508,89,True,False,True,True,795.0,89,0.05,0.0017252006800845265,10000
620,20,14,7295,rule,-10.214928656816483,110,True,False,True,True,884.0,110,0.05,0.0028758421540260315,10000
621,21,14,6170,rule,-10.183759361505508,111,True,False,True,True,783.0,111,0.05,0.004789699800312519,10000
622,22,14,6700,rule,-10.192739248275757,116,True,False,True,True,791.0,116,0.05,0.002003656467422843,10000
623,23,14,6870,rule,-10.20828478038311,119,True,False,True,True,890.0,119,0.05,0.0016391228418797255,10000
624,24,14,6218,rule,-0.17663420736789703,120,True,True,False,False,762.0,120,0.05,0.003489071037620306,10000
625,25,14,5945,rule,-0.17938388884067535,120,True,True,False,False,757.0,120,0.05,0.0024052381049841642,10000
626,26,14,7348,rule,-10.21280625462532,99,True,False,True,True,894.0,99,0.05,0.03924519568681717,10000
627,27,14,5093,rule,-10.172984346747398,93,True,False,True,True,721.0,93,0.05,0.0017550454940646887,10000
628,28,14,7463,rule,-0.14531728625297546,120,True,True,False,False,616.0,120,0.05,0.03334885463118553,10000
629,29,14,5658,rule,-10.196816951036453,97,True,False,True,True,841.0,97,0.05,0.0024766449350863695,10000
630,30,14,6678,rule,-10.184065714478493,76,True,False,True,True,804.0,76,0.05,0.0013812597608193755,10000
631,31,14,6200,rule,-10.210216462612152,89,True,False,True,True,893.0,89,0.05,0.0011564805172383785,10000
632,32,14,7530,rule,-0.15945756435394287,120,True,True,False,False,682.0,120,0.05,0.0016583065735176206,10000
633,33,14,6363,rule,-10.094789281487465,62,True,False,True,True,402.0,62,0.05,0.031187528744339943,10000
634,34,14,7608,rule,-0.16695870459079742,120,True,True,False,False,667.0,120,0.05,0.0014220613520592451,10000
635,35,14,5978,rule,-10.171611532568932,119,True,False,True,True,723.0,119,0.05,0.0010596991050988436,10000
636,36,14,7130,rule,-10.202972695231438,91,True,False,True,True,833.0,91,0.05,0.0012843372533097863,10000
637,37,14,7355,rule,-0.2213135063648224,120,True,True,False,False,893.0,120,0.05,0.003608502447605133,10000
638,38,14,7368,rule,-0.13853679597377777,120,True,True,False,False,623.0,120,0.05,0.05988307297229767,10000
639,39,14,6168,rule,-10.20781397819519,85,True,False,True,True,883.0,85,0.05,0.0020955130457878113,10000
640,40,14,5988,rule,-0.2158167064189911,120,True,True,False,False,876.0,120,0.05,0.0013905580854043365,10000
641,41,14,7183,rule,-0.21462205052375793,120,True,True,False,False,866.0,120,0.05,0.0015215387102216482,10000
642,42,14,5215,rule,-10.19352562725544,115,True,False,True,True,819.0,115,0.05,0.006265097297728062,10000
643,43,14,5648,rule,-10.193923860788345,112,True,False,True,True,817.0,112,0.05,0.0034201887901872396,10000
644,44,14,7383,rule,-0.1384543478488922,120,True,True,False,False,593.0,120,0.05,0.00163492769934237,10000
645,45,14,6275,rule,-0.17377904057502747,120,True,True,False,False,733.0,120,0.05,0.0025779656134545803,10000
646,46,14,7458,rule,-0.19195431470870972,120,True,True,False,False,773.0,120,0.05,0.0038806432858109474,10000
647,47,14,6008,rule,-0.15763546526432037,120,True,True,False,False,640.0,120,0.05,0.005148906726390123,10000
648,48,14,5248,rule,-0.1747947782278061,120,True,True,False,False,724.0,120,0.05,0.0020023363176733255,10000
649,49,14,7195,rule,-10.179300308227539,116,True,False,True,True,764.0,116,0.05,0.0039995633997023106,10000
650,0,14,5758,rule,-10.201346546411514,119,True,False,True,True,897.0,119,0.05,0.0011624793987721205,10000
651,1,14,5683,rule,-10.207412853837013,118,True,False,True,True,873.0,118,0.05,0.0017245701747015119,10000
652,2,14,5808,rule,-10.151178985834122,115,True,False,True,True,641.0,115,0.05,0.002831011777743697,10000
653,3,14,7038,rule,-10.14196427166462,114,True,False,True,True,568.0,114,0.05,0.0010007733944803476,10000
654,4,14,5938,rule,-0.19030192494392395,120,True,True,False,False,832.0,120,0.05,0.11102400720119476,10000
655,5,14,7000,rule,-0.14797021448612213,120,True,True,False,False,616.0,120,0.05,0.005776986479759216,10000
656,6,14,5043,rule,-10.15428863465786,61,True,False,True,True,644.0,61,0.05,0.0032977480441331863,10000
657,7,14,7220,rule,-0.15419664978981018,120,True,True,False,False,643.0,120,0.05,0.0016425258945673704,10000
658,8,14,6708,rule,-0.192485973238945,120,True,True,False,False,789.0,120,0.05,0.003058565780520439,10000
659,9,14,4828,rule,-10.166025534272194,96,True,False,True,True,691.0,96,0.05,0.003349903505295515,10000
660,10,14,7788,rule,-10.212244749069214,76,True,False,True,True,884.0,76,0.05,0.002758622635155916,10000
661,11,14,5610,rule,-10.066697530448437,51,True,False,True,True,285.0,51,0.05,0.0020705871284008026,10000
662,12,14,5300,rule,-10.210217878222466,117,True,False,True,True,897.0,117,0.05,0.0013891947455704212,10000
663,13,14,5618,rule,-10.20701488852501,67,True,False,True,True,844.0,67,0.05,0.01101487036794424,10000
664,14,14,6778,rule,-10.178828090429306,110,True,False,True,True,772.0,110,0.05,0.002565957373008132,10000
665,15,14,7063,rule,-10.20109935104847,110,True,False,True,True,878.0,110,0.05,0.00566631555557251,10000
666,16,14,7110,rule,-10.219054564833641,93,True,False,True,True,899.0,93,0.05,0.004061701707541943,10000
667,17,14,6668,rule,-0.17332081496715546,120,True,True,False,False,738.0,120,0.05,0.05658271163702011,10000
668,18,14,6963,rule,-10.204333201050758,98,True,False,True,True,877.0,98,0.05,0.003629276528954506,10000
669,19,14,5978,rule,-10.19529527425766,76,True,False,True,True,797.0,76,0.05,0.0038573364727199078,10000
670,20,14,7295,rule,-10.217115998268127,112,True,False,True,True,893.0,112,0.05,0.0709090605378151,10000
671,21,14,6170,rule,-10.187749490141869,114,True,False,True,True,800.0,114,0.05,0.0036943235900253057,10000
672,22,14,6700,rule,-10.192982912063599,118,True,False,True,True,792.0,118,0.05,0.003981033805757761,10000
673,23,14,6870,rule,-0.21015679836273193,120,True,True,False,False,898.0,120,0.05,0.000930560752749443,10000
674,24,14,6218,rule,-0.1817338913679123,120,True,True,False,False,784.0,120,0.05,0.002501108916476369,10000
675,25,14,5945,rule,-0.17890995740890503,120,True,True,False,False,755.0,120,0.05,0.002183235716074705,10000
676,26,14,7348,rule,-10.213520154356956,98,True,False,True,True,897.0,98,0.05,0.002805517753586173,10000
677,27,14,5093,rule,-10.155950099229813,93,True,False,True,True,650.0,93,0.05,0.0019074855372309685,10000
678,28,14,7463,rule,-0.1618306189775467,120,True,True,False,False,686.0,120,0.05,0.011132550425827503,10000
679,29,14,5658,rule,-10.201030015945435,108,True,False,True,True,859.0,108,0.05,0.001423969166353345,10000
680,30,14,6678,rule,-10.182234719395638,73,True,False,True,True,796.0,73,0.05,0.0015856127720326185,10000
681,31,14,6200,rule,-10.210922554135323,87,True,False,True,True,896.0,87,0.05,0.03919421136379242,10000
682,32,14,7530,rule,-0.14449380338191986,120,True,True,False,False,618.0,120,0.05,0.004948321729898453,10000
683,33,14,6363,rule,-10.094553485512733,62,True,False,True,True,401.0,62,0.05,0.0010079082567244768,10000
684,34,14,7608,rule,-0.13892365992069244,120,True,True,False,False,555.0,120,0.05,0.0014476249925792217,10000
685,35,14,5978,rule,-10.21053908765316,90,True,False,True,True,887.0,90,0.05,0.0018007326871156693,10000
686,36,14,7130,rule,-10.200292378664017,97,True,False,True,True,822.0,97,0.05,0.0029349871911108494,10000
687,37,14,7355,rule,-0.21982651948928833,120,True,True,False,False,887.0,120,0.05,0.009797859936952591,10000
688,38,14,7368,rule,-0.17522792518138885,120,True,True,False,False,788.0,120,0.05,0.00256712781265378,10000
689,39,14,6168,rule,-10.210402458906174,87,True,False,True,True,894.0,87,0.05,0.00580920185893774,10000
690,40,14,5988,rule,-0.21680216491222382,120,True,True,False,False,880.0,120,0.05,0.001733953831717372,10000
691,41,14,7183,rule,-0.20743493735790253,120,True,True,False,False,837.0,120,0.05,0.0050323521718382835,10000
692,42,14,5215,rule,-10.21219253540039,104,True,False,True,True,898.0,104,0.05,0.0025105001404881477,10000
693,43,14,5648,rule,-10.187752202153206,112,True,False,True,True,791.0,112,0.05,0.00254228338599205,10000
694,44,14,7383,rule,-0.14195656776428223,120,True,True,False,False,608.0,120,0.05,0.0021511889062821865,10000
695,45,14,6275,rule,-10.210526525974274,99,True,False,True,True,888.0,99,0.05,0.0026921341195702553,10000
696,46,14,7458,rule,-0.2187732756137848,120,True,True,False,False,881.0,120,0.05,0.003934304229915142,10000
697,47,14,6008,rule,-0.21527093648910522,120,True,True,False,False,874.0,120,0.05,0.005695987492799759,10000
698,48,14,5248,rule,-0.1726219207048416,120,True,True,False,False,715.0,120,0.05,0.0020962320268154144,10000
699,49,14,7195,rule,-10.184463292360306,116,True,False,True,True,786.0,116,0.05,0.004612552933394909,10000
700,0,14,5758,rule,-10.198428764939308,115,True,False,True,True,884.0,115,0.05,0.002220828551799059,10000
701,1,14,5683,rule,-10.211689040064812,118,True,False,True,True,891.0,118,0.05,0.006531698629260063,10000
702,2,14,5808,rule,-10.150000244379044,116,True,False,True,True,636.0,116,0.05,0.10485175251960754,10000
703,3,14,7038,rule,-10.144213527441025,114,True,False,True,True,577.0,114,0.05,0.0026779070030897856,10000
704,4,14,5938,rule,-0.19098810851573944,120,True,True,False,False,835.0,120,0.05,0.002142589073628187,10000
705,5,14,7000,rule,-10.188565865159035,118,True,False,True,True,785.0,118,0.05,0.00176519644446671,10000
706,6,14,5043,rule,-10.15596579015255,59,True,False,True,True,651.0,59,0.05,0.001036547590047121,10000
707,7,14,7220,rule,-0.13764987885951996,120,True,True,False,False,574.0,120,0.05,0.011827963404357433,10000
708,8,14,6708,rule,-0.19053427875041962,120,True,True,False,False,781.0,120,0.05,0.0013878291938453913,10000
709,9,14,4828,rule,-10.15257115662098,95,True,False,True,True,635.0,95,0.05,0.0017204596661031246,10000
710,10,14,7788,rule,-10.212004660628736,77,True,False,True,True,883.0,77,0.05,0.004408135078847408,10000
711,11,14,5610,rule,-10.092207044363022,54,True,False,True,True,394.0,54,0.05,0.0013039003824815154,10000
712,12,14,5300,rule,-0.18115772306919098,120,True,True,False,False,773.0,120,0.05,0.003176820930093527,10000
713,13,14,5618,rule,-10.2045618891716,67,True,False,True,True,834.0,67,0.05,0.0011273883283138275,10000
714,14,14,6778,rule,-10.183229088783264,111,True,False,True,True,791.0,111,0.05,0.0018873615190386772,10000
715,15,14,7063,rule,-10.175904646515846,111,True,False,True,True,768.0,111,0.05,0.00091123505262658,10000
716,16,14,7110,rule,-10.215886920690536,99,True,False,True,True,886.0,99,0.05,0.0018719359068199992,10000
717,17,14,6668,rule,-0.1662752479314804,120,True,True,False,False,708.0,120,0.05,0.0037739123217761517,10000
718,18,14,6963,rule,-10.202702701091766,109,True,False,True,True,870.0,109,0.05,0.0054220156744122505,10000
719,19,14,5978,rule,-10.19456060230732,89,True,False,True,True,794.0,89,0.05,0.00612686388194561,10000
720,20,14,7295,rule,-10.215657979249954,111,True,False,True,True,887.0,111,0.05,0.001668012933805585,10000
721,21,14,6170,rule,-10.18493278324604,111,True,False,True,True,788.0,111,0.05,0.006064463406801224,10000
722,22,14,6700,rule,-10.187378168106079,117,True,False,True,True,769.0,117,0.05,0.0016674393555149436,10000
723,23,14,6870,rule,-0.20688040554523468,120,True,True,False,False,884.0,120,0.05,0.0017113504000008106,10000
724,24,14,6218,rule,-0.1817338913679123,120,True,True,False,False,784.0,120,0.05,0.0029784704092890024,10000
725,25,14,5945,rule,-0.1791469156742096,120,True,True,False,False,756.0,120,0.05,0.001060407143086195,10000
726,26,14,7348,rule,-10.212568193674088,99,True,False,True,True,893.0,99,0.05,0.0023243555333465338,10000
727,27,14,5093,rule,-10.16866621375084,91,True,False,True,True,703.0,91,0.05,0.0033059455454349518,10000
728,28,14,7463,rule,-0.14484548568725586,120,True,True,False,False,614.0,120,0.05,0.024547968059778214,10000
729,29,14,5658,rule,-10.201264053583145,95,True,False,True,True,860.0,95,0.05,0.0016033581923693419,10000
730,30,14,6678,rule,-10.19230803847313,72,True,False,True,True,840.0,72,0.05,0.0012476297561079264,10000
731,31,14,6200,rule,-10.210687160491943,86,True,False,True,True,895.0,86,0.05,0.0030243638902902603,10000
732,32,14,7530,rule,-0.14823473989963531,120,True,True,False,False,634.0,120,0.05,0.0035367505624890327,10000
733,33,14,6363,rule,-10.086536467075348,61,True,False,True,True,367.0,61,0.05,0.003654396627098322,10000
734,34,14,7608,rule,-0.14042553305625916,120,True,True,False,False,561.0,120,0.05,0.0015849706251174212,10000
735,35,14,5978,rule,-10.160218223929405,117,True,False,True,True,675.0,117,0.05,0.017542468383908272,10000
736,36,14,7130,rule,-10.194688558578491,94,True,False,True,True,799.0,94,0.05,0.06331013888120651,10000
737,37,14,7355,rule,-10.221065282821655,118,True,False,True,True,892.0,118,0.05,0.003712696023285389,10000
738,38,14,7368,rule,-0.14009340107440948,120,True,True,False,False,630.0,120,0.05,0.001112614176236093,10000
739,39,14,6168,rule,-10.205460101366043,84,True,False,True,True,873.0,84,0.05,0.0019625446293503046,10000
740,40,14,5988,rule,-10.220744341611862,117,True,False,True,True,896.0,117,0.05,0.0017375696916133165,10000
741,41,14,7183,rule,-0.2118959128856659,120,True,True,False,False,855.0,120,0.05,0.0019307504408061504,10000
742,42,14,5215,rule,-10.201323360204697,114,True,False,True,True,852.0,114,0.05,0.004622528329491615,10000
743,43,14,5648,rule,-10.198433458805084,108,True,False,True,True,836.0,108,0.05,0.001848842017352581,10000
744,44,14,7383,rule,-0.1613355129957199,120,True,True,False,False,691.0,120,0.05,0.0023136460222303867,10000
745,45,14,6275,rule,-0.17306780815124512,120,True,True,False,False,730.0,120,0.05,0.0015260055661201477,10000
746,46,14,7458,rule,-0.1802830845117569,120,True,True,False,False,726.0,120,0.05,0.0011630395893007517,10000
747,47,14,6008,rule,-0.16182266175746918,120,True,True,False,False,657.0,120,0.05,0.00957349594682455,10000
748,48,14,5248,rule,-0.17141477763652802,120,True,True,False,False,710.0,120,0.05,0.0038578782696276903,10000
749,49,14,7195,rule,-10.208167344331741,111,True,False,True,True,887.0,111,0.05,0.0012444889871403575,10000
750,0,14,5758,rule,-10.200673148036003,115,True,False,True,True,894.0,115,0.05,0.001390965306200087,10000
751,1,14,5683,rule,-10.208125486969948,119,True,False,True,True,876.0,119,0.05,0.002909715287387371,10000
752,2,14,5808,rule,-10.15259413421154,113,True,False,True,True,647.0,113,0.05,0.0017534412909299135,10000
753,3,14,7038,rule,-10.17970521748066,105,True,False,True,True,719.0,105,0.05,0.0015189583646133542,10000
754,4,14,5938,rule,-0.1930466592311859,120,True,True,False,False,844.0,120,0.05,0.0022974899038672447,10000
755,5,14,7000,rule,-0.1498918980360031,120,True,True,False,False,624.0,120,0.05,0.0011690520914271474,10000
756,6,14,5043,rule,-10.086008243262768,59,True,False,True,True,359.0,59,0.05,0.002699405886232853,10000
757,7,14,7220,rule,-0.132374107837677,120,True,True,False,False,552.0,120,0.05,0.025997543707489967,10000
758,8,14,6708,rule,-0.19614540040493011,120,True,True,False,False,804.0,120,0.05,0.0008495166548527777,10000
759,9,14,4828,rule,-10.172753065824509,97,True,False,True,True,719.0,97,0.05,0.001287054386921227,10000
760,10,14,7788,rule,-10.197598665952682,75,True,False,True,True,823.0,75,0.05,0.0010264116572216153,10000
761,11,14,5610,rule,-10.091036528348923,51,True,False,True,True,389.0,51,0.05,0.00225105625577271,10000
762,12,14,5300,rule,-0.18514178693294525,120,True,True,False,False,790.0,120,0.05,0.0008425824344158173,10000
763,13,14,5618,rule,-10.199901685118675,65,True,False,True,True,815.0,65,0.05,0.001483512343838811,10000
764,14,14,6778,rule,-10.19064150750637,111,True,False,True,True,823.0,111,0.05,0.0019313825760036707,10000
765,15,14,7063,rule,-10.177737057209015,113,True,False,True,True,776.0,113,0.05,0.0019724201411008835,10000
766,16,14,7110,rule,-10.21808035671711,98,True,False,True,True,895.0,98,0.05,0.0011303741484880447,10000
767,17,14,6668,rule,-0.19046500325202942,120,True,True,False,False,811.0,120,0.05,0.006564094219356775,10000
768,18,14,6963,rule,-10.207129076123238,104,True,False,True,True,889.0,104,0.05,0.0018484529573470354,10000
769,19,14,5978,rule,-10.196030780673027,91,True,False,True,True,800.0,91,0.05,0.001334381871856749,10000
770,20,14,7295,rule,-10.215171709656715,111,True,False,True,True,885.0,111,0.05,0.0023246672935783863,10000
771,21,14,6170,rule,-10.18774926662445,112,True,False,True,True,800.0,112,0.05,0.004034244455397129,10000
772,22,14,6700,rule,-10.187865495681763,117,True,False,True,True,771.0,117,0.05,0.0078064934350550175,10000
773,23,14,6870,rule,-0.20617832243442535,120,True,True,False,False,881.0,120,0.05,0.008108388632535934,10000
774,24,14,6218,rule,-0.20584145188331604,120,True,True,False,False,888.0,120,0.05,0.0312751866877079,10000
775,25,14,5945,rule,-0.1902843564748764,120,True,True,False,False,803.0,120,0.05,0.0017487325239926577,10000
776,26,14,7348,rule,-10.21018761396408,98,True,False,True,True,883.0,98,0.05,0.0033511521760374308,10000
777,27,14,5093,rule,-10.15451055765152,92,True,False,True,True,644.0,92,0.05,0.0024202794302254915,10000
778,28,14,7463,rule,-0.18518517911434174,120,True,True,False,False,785.0,120,0.05,0.03439163789153099,10000
779,29,14,5658,rule,-10.209689050912857,104,True,False,True,True,896.0,104,0.05,0.0010352240642532706,10000
780,30,14,6678,rule,-10.182005271315575,71,True,False,True,True,795.0,71,0.05,0.0022580642253160477,10000
781,31,14,6200,rule,-10.20856836438179,89,True,False,True,True,886.0,89,0.05,0.002315211109817028,10000
782,32,14,7530,rule,-0.13210193812847137,120,True,True,False,False,565.0,120,0.05,0.007768373936414719,10000
783,33,14,6363,rule,-10.09290225803852,61,True,False,True,True,394.0,61,0.05,0.0031951945275068283,10000
784,34,14,7608,rule,-0.1469336599111557,120,True,True,False,False,587.0,120,0.05,0.001278551178984344,10000
785,35,14,5978,rule,-10.148350343108177,119,True,False,True,True,625.0,119,0.05,0.017514517530798912,10000
786,36,14,7130,rule,-10.198587194085121,98,True,False,True,True,815.0,98,0.05,0.0016705929301679134,10000
787,37,14,7355,rule,-10.219083487987518,119,True,False,True,True,884.0,119,0.05,0.004376611206680536,10000
788,38,14,7368,rule,-0.1434289515018463,120,True,True,False,False,645.0,120,0.05,0.0022744187153875828,10000
789,39,14,6168,rule,-10.210166737437248,82,True,False,True,True,893.0,82,0.05,0.002642358187586069,10000
790,40,14,5988,rule,-10.211874842643738,118,True,False,True,True,860.0,118,0.05,0.0031584121752530336,10000
791,41,14,7183,rule,-10.218091920018196,118,True,False,True,True,880.0,118,0.05,0.010216783732175827,10000
792,42,14,5215,rule,-10.198015227913857,114,True,False,True,True,838.0,114,0.05,0.0032492675818502903,10000
793,43,14,5648,rule,-10.193686306476593,111,True,False,True,True,816.0,111,0.05,0.0019266202580183744,10000
794,44,14,7383,rule,-0.14826056361198425,120,True,True,False,False,635.0,120,0.05,0.001511246431618929,10000
795,45,14,6275,rule,-0.1742531955242157,120,True,True,False,False,735.0,120,0.05,0.0009731517639011145,10000
796,46,14,7458,rule,-10.220760092139244,117,True,False,True,True,889.0,117,0.05,0.004531416110694408,10000
797,47,14,6008,rule,-0.16133004426956177,120,True,True,False,False,655.0,120,0.05,0.0015411992790177464,10000
798,48,14,5248,rule,-0.17141477763652802,120,True,True,False,False,710.0,120,0.05,0.002534683095291257,10000
799,49,14,7195,rule,-10.207228109240532,114,True,False,True,True,883.0,114,0.05,0.0025887289084494114,10000
800,0,14,5758,rule,-0.20134679973125458,120,True,True,False,False,897.0,120,0.05,0.002057152334600687,10000
801,1,14,5683,rule,-10.205036863684654,115,True,False,True,True,863.0,115,0.05,0.0013228845782577991,10000
802,2,14,5808,rule,-10.150943472981453,116,True,False,True,True,640.0,116,0.05,0.00177211151458323,10000
803,3,14,7038,rule,-10.153461635112762,104,True,False,True,True,614.0,104,0.05,0.0018932475941255689,10000
804,4,14,5938,rule,-10.20379689335823,92,True,False,True,True,891.0,92,0.05,0.0021980642341077328,10000
805,5,14,7000,rule,-0.1585395187139511,120,True,True,False,False,660.0,120,0.05,0.0031119214836508036,10000
806,6,14,5043,rule,-10.144944816827774,62,True,False,True,True,605.0,62,0.05,0.005327898543328047,10000
807,7,14,7220,rule,-0.13573141396045685,120,True,True,False,False,566.0,120,0.05,0.0019628398586064577,10000
808,8,14,6708,rule,-0.19102220237255096,120,True,True,False,False,783.0,120,0.05,0.001085462048649788,10000
809,9,14,4828,rule,-10.154733702540398,96,True,False,True,True,644.0,96,0.05,0.0007454828592017293,10000
810,10,14,7788,rule,-10.188235640525818,74,True,False,True,True,784.0,74,0.05,0.0012066055787727237,10000
811,11,14,5610,rule,-10.09431329369545,54,True,False,True,True,403.0,54,0.05,0.00375683163292706,10000
812,12,14,5300,rule,-10.210217848420143,118,True,False,True,True,897.0,118,0.05,0.0012005565222352743,10000
813,13,14,5618,rule,-10.203335583209991,65,True,False,True,True,829.0,65,0.05,0.029436226934194565,10000
814,14,14,6778,rule,-10.182997852563858,110,True,False,True,True,790.0,110,0.05,0.00200782367028296,10000
815,15,14,7063,rule,-10.18758599460125,107,True,False,True,True,819.0,107,0.05,0.003476989222690463,10000
816,16,14,7110,rule,-10.21637474000454,93,True,False,True,True,888.0,93,0.05,0.0014413727913051844,10000
817,17,14,6668,rule,-0.18318459391593933,120,True,True,False,False,780.0,120,0.05,0.0014690106036141515,10000
818,18,14,6963,rule,-10.207595095038414,111,True,False,True,True,891.0,111,0.05,0.003717913292348385,10000
819,19,14,5978,rule,-10.194070249795914,86,True,False,True,True,792.0,86,0.05,0.0036100968718528748,10000
820,20,14,7295,rule,-10.212254032492638,101,True,False,True,True,873.0,101,0.05,0.0034727046731859446,10000
821,21,14,6170,rule,-10.183290183544159,112,True,False,True,True,781.0,112,0.05,0.0019122208468616009,10000
822,22,14,6700,rule,-10.190546244382858,117,True,False,True,True,782.0,117,0.05,0.006309309974312782,10000
823,23,14,6870,rule,-0.20805054903030396,120,True,True,False,False,889.0,120,0.05,0.0014610871439799666,10000
824,24,14,6218,rule,-0.19077421724796295,120,True,True,False,False,823.0,120,0.05,0.0011481632245704532,10000
825,25,14,5945,rule,-0.1784360259771347,120,True,True,False,False,753.0,120,0.05,0.0059336405247449875,10000
826,26,14,7348,rule,-10.210426419973373,99,True,False,True,True,884.0,99,0.05,0.004530625883489847,10000
827,27,14,5093,rule,-10.155950203537941,91,True,False,True,True,650.0,91,0.05,0.004590566270053387,10000
828,28,14,7463,rule,-0.1627742350101471,120,True,True,False,False,690.0,120,0.05,0.00473695807158947,10000
829,29,14,5658,rule,-10.204306542873383,104,True,False,True,True,873.0,104,0.05,0.0012742300750687718,10000
830,30,14,6678,rule,-10.182234272360802,74,True,False,True,True,796.0,74,0.05,0.002438885858282447,10000
831,31,14,6200,rule,-10.20762711763382,88,True,False,True,True,882.0,88,0.05,0.0019136785995215178,10000
832,32,14,7530,rule,-0.12391863763332367,120,True,True,False,False,530.0,120,0.05,0.002123395912349224,10000
833,33,14,6363,rule,-10.141711473464966,56,True,False,True,True,601.0,56,0.05,0.0031363703310489655,10000
834,34,14,7608,rule,-0.1459324210882187,120,True,True,False,False,583.0,120,0.05,0.0029117222875356674,10000
835,35,14,5978,rule,-10.150724232196808,119,True,False,True,True,635.0,119,0.05,0.0011178534477949142,10000
836,36,14,7130,rule,-10.19054627418518,99,True,False,True,True,782.0,99,0.05,0.001983383670449257,10000
837,37,14,7355,rule,-10.211896061897278,118,True,False,True,True,855.0,118,0.05,0.0013280031271278858,10000
838,38,14,7368,rule,-0.13942629098892212,120,True,True,False,False,627.0,120,0.05,0.002880035899579525,10000
839,39,14,6168,rule,-10.211578845977783,87,True,False,True,True,899.0,87,0.05,0.004541505593806505,10000
840,40,14,5988,rule,-0.220990389585495,120,True,True,False,False,897.0,120,0.05,0.0015989411622285843,10000
841,41,14,7183,rule,-0.2096654325723648,120,True,True,False,False,846.0,120,0.05,0.0013146110577508807,10000
842,42,14,5215,rule,-10.196124866604805,114,True,False,True,True,830.0,114,0.05,0.002370524685829878,10000
843,43,14,5648,rule,-10.198670715093613,113,True,False,True,True,837.0,113,0.05,0.0028797569684684277,10000
844,44,14,7383,rule,-0.1393882781267166,120,True,True,False,False,597.0,120,0.05,0.0012717247009277344,10000
845,45,14,6275,rule,-0.17235656082630157,120,True,True,False,False,727.0,120,0.05,0.0038187799509614706,10000
846,46,14,7458,rule,-0.17829649150371552,120,True,True,False,False,718.0,120,0.05,0.0028438190929591656,10000
847,47,14,6008,rule,-0.16551724076271057,120,True,True,False,False,672.0,120,0.05,0.0009223092347383499,10000
848,48,14,5248,rule,-10.192660585045815,117,True,False,True,True,798.0,117,0.05,0.0014800007920712233,10000
849,49,14,7195,rule,-10.19009618461132,115,True,False,True,True,810.0,115,0.05,0.002690244000405073,10000
850,0,14,5758,rule,-0.19416385889053345,120,True,True,False,False,865.0,120,0.05,0.0027348692528903484,10000
851,1,14,5683,rule,-10.210976645350456,117,True,False,True,True,888.0,117,0.05,0.0023433223832398653,10000
852,2,14,5808,rule,-10.159434333443642,116,True,False,True,True,676.0,116,0.05,0.0010755809489637613,10000
853,3,14,7038,rule,-10.149462968111038,106,True,False,True,True,598.0,106,0.05,0.0025790855288505554,10000
854,4,14,5938,rule,-0.19167429208755493,120,True,True,False,False,838.0,120,0.05,0.02153022028505802,10000
855,5,14,7000,rule,-0.14821042120456696,120,True,True,False,False,617.0,120,0.05,0.002000459935516119,10000
856,6,14,5043,rule,-10.091758221387863,62,True,False,True,True,383.0,62,0.05,0.0018425704911351204,10000
857,7,14,7220,rule,-0.13357314467430115,120,True,True,False,False,557.0,120,0.05,0.0014018377987667918,10000
858,8,14,6708,rule,-0.19565747678279877,120,True,True,False,False,802.0,120,0.05,0.0016168898437172174,10000
859,9,14,4828,rule,-10.169389694929123,98,True,False,True,True,705.0,98,0.05,0.0012159638572484255,10000
860,10,14,7788,rule,-10.191596642136574,75,True,False,True,True,798.0,75,0.05,0.0030983304604887962,10000
861,11,14,5610,rule,-10.089398868381977,54,True,False,True,True,382.0,54,0.05,0.004759124480187893,10000
862,12,14,5300,rule,-0.17881415784358978,120,True,True,False,False,763.0,120,0.05,0.0017511959886178374,10000
863,13,14,5618,rule,-10.208976984024048,65,True,False,True,True,852.0,65,0.05,0.0014275319408625364,10000
864,14,14,6778,rule,-10.182534575462341,111,True,False,True,True,788.0,111,0.05,0.05022438243031502,10000
865,15,14,7063,rule,-10.184836998581886,111,True,False,True,True,807.0,111,0.05,0.0017572669312357903,10000
866,16,14,7110,rule,-10.219054564833641,98,True,False,True,True,899.0,98,0.05,0.0008071371121332049,10000
867,17,14,6668,rule,-0.17613902688026428,120,True,True,False,False,750.0,120,0.05,0.018215792253613472,10000
868,18,14,6963,rule,-10.203867182135582,109,True,False,True,True,875.0,109,0.05,0.0019858211744576693,10000
869,19,14,5978,rule,-10.21342819929123,89,True,False,True,True,871.0,89,0.05,0.001714217127300799,10000
870,20,14,7295,rule,-10.217115998268127,108,True,False,True,True,893.0,108,0.05,0.0016794336261227727,10000
871,21,14,6170,rule,-10.187280029058456,114,True,False,True,True,798.0,114,0.05,0.09307881444692612,10000
872,22,14,6700,rule,-10.18932792544365,112,True,False,True,True,777.0,112,0.05,0.0057350024580955505,10000
873,23,14,6870,rule,-0.2094547152519226,120,True,True,False,False,895.0,120,0.05,0.0018785751890391111,10000
874,24,14,6218,rule,-0.17686602473258972,120,True,True,False,False,763.0,120,0.05,0.001468905247747898,10000
875,25,14,5945,rule,-0.18009479343891144,120,True,True,False,False,760.0,120,0.05,0.001423979178071022,10000
876,26,14,7348,rule,-10.211616039276123,99,True,False,True,True,889.0,99,0.05,0.0019073447911068797,10000
877,27,14,5093,rule,-10.167226687073708,92,True,False,True,True,697.0,92,0.05,0.0010445461375638843,10000
878,28,14,7463,rule,-10.208303391933441,119,True,False,True,True,883.0,119,0.05,0.0018360947724431753,10000
879,29,14,5658,rule,-10.19190289080143,95,True,False,True,True,820.0,95,0.05,0.004009419120848179,10000
880,30,14,6678,rule,-10.182234048843384,74,True,False,True,True,796.0,74,0.05,0.003283801954239607,10000
881,31,14,6200,rule,-10.206214532256126,86,True,False,True,True,876.0,86,0.05,0.006451825611293316,10000
882,32,14,7530,rule,-0.14332476258277893,120,True,True,False,False,613.0,120,0.05,0.005313304252922535,10000
883,33,14,6363,rule,-10.093609534204006,62,True,False,True,True,397.0,62,0.05,0.0016671051271259785,10000
884,34,14,7608,rule,-0.1489361673593521,120,True,True,False,False,595.0,120,0.05,0.0026206732727587223,10000
885,35,14,5978,rule,-10.159743174910545,119,True,False,True,True,673.0,119,0.05,0.001920144772157073,10000
886,36,14,7130,rule,-10.203947827219963,100,True,False,True,True,837.0,100,0.05,0.004867282696068287,10000
887,37,14,7355,rule,-10.216108649969101,118,True,False,True,True,872.0,118,0.05,0.00489992368966341,10000
888,38,14,7368,rule,-0.13875916600227356,120,True,True,False,False,624.0,120,0.05,0.001201352453790605,10000
889,39,14,6168,rule,-10.203812897205353,84,True,False,True,True,866.0,84,0.05,0.0032155285589396954,10000
890,40,14,5988,rule,-10.218527048826218,118,True,False,True,True,887.0,118,0.05,0.00134768255520612,10000
891,41,14,7183,rule,-0.2066914439201355,120,True,True,False,False,834.0,120,0.05,0.0059979879297316074,10000
892,42,14,5215,rule,-10.193052664399147,105,True,False,True,True,817.0,105,0.05,0.004446988459676504,10000
893,43,14,5648,rule,-10.188939303159714,110,True,False,True,True,796.0,110,0.05,0.006510100327432156,10000
894,44,14,7383,rule,-0.1365865021944046,120,True,True,False,False,585.0,120,0.05,0.0011866039130836725,10000
895,45,14,6275,rule,-0.17211948335170746,120,True,True,False,False,726.0,120,0.05,0.001805420033633709,10000
896,46,14,7458,rule,-0.1812763810157776,120,True,True,False,False,730.0,120,0.05,0.002827245043590665,10000
897,47,14,6008,rule,-0.1591133028268814,120,True,True,False,False,646.0,120,0.05,0.0015749757876619697,10000
898,48,14,5248,rule,-0.17720907926559448,120,True,True,False,False,734.0,120,0.05,0.0011155398096889257,10000
899,49,14,7195,rule,-10.184698298573494,115,True,False,True,True,787.0,115,0.05,0.003394016530364752,10000
900,0,14,5758,rule,-10.200898289680481,117,True,False,True,True,895.0,117,0.05,0.0029346193186938763,10000
901,1,14,5683,rule,-10.210738569498062,114,True,False,True,True,887.0,114,0.05,0.002771802246570587,10000
902,2,14,5808,rule,-10.149764150381088,115,True,False,True,True,635.0,115,0.05,0.002879505045711994,10000
903,3,14,7038,rule,-10.145214006304741,112,True,False,True,True,581.0,112,0.05,0.001285102218389511,10000
904,4,14,5938,rule,-0.20402561128139496,120,True,True,False,False,892.0,120,0.05,0.002150430344045162,10000
905,5,14,7000,rule,-0.15157338976860046,120,True,True,False,False,631.0,120,0.05,0.0016187119763344526,10000
906,6,14,5043,rule,-10.095352493226528,60,True,False,True,True,398.0,60,0.05,0.0010574236512184143,10000
907,7,14,7220,rule,-10.153237387537956,119,True,False,True,True,639.0,119,0.05,0.0010952758602797985,10000
908,8,14,6708,rule,-0.19297389686107635,120,True,True,False,False,791.0,120,0.05,0.0010613449849188328,10000
909,9,14,4828,rule,-10.152570873498917,97,True,False,True,True,635.0,97,0.05,0.005817951634526253,10000
910,10,14,7788,rule,-10.215126007795334,82,True,False,True,True,896.0,82,0.05,0.0021426219027489424,10000
911,11,14,5610,rule,-10.09431329369545,54,True,False,True,True,403.0,54,0.05,0.0025341068394482136,10000
912,12,14,5300,rule,-0.18373563885688782,120,True,True,False,False,784.0,120,0.05,0.0008621842716820538,10000
913,13,14,5618,rule,-10.19548685848713,66,True,False,True,True,797.0,66,0.05,0.0019076312892138958,10000
914,14,14,6778,rule,-10.184155568480492,111,True,False,True,True,795.0,111,0.05,0.0030180595349520445,10000
915,15,14,7063,rule,-10.189417883753777,108,True,False,True,True,827.0,108,0.05,0.002554957289248705,10000
916,16,14,7110,rule,-10.219055011868477,99,True,False,True,True,899.0,99,0.05,0.001492287265136838,10000
917,17,14,6668,rule,-0.17308595776557922,120,True,True,False,False,737.0,120,0.05,0.003162199631333351,10000
918,18,14,6963,rule,-10.207828179001808,112,True,False,True,True,892.0,112,0.05,0.0010871595004573464,10000
919,19,14,5978,rule,-10.198725461959839,91,True,False,True,True,811.0,91,0.05,0.0012020859867334366,10000
920,20,14,7295,rule,-10.21517151594162,107,True,False,True,True,885.0,107,0.05,0.10314349830150604,10000
921,21,14,6170,rule,-10.18469813466072,113,True,False,True,True,787.0,113,0.05,0.0010997261852025986,10000
922,22,14,6700,rule,-10.191033139824867,118,True,False,True,True,784.0,118,0.05,0.0034859098959714174,10000
923,23,14,6870,rule,-0.21015679836273193,120,True,True,False,False,898.0,120,0.05,0.003168479073792696,10000
924,24,14,6218,rule,-0.18011125922203064,120,True,True,False,False,777.0,120,0.05,0.014210718683898449,10000
925,25,14,5945,rule,-0.17511847615242004,120,True,True,False,False,739.0,120,0.05,0.0023465321864932775,10000
926,26,14,7348,rule,-10.213520556688309,98,True,False,True,True,897.0,98,0.05,0.0012441857252269983,10000
927,27,14,5093,rule,-10.166506424546242,93,True,False,True,True,694.0,93,0.05,0.0010644432622939348,10000
928,28,14,7463,rule,-0.15333804488182068,120,True,True,False,False,650.0,120,0.05,0.09151370078325272,10000
929,29,14,5658,rule,-10.186987981200218,111,True,False,True,True,799.0,111,0.05,0.0035095764324069023,10000
930,30,14,6678,rule,-10.178800657391548,73,True,False,True,True,781.0,73,0.05,0.003591088345274329,10000
931,31,14,6200,rule,-10.206214427947998,86,True,False,True,True,876.0,86,0.05,0.002258257009088993,10000
932,32,14,7530,rule,-0.12882861495018005,120,True,True,False,False,551.0,120,0.05,0.0014641308225691319,10000
933,33,14,6363,rule,-10.095260187983513,61,True,False,True,True,404.0,61,0.05,0.004571463447064161,10000
934,34,14,7608,rule,-0.14217771589756012,120,True,True,False,False,568.0,120,0.05,0.0027694690506905317,10000
935,35,14,5978,rule,-10.143840163946152,119,True,False,True,True,606.0,119,0.05,0.002163834869861603,10000
936,36,14,7130,rule,-10.19517496228218,98,True,False,True,True,801.0,98,0.05,0.003758672159165144,10000
937,37,14,7355,rule,-10.21784433722496,119,True,False,True,True,879.0,119,0.05,0.002109553897753358,10000
938,38,14,7368,rule,-0.14898821711540222,120,True,True,False,False,670.0,120,0.05,0.002694666851311922,10000
939,39,14,6168,rule,-10.209461063146591,85,True,False,True,True,890.0,85,0.05,0.0016177431680262089,10000
940,40,14,5988,rule,-10.217540934681892,119,True,False,True,True,883.0,119,0.05,0.0025728335604071617,10000
941,41,14,7183,rule,-0.21635687351226807,120,True,True,False,False,873.0,120,0.05,0.0029403511434793472,10000
942,42,14,5215,rule,-10.194234609603882,113,True,False,True,True,822.0,113,0.05,0.0023156057577580214,10000
943,43,14,5648,rule,-10.190125331282616,109,True,False,True,True,801.0,109,0.05,0.0015612600836902857,10000
944,44,14,7383,rule,-0.15549848973751068,120,True,True,False,False,666.0,120,0.05,0.0018587920349091291,10000
945,45,14,6275,rule,-0.17211948335170746,120,True,True,False,False,726.0,120,0.05,0.0051740799099206924,10000
946,46,14,7458,rule,-0.17978644371032715,120,True,True,False,False,724.0,120,0.05,0.05745679885149002,10000
947,47,14,6008,rule,-0.16009852290153503,120,True,True,False,False,650.0,120,0.05,0.00120959198102355,10000
948,48,14,5248,rule,-0.18155480921268463,120,True,True,False,False,752.0,120,0.05,0.001826407969929278,10000
949,49,14,7195,rule,-10.20535060763359,112,True,False,True,True,875.0,112,0.05,0.003621141891926527,10000
950,0,14,5758,rule,-0.2006734013557434,120,True,True,False,False,894.0,120,0.05,0.0013920346973463893,10000
951,1,14,5683,rule,-10.208838358521461,116,True,False,True,True,879.0,116,0.05,0.001751433010213077,10000
952,2,14,5808,rule,-10.210377141833305,63,True,False,True,True,892.0,63,0.05,0.0007236574310809374,10000
953,3,14,7038,rule,-10.17045721411705,89,True,False,True,True,682.0,89,0.05,0.002006090944632888,10000
954,4,14,5938,rule,-0.19053064286708832,120,True,True,False,False,833.0,120,0.05,0.002639728132635355,10000
955,5,14,7000,rule,-0.15037232637405396,120,True,True,False,False,626.0,120,0.05,0.0016015677247196436,10000
956,6,14,5043,rule,-10.153330326080322,62,True,False,True,True,640.0,62,0.05,0.003724703099578619,10000
957,7,14,7220,rule,-0.12973621487617493,120,True,True,False,False,541.0,120,0.05,0.08445902913808823,10000
958,8,14,6708,rule,-10.21883374452591,109,True,False,True,True,897.0,109,0.05,0.0018522418104112148,10000
959,9,14,4828,rule,-10.194858223199844,96,True,False,True,True,811.0,96,0.05,0.002364826388657093,10000
960,10,14,7788,rule,-10.196638226509094,77,True,False,True,True,819.0,77,0.05,0.0013224841095507145,10000
961,11,14,5610,rule,-10.089398711919785,53,True,False,True,True,382.0,53,0.05,0.004749332554638386,10000
962,12,14,5300,rule,-0.18350128829479218,120,True,True,False,False,783.0,120,0.05,0.003024493344128132,10000
963,13,14,5618,rule,-10.194505751132965,66,True,False,True,True,793.0,66,0.05,0.001421249471604824,10000
964,14,14,6778,rule,-10.184156075119972,111,True,False,True,True,795.0,111,0.05,0.00448230467736721,10000
965,15,14,7063,rule,-10.188272699713707,106,True,False,True,True,822.0,106,0.05,0.006018572486937046,10000
966,16,14,7110,rule,-10.21759258210659,99,True,False,True,True,893.0,99,0.05,0.002241494134068489,10000
967,17,14,6668,rule,-0.18013150990009308,120,True,True,False,False,767.0,120,0.05,0.009682757779955864,10000
968,18,14,6963,rule,-10.206197142601013,110,True,False,True,True,885.0,110,0.05,0.0020981745328754187,10000
969,19,14,5978,rule,-10.217103764414787,91,True,False,True,True,886.0,91,0.05,0.0021668560802936554,10000
970,20,14,7295,rule,-10.213469490408897,110,True,False,True,True,878.0,110,0.05,0.0027944291941821575,10000
971,21,14,6170,rule,-10.183994203805923,106,True,False,True,True,784.0,106,0.05,0.004185417201370001,10000
972,22,14,6700,rule,-10.18908429145813,116,True,False,True,True,776.0,116,0.05,0.0013459597248584032,10000
973,23,14,6870,rule,-10.20149776339531,119,True,False,True,True,861.0,119,0.05,0.002303632441908121,10000
974,24,14,6218,rule,-0.17987945675849915,120,True,True,False,False,776.0,120,0.05,0.001619519549421966,10000
975,25,14,5945,rule,-10.184597045183182,119,True,False,True,True,779.0,119,0.05,0.00364810973405838,10000
976,26,14,7348,rule,-10.211378052830696,95,True,False,True,True,888.0,95,0.05,0.0010041681816801429,10000
977,27,14,5093,rule,-10.170345202088356,90,True,False,True,True,710.0,90,0.05,0.0031435019336640835,10000
978,28,14,7463,rule,-10.203113675117493,119,True,False,True,True,861.0,119,0.05,0.0023995290976017714,10000
979,29,14,5658,rule,-10.201029881834984,106,True,False,True,True,859.0,106,0.05,0.005318069364875555,10000
980,30,14,6678,rule,-10.205128207802773,77,True,False,True,True,896.0,77,0.05,0.0017562939319759607,10000
981,31,14,6200,rule,-10.211629047989845,87,True,False,True,True,899.0,87,0.05,0.0037476816214621067,10000
982,32,14,7530,rule,-0.12882861495018005,120,True,True,False,False,551.0,120,0.05,0.0015428171027451754,10000
983,33,14,6363,rule,-10.088894128799438,61,True,False,True,True,377.0,61,0.05,0.0017305248184129596,10000
984,34,14,7608,rule,-0.14468085765838623,120,True,True,False,False,578.0,120,0.05,0.01597522757947445,10000
985,35,14,5978,rule,-10.145264193415642,119,True,False,True,True,612.0,119,0.05,0.13905300199985504,10000
986,36,14,7130,rule,-10.200536012649536,98,True,False,True,True,823.0,98,0.05,0.0024852047208696604,10000
987,37,14,7355,rule,-10.222304806113243,119,True,False,True,True,897.0,119,0.05,0.003658498637378216,10000
988,38,14,7368,rule,-0.15054480731487274,120,True,True,False,False,677.0,120,0.05,0.11985960602760315,10000
989,39,14,6168,rule,-10.211579397320747,87,True,False,True,True,899.0,87,0.05,0.0016563655808568,10000
990,40,14,5988,rule,-10.22099070250988,110,True,False,True,True,897.0,110,0.05,0.0010987138375639915,10000
991,41,14,7183,rule,-10.221808820962906,112,True,False,True,True,895.0,112,0.05,0.001526134554296732,10000
992,42,14,5215,rule,-10.19683350622654,111,True,False,True,True,833.0,111,0.05,0.00715795811265707,10000
993,43,14,5648,rule,-10.196771427989006,111,True,False,True,True,829.0,111,0.05,0.002039972459897399,10000
994,44,14,7383,rule,-0.1351856142282486,120,True,True,False,False,579.0,120,0.05,0.13708628714084625,10000
995,45,14,6275,rule,-0.17330488562583923,120,True,True,False,False,731.0,120,0.05,0.0012581023620441556,10000
996,46,14,7458,rule,-0.1949341893196106,120,True,True,False,False,785.0,120,0.05,0.0008519684779457748,10000
997,47,14,6008,rule,-0.16896551847457886,120,True,True,False,False,686.0,120,0.05,0.0008505504229106009,10000
998,48,14,5248,rule,-0.16972477734088898,120,True,True,False,False,703.0,120,0.05,0.0014164227759465575,10000
999,49,14,7195,rule,-10.187983840703964,115,True,False,True,True,801.0,115,0.05,0.0030131153762340546,10000
